crz_entries,time_period,toll_date,vehicle_class
76476,Overnight,2025-01-05T00:00:00.000,"1 - Cars, Pickups and Vans"
2065,Overnight,2025-01-05T00:00:00.000,2 - Single-Unit Trucks
329,Overnight,2025-01-05T00:00:00.000,3 - Multi-Unit Trucks
1067,Overnight,2025-01-05T00:00:00.000,4 - Buses
339,Overnight,2025-01-05T00:00:00.000,5 - Motorcycles
60981,Overnight,2025-01-05T00:00:00.000,TLC Taxi/FHV
177360,Peak,2025-01-05T00:00:00.000,"1 - Cars, Pickups and Vans"
3189,Peak,2025-01-05T00:00:00.000,2 - Single-Unit Trucks
286,Peak,2025-01-05T00:00:00.000,3 - Multi-Unit Trucks
2413,Peak,2025-01-05T00:00:00.000,4 - Buses
1147,Peak,2025-01-05T00:00:00.000,5 - Motorcycles
92238,Peak,2025-01-05T00:00:00.000,TLC Taxi/FHV
38391,Overnight,2025-01-06T00:00:00.000,"1 - Cars, Pickups and Vans"
2719,Overnight,2025-01-06T00:00:00.000,2 - Single-Unit Trucks
514,Overnight,2025-01-06T00:00:00.000,3 - Multi-Unit Trucks
716,Overnight,2025-01-06T00:00:00.000,4 - Buses
175,Overnight,2025-01-06T00:00:00.000,5 - Motorcycles
30208,Overnight,2025-01-06T00:00:00.000,TLC Taxi/FHV
218595,Peak,2025-01-06T00:00:00.000,"1 - Cars, Pickups and Vans"
21292,Peak,2025-01-06T00:00:00.000,2 - Single-Unit Trucks
1414,Peak,2025-01-06T00:00:00.000,3 - Multi-Unit Trucks
9106,Peak,2025-01-06T00:00:00.000,4 - Buses
1161,Peak,2025-01-06T00:00:00.000,5 - Motorcycles
113407,Peak,2025-01-06T00:00:00.000,TLC Taxi/FHV
39992,Overnight,2025-01-07T00:00:00.000,"1 - Cars, Pickups and Vans"
2804,Overnight,2025-01-07T00:00:00.000,2 - Single-Unit Trucks
475,Overnight,2025-01-07T00:00:00.000,3 - Multi-Unit Trucks
764,Overnight,2025-01-07T00:00:00.000,4 - Buses
185,Overnight,2025-01-07T00:00:00.000,5 - Motorcycles
34756,Overnight,2025-01-07T00:00:00.000,TLC Taxi/FHV
234077,Peak,2025-01-07T00:00:00.000,"1 - Cars, Pickups and Vans"
22295,Peak,2025-01-07T00:00:00.000,2 - Single-Unit Trucks
1438,Peak,2025-01-07T00:00:00.000,3 - Multi-Unit Trucks
9385,Peak,2025-01-07T00:00:00.000,4 - Buses
1259,Peak,2025-01-07T00:00:00.000,5 - Motorcycles
122391,Peak,2025-01-07T00:00:00.000,TLC Taxi/FHV
40335,Overnight,2025-01-08T00:00:00.000,"1 - Cars, Pickups and Vans"
2761,Overnight,2025-01-08T00:00:00.000,2 - Single-Unit Trucks
444,Overnight,2025-01-08T00:00:00.000,3 - Multi-Unit Trucks
758,Overnight,2025-01-08T00:00:00.000,4 - Buses
178,Overnight,2025-01-08T00:00:00.000,5 - Motorcycles
38030,Overnight,2025-01-08T00:00:00.000,TLC Taxi/FHV
236168,Peak,2025-01-08T00:00:00.000,"1 - Cars, Pickups and Vans"
21047,Peak,2025-01-08T00:00:00.000,2 - Single-Unit Trucks
1389,Peak,2025-01-08T00:00:00.000,3 - Multi-Unit Trucks
9803,Peak,2025-01-08T00:00:00.000,4 - Buses
1251,Peak,2025-01-08T00:00:00.000,5 - Motorcycles
127083,Peak,2025-01-08T00:00:00.000,TLC Taxi/FHV
40325,Overnight,2025-01-09T00:00:00.000,"1 - Cars, Pickups and Vans"
2806,Overnight,2025-01-09T00:00:00.000,2 - Single-Unit Trucks
441,Overnight,2025-01-09T00:00:00.000,3 - Multi-Unit Trucks
772,Overnight,2025-01-09T00:00:00.000,4 - Buses
214,Overnight,2025-01-09T00:00:00.000,5 - Motorcycles
42407,Overnight,2025-01-09T00:00:00.000,TLC Taxi/FHV
234691,Peak,2025-01-09T00:00:00.000,"1 - Cars, Pickups and Vans"
21648,Peak,2025-01-09T00:00:00.000,2 - Single-Unit Trucks
1404,Peak,2025-01-09T00:00:00.000,3 - Multi-Unit Trucks
9718,Peak,2025-01-09T00:00:00.000,4 - Buses
1247,Peak,2025-01-09T00:00:00.000,5 - Motorcycles
133462,Peak,2025-01-09T00:00:00.000,TLC Taxi/FHV
46688,Overnight,2025-01-10T00:00:00.000,"1 - Cars, Pickups and Vans"
2706,Overnight,2025-01-10T00:00:00.000,2 - Single-Unit Trucks
413,Overnight,2025-01-10T00:00:00.000,3 - Multi-Unit Trucks
733,Overnight,2025-01-10T00:00:00.000,4 - Buses
255,Overnight,2025-01-10T00:00:00.000,5 - Motorcycles
45771,Overnight,2025-01-10T00:00:00.000,TLC Taxi/FHV
234089,Peak,2025-01-10T00:00:00.000,"1 - Cars, Pickups and Vans"
22045,Peak,2025-01-10T00:00:00.000,2 - Single-Unit Trucks
1280,Peak,2025-01-10T00:00:00.000,3 - Multi-Unit Trucks
9087,Peak,2025-01-10T00:00:00.000,4 - Buses
1523,Peak,2025-01-10T00:00:00.000,5 - Motorcycles
128010,Peak,2025-01-10T00:00:00.000,TLC Taxi/FHV
88514,Overnight,2025-01-11T00:00:00.000,"1 - Cars, Pickups and Vans"
4513,Overnight,2025-01-11T00:00:00.000,2 - Single-Unit Trucks
443,Overnight,2025-01-11T00:00:00.000,3 - Multi-Unit Trucks
1380,Overnight,2025-01-11T00:00:00.000,4 - Buses
388,Overnight,2025-01-11T00:00:00.000,5 - Motorcycles
75961,Overnight,2025-01-11T00:00:00.000,TLC Taxi/FHV
171588,Peak,2025-01-11T00:00:00.000,"1 - Cars, Pickups and Vans"
5116,Peak,2025-01-11T00:00:00.000,2 - Single-Unit Trucks
335,Peak,2025-01-11T00:00:00.000,3 - Multi-Unit Trucks
2928,Peak,2025-01-11T00:00:00.000,4 - Buses
1226,Peak,2025-01-11T00:00:00.000,5 - Motorcycles
107980,Peak,2025-01-11T00:00:00.000,TLC Taxi/FHV
75504,Overnight,2025-01-12T00:00:00.000,"1 - Cars, Pickups and Vans"
2112,Overnight,2025-01-12T00:00:00.000,2 - Single-Unit Trucks
240,Overnight,2025-01-12T00:00:00.000,3 - Multi-Unit Trucks
1297,Overnight,2025-01-12T00:00:00.000,4 - Buses
344,Overnight,2025-01-12T00:00:00.000,5 - Motorcycles
69698,Overnight,2025-01-12T00:00:00.000,TLC Taxi/FHV
166333,Peak,2025-01-12T00:00:00.000,"1 - Cars, Pickups and Vans"
2742,Peak,2025-01-12T00:00:00.000,2 - Single-Unit Trucks
219,Peak,2025-01-12T00:00:00.000,3 - Multi-Unit Trucks
2645,Peak,2025-01-12T00:00:00.000,4 - Buses
1267,Peak,2025-01-12T00:00:00.000,5 - Motorcycles
97629,Peak,2025-01-12T00:00:00.000,TLC Taxi/FHV
38182,Overnight,2025-01-13T00:00:00.000,"1 - Cars, Pickups and Vans"
2663,Overnight,2025-01-13T00:00:00.000,2 - Single-Unit Trucks
407,Overnight,2025-01-13T00:00:00.000,3 - Multi-Unit Trucks
830,Overnight,2025-01-13T00:00:00.000,4 - Buses
241,Overnight,2025-01-13T00:00:00.000,5 - Motorcycles
32547,Overnight,2025-01-13T00:00:00.000,TLC Taxi/FHV
227166,Peak,2025-01-13T00:00:00.000,"1 - Cars, Pickups and Vans"
21493,Peak,2025-01-13T00:00:00.000,2 - Single-Unit Trucks
1177,Peak,2025-01-13T00:00:00.000,3 - Multi-Unit Trucks
9794,Peak,2025-01-13T00:00:00.000,4 - Buses
1527,Peak,2025-01-13T00:00:00.000,5 - Motorcycles
124580,Peak,2025-01-13T00:00:00.000,TLC Taxi/FHV
39637,Overnight,2025-01-14T00:00:00.000,"1 - Cars, Pickups and Vans"
2901,Overnight,2025-01-14T00:00:00.000,2 - Single-Unit Trucks
454,Overnight,2025-01-14T00:00:00.000,3 - Multi-Unit Trucks
933,Overnight,2025-01-14T00:00:00.000,4 - Buses
180,Overnight,2025-01-14T00:00:00.000,5 - Motorcycles
37506,Overnight,2025-01-14T00:00:00.000,TLC Taxi/FHV
234352,Peak,2025-01-14T00:00:00.000,"1 - Cars, Pickups and Vans"
22115,Peak,2025-01-14T00:00:00.000,2 - Single-Unit Trucks
1258,Peak,2025-01-14T00:00:00.000,3 - Multi-Unit Trucks
9674,Peak,2025-01-14T00:00:00.000,4 - Buses
1459,Peak,2025-01-14T00:00:00.000,5 - Motorcycles
131357,Peak,2025-01-14T00:00:00.000,TLC Taxi/FHV
41319,Overnight,2025-01-15T00:00:00.000,"1 - Cars, Pickups and Vans"
2786,Overnight,2025-01-15T00:00:00.000,2 - Single-Unit Trucks
394,Overnight,2025-01-15T00:00:00.000,3 - Multi-Unit Trucks
843,Overnight,2025-01-15T00:00:00.000,4 - Buses
216,Overnight,2025-01-15T00:00:00.000,5 - Motorcycles
41748,Overnight,2025-01-15T00:00:00.000,TLC Taxi/FHV
237498,Peak,2025-01-15T00:00:00.000,"1 - Cars, Pickups and Vans"
21945,Peak,2025-01-15T00:00:00.000,2 - Single-Unit Trucks
1283,Peak,2025-01-15T00:00:00.000,3 - Multi-Unit Trucks
9746,Peak,2025-01-15T00:00:00.000,4 - Buses
1421,Peak,2025-01-15T00:00:00.000,5 - Motorcycles
138385,Peak,2025-01-15T00:00:00.000,TLC Taxi/FHV
42679,Overnight,2025-01-16T00:00:00.000,"1 - Cars, Pickups and Vans"
2905,Overnight,2025-01-16T00:00:00.000,2 - Single-Unit Trucks
412,Overnight,2025-01-16T00:00:00.000,3 - Multi-Unit Trucks
823,Overnight,2025-01-16T00:00:00.000,4 - Buses
209,Overnight,2025-01-16T00:00:00.000,5 - Motorcycles
47163,Overnight,2025-01-16T00:00:00.000,TLC Taxi/FHV
240137,Peak,2025-01-16T00:00:00.000,"1 - Cars, Pickups and Vans"
22033,Peak,2025-01-16T00:00:00.000,2 - Single-Unit Trucks
1268,Peak,2025-01-16T00:00:00.000,3 - Multi-Unit Trucks
9770,Peak,2025-01-16T00:00:00.000,4 - Buses
1513,Peak,2025-01-16T00:00:00.000,5 - Motorcycles
144432,Peak,2025-01-16T00:00:00.000,TLC Taxi/FHV
48968,Overnight,2025-01-17T00:00:00.000,"1 - Cars, Pickups and Vans"
2751,Overnight,2025-01-17T00:00:00.000,2 - Single-Unit Trucks
419,Overnight,2025-01-17T00:00:00.000,3 - Multi-Unit Trucks
821,Overnight,2025-01-17T00:00:00.000,4 - Buses
250,Overnight,2025-01-17T00:00:00.000,5 - Motorcycles
47638,Overnight,2025-01-17T00:00:00.000,TLC Taxi/FHV
237980,Peak,2025-01-17T00:00:00.000,"1 - Cars, Pickups and Vans"
22451,Peak,2025-01-17T00:00:00.000,2 - Single-Unit Trucks
1289,Peak,2025-01-17T00:00:00.000,3 - Multi-Unit Trucks
9376,Peak,2025-01-17T00:00:00.000,4 - Buses
1542,Peak,2025-01-17T00:00:00.000,5 - Motorcycles
134866,Peak,2025-01-17T00:00:00.000,TLC Taxi/FHV
89517,Overnight,2025-01-18T00:00:00.000,"1 - Cars, Pickups and Vans"
4595,Overnight,2025-01-18T00:00:00.000,2 - Single-Unit Trucks
441,Overnight,2025-01-18T00:00:00.000,3 - Multi-Unit Trucks
1537,Overnight,2025-01-18T00:00:00.000,4 - Buses
422,Overnight,2025-01-18T00:00:00.000,5 - Motorcycles
76629,Overnight,2025-01-18T00:00:00.000,TLC Taxi/FHV
175326,Peak,2025-01-18T00:00:00.000,"1 - Cars, Pickups and Vans"
5205,Peak,2025-01-18T00:00:00.000,2 - Single-Unit Trucks
325,Peak,2025-01-18T00:00:00.000,3 - Multi-Unit Trucks
3183,Peak,2025-01-18T00:00:00.000,4 - Buses
1129,Peak,2025-01-18T00:00:00.000,5 - Motorcycles
106335,Peak,2025-01-18T00:00:00.000,TLC Taxi/FHV
65079,Overnight,2025-01-19T00:00:00.000,"1 - Cars, Pickups and Vans"
2219,Overnight,2025-01-19T00:00:00.000,2 - Single-Unit Trucks
213,Overnight,2025-01-19T00:00:00.000,3 - Multi-Unit Trucks
1191,Overnight,2025-01-19T00:00:00.000,4 - Buses
289,Overnight,2025-01-19T00:00:00.000,5 - Motorcycles
65510,Overnight,2025-01-19T00:00:00.000,TLC Taxi/FHV
126092,Peak,2025-01-19T00:00:00.000,"1 - Cars, Pickups and Vans"
2896,Peak,2025-01-19T00:00:00.000,2 - Single-Unit Trucks
168,Peak,2025-01-19T00:00:00.000,3 - Multi-Unit Trucks
2289,Peak,2025-01-19T00:00:00.000,4 - Buses
762,Peak,2025-01-19T00:00:00.000,5 - Motorcycles
85857,Peak,2025-01-19T00:00:00.000,TLC Taxi/FHV
35427,Overnight,2025-01-20T00:00:00.000,"1 - Cars, Pickups and Vans"
1882,Overnight,2025-01-20T00:00:00.000,2 - Single-Unit Trucks
206,Overnight,2025-01-20T00:00:00.000,3 - Multi-Unit Trucks
719,Overnight,2025-01-20T00:00:00.000,4 - Buses
199,Overnight,2025-01-20T00:00:00.000,5 - Motorcycles
32783,Overnight,2025-01-20T00:00:00.000,TLC Taxi/FHV
176748,Peak,2025-01-20T00:00:00.000,"1 - Cars, Pickups and Vans"
13586,Peak,2025-01-20T00:00:00.000,2 - Single-Unit Trucks
888,Peak,2025-01-20T00:00:00.000,3 - Multi-Unit Trucks
5289,Peak,2025-01-20T00:00:00.000,4 - Buses
868,Peak,2025-01-20T00:00:00.000,5 - Motorcycles
106899,Peak,2025-01-20T00:00:00.000,TLC Taxi/FHV
41484,Overnight,2025-01-21T00:00:00.000,"1 - Cars, Pickups and Vans"
2691,Overnight,2025-01-21T00:00:00.000,2 - Single-Unit Trucks
311,Overnight,2025-01-21T00:00:00.000,3 - Multi-Unit Trucks
789,Overnight,2025-01-21T00:00:00.000,4 - Buses
166,Overnight,2025-01-21T00:00:00.000,5 - Motorcycles
37799,Overnight,2025-01-21T00:00:00.000,TLC Taxi/FHV
235190,Peak,2025-01-21T00:00:00.000,"1 - Cars, Pickups and Vans"
21301,Peak,2025-01-21T00:00:00.000,2 - Single-Unit Trucks
1087,Peak,2025-01-21T00:00:00.000,3 - Multi-Unit Trucks
9541,Peak,2025-01-21T00:00:00.000,4 - Buses
924,Peak,2025-01-21T00:00:00.000,5 - Motorcycles
136152,Peak,2025-01-21T00:00:00.000,TLC Taxi/FHV
41720,Overnight,2025-01-22T00:00:00.000,"1 - Cars, Pickups and Vans"
2796,Overnight,2025-01-22T00:00:00.000,2 - Single-Unit Trucks
338,Overnight,2025-01-22T00:00:00.000,3 - Multi-Unit Trucks
795,Overnight,2025-01-22T00:00:00.000,4 - Buses
172,Overnight,2025-01-22T00:00:00.000,5 - Motorcycles
41293,Overnight,2025-01-22T00:00:00.000,TLC Taxi/FHV
238746,Peak,2025-01-22T00:00:00.000,"1 - Cars, Pickups and Vans"
21273,Peak,2025-01-22T00:00:00.000,2 - Single-Unit Trucks
1032,Peak,2025-01-22T00:00:00.000,3 - Multi-Unit Trucks
9796,Peak,2025-01-22T00:00:00.000,4 - Buses
1003,Peak,2025-01-22T00:00:00.000,5 - Motorcycles
138804,Peak,2025-01-22T00:00:00.000,TLC Taxi/FHV
42985,Overnight,2025-01-23T00:00:00.000,"1 - Cars, Pickups and Vans"
2756,Overnight,2025-01-23T00:00:00.000,2 - Single-Unit Trucks
361,Overnight,2025-01-23T00:00:00.000,3 - Multi-Unit Trucks
803,Overnight,2025-01-23T00:00:00.000,4 - Buses
181,Overnight,2025-01-23T00:00:00.000,5 - Motorcycles
46454,Overnight,2025-01-23T00:00:00.000,TLC Taxi/FHV
243822,Peak,2025-01-23T00:00:00.000,"1 - Cars, Pickups and Vans"
21830,Peak,2025-01-23T00:00:00.000,2 - Single-Unit Trucks
1155,Peak,2025-01-23T00:00:00.000,3 - Multi-Unit Trucks
9846,Peak,2025-01-23T00:00:00.000,4 - Buses
1245,Peak,2025-01-23T00:00:00.000,5 - Motorcycles
145371,Peak,2025-01-23T00:00:00.000,TLC Taxi/FHV
49228,Overnight,2025-01-24T00:00:00.000,"1 - Cars, Pickups and Vans"
2813,Overnight,2025-01-24T00:00:00.000,2 - Single-Unit Trucks
362,Overnight,2025-01-24T00:00:00.000,3 - Multi-Unit Trucks
818,Overnight,2025-01-24T00:00:00.000,4 - Buses
263,Overnight,2025-01-24T00:00:00.000,5 - Motorcycles
48168,Overnight,2025-01-24T00:00:00.000,TLC Taxi/FHV
236837,Peak,2025-01-24T00:00:00.000,"1 - Cars, Pickups and Vans"
22056,Peak,2025-01-24T00:00:00.000,2 - Single-Unit Trucks
1145,Peak,2025-01-24T00:00:00.000,3 - Multi-Unit Trucks
9509,Peak,2025-01-24T00:00:00.000,4 - Buses
1348,Peak,2025-01-24T00:00:00.000,5 - Motorcycles
137239,Peak,2025-01-24T00:00:00.000,TLC Taxi/FHV
94193,Overnight,2025-01-25T00:00:00.000,"1 - Cars, Pickups and Vans"
4769,Overnight,2025-01-25T00:00:00.000,2 - Single-Unit Trucks
490,Overnight,2025-01-25T00:00:00.000,3 - Multi-Unit Trucks
1527,Overnight,2025-01-25T00:00:00.000,4 - Buses
389,Overnight,2025-01-25T00:00:00.000,5 - Motorcycles
79959,Overnight,2025-01-25T00:00:00.000,TLC Taxi/FHV
189259,Peak,2025-01-25T00:00:00.000,"1 - Cars, Pickups and Vans"
5602,Peak,2025-01-25T00:00:00.000,2 - Single-Unit Trucks
374,Peak,2025-01-25T00:00:00.000,3 - Multi-Unit Trucks
3215,Peak,2025-01-25T00:00:00.000,4 - Buses
1215,Peak,2025-01-25T00:00:00.000,5 - Motorcycles
111137,Peak,2025-01-25T00:00:00.000,TLC Taxi/FHV
76971,Overnight,2025-01-26T00:00:00.000,"1 - Cars, Pickups and Vans"
2212,Overnight,2025-01-26T00:00:00.000,2 - Single-Unit Trucks
246,Overnight,2025-01-26T00:00:00.000,3 - Multi-Unit Trucks
1285,Overnight,2025-01-26T00:00:00.000,4 - Buses
345,Overnight,2025-01-26T00:00:00.000,5 - Motorcycles
72066,Overnight,2025-01-26T00:00:00.000,TLC Taxi/FHV
170138,Peak,2025-01-26T00:00:00.000,"1 - Cars, Pickups and Vans"
2852,Peak,2025-01-26T00:00:00.000,2 - Single-Unit Trucks
236,Peak,2025-01-26T00:00:00.000,3 - Multi-Unit Trucks
2636,Peak,2025-01-26T00:00:00.000,4 - Buses
1125,Peak,2025-01-26T00:00:00.000,5 - Motorcycles
101814,Peak,2025-01-26T00:00:00.000,TLC Taxi/FHV
39259,Overnight,2025-01-27T00:00:00.000,"1 - Cars, Pickups and Vans"
2717,Overnight,2025-01-27T00:00:00.000,2 - Single-Unit Trucks
377,Overnight,2025-01-27T00:00:00.000,3 - Multi-Unit Trucks
822,Overnight,2025-01-27T00:00:00.000,4 - Buses
187,Overnight,2025-01-27T00:00:00.000,5 - Motorcycles
33129,Overnight,2025-01-27T00:00:00.000,TLC Taxi/FHV
227019,Peak,2025-01-27T00:00:00.000,"1 - Cars, Pickups and Vans"
21753,Peak,2025-01-27T00:00:00.000,2 - Single-Unit Trucks
1226,Peak,2025-01-27T00:00:00.000,3 - Multi-Unit Trucks
9638,Peak,2025-01-27T00:00:00.000,4 - Buses
1285,Peak,2025-01-27T00:00:00.000,5 - Motorcycles
128769,Peak,2025-01-27T00:00:00.000,TLC Taxi/FHV
41038,Overnight,2025-01-28T00:00:00.000,"1 - Cars, Pickups and Vans"
2822,Overnight,2025-01-28T00:00:00.000,2 - Single-Unit Trucks
397,Overnight,2025-01-28T00:00:00.000,3 - Multi-Unit Trucks
886,Overnight,2025-01-28T00:00:00.000,4 - Buses
184,Overnight,2025-01-28T00:00:00.000,5 - Motorcycles
38703,Overnight,2025-01-28T00:00:00.000,TLC Taxi/FHV
235871,Peak,2025-01-28T00:00:00.000,"1 - Cars, Pickups and Vans"
22161,Peak,2025-01-28T00:00:00.000,2 - Single-Unit Trucks
1178,Peak,2025-01-28T00:00:00.000,3 - Multi-Unit Trucks
9767,Peak,2025-01-28T00:00:00.000,4 - Buses
1417,Peak,2025-01-28T00:00:00.000,5 - Motorcycles
134268,Peak,2025-01-28T00:00:00.000,TLC Taxi/FHV
41766,Overnight,2025-01-29T00:00:00.000,"1 - Cars, Pickups and Vans"
2971,Overnight,2025-01-29T00:00:00.000,2 - Single-Unit Trucks
390,Overnight,2025-01-29T00:00:00.000,3 - Multi-Unit Trucks
823,Overnight,2025-01-29T00:00:00.000,4 - Buses
205,Overnight,2025-01-29T00:00:00.000,5 - Motorcycles
42986,Overnight,2025-01-29T00:00:00.000,TLC Taxi/FHV
238485,Peak,2025-01-29T00:00:00.000,"1 - Cars, Pickups and Vans"
21402,Peak,2025-01-29T00:00:00.000,2 - Single-Unit Trucks
1153,Peak,2025-01-29T00:00:00.000,3 - Multi-Unit Trucks
7633,Peak,2025-01-29T00:00:00.000,4 - Buses
1544,Peak,2025-01-29T00:00:00.000,5 - Motorcycles
139579,Peak,2025-01-29T00:00:00.000,TLC Taxi/FHV
43637,Overnight,2025-01-30T00:00:00.000,"1 - Cars, Pickups and Vans"
3157,Overnight,2025-01-30T00:00:00.000,2 - Single-Unit Trucks
432,Overnight,2025-01-30T00:00:00.000,3 - Multi-Unit Trucks
821,Overnight,2025-01-30T00:00:00.000,4 - Buses
230,Overnight,2025-01-30T00:00:00.000,5 - Motorcycles
48394,Overnight,2025-01-30T00:00:00.000,TLC Taxi/FHV
245326,Peak,2025-01-30T00:00:00.000,"1 - Cars, Pickups and Vans"
22743,Peak,2025-01-30T00:00:00.000,2 - Single-Unit Trucks
1147,Peak,2025-01-30T00:00:00.000,3 - Multi-Unit Trucks
9952,Peak,2025-01-30T00:00:00.000,4 - Buses
1452,Peak,2025-01-30T00:00:00.000,5 - Motorcycles
145247,Peak,2025-01-30T00:00:00.000,TLC Taxi/FHV
47690,Overnight,2025-01-31T00:00:00.000,"1 - Cars, Pickups and Vans"
2973,Overnight,2025-01-31T00:00:00.000,2 - Single-Unit Trucks
421,Overnight,2025-01-31T00:00:00.000,3 - Multi-Unit Trucks
822,Overnight,2025-01-31T00:00:00.000,4 - Buses
270,Overnight,2025-01-31T00:00:00.000,5 - Motorcycles
49046,Overnight,2025-01-31T00:00:00.000,TLC Taxi/FHV
232563,Peak,2025-01-31T00:00:00.000,"1 - Cars, Pickups and Vans"
22448,Peak,2025-01-31T00:00:00.000,2 - Single-Unit Trucks
1175,Peak,2025-01-31T00:00:00.000,3 - Multi-Unit Trucks
9421,Peak,2025-01-31T00:00:00.000,4 - Buses
1391,Peak,2025-01-31T00:00:00.000,5 - Motorcycles
136796,Peak,2025-01-31T00:00:00.000,TLC Taxi/FHV
92090,Overnight,2025-02-01T00:00:00.000,"1 - Cars, Pickups and Vans"
4998,Overnight,2025-02-01T00:00:00.000,2 - Single-Unit Trucks
491,Overnight,2025-02-01T00:00:00.000,3 - Multi-Unit Trucks
1469,Overnight,2025-02-01T00:00:00.000,4 - Buses
455,Overnight,2025-02-01T00:00:00.000,5 - Motorcycles
79577,Overnight,2025-02-01T00:00:00.000,TLC Taxi/FHV
181980,Peak,2025-02-01T00:00:00.000,"1 - Cars, Pickups and Vans"
5547,Peak,2025-02-01T00:00:00.000,2 - Single-Unit Trucks
347,Peak,2025-02-01T00:00:00.000,3 - Multi-Unit Trucks
3131,Peak,2025-02-01T00:00:00.000,4 - Buses
1278,Peak,2025-02-01T00:00:00.000,5 - Motorcycles
108191,Peak,2025-02-01T00:00:00.000,TLC Taxi/FHV
76770,Overnight,2025-02-02T00:00:00.000,"1 - Cars, Pickups and Vans"
2399,Overnight,2025-02-02T00:00:00.000,2 - Single-Unit Trucks
239,Overnight,2025-02-02T00:00:00.000,3 - Multi-Unit Trucks
1327,Overnight,2025-02-02T00:00:00.000,4 - Buses
323,Overnight,2025-02-02T00:00:00.000,5 - Motorcycles
71806,Overnight,2025-02-02T00:00:00.000,TLC Taxi/FHV
174380,Peak,2025-02-02T00:00:00.000,"1 - Cars, Pickups and Vans"
3158,Peak,2025-02-02T00:00:00.000,2 - Single-Unit Trucks
223,Peak,2025-02-02T00:00:00.000,3 - Multi-Unit Trucks
2699,Peak,2025-02-02T00:00:00.000,4 - Buses
984,Peak,2025-02-02T00:00:00.000,5 - Motorcycles
100305,Peak,2025-02-02T00:00:00.000,TLC Taxi/FHV
38613,Overnight,2025-02-03T00:00:00.000,"1 - Cars, Pickups and Vans"
2776,Overnight,2025-02-03T00:00:00.000,2 - Single-Unit Trucks
351,Overnight,2025-02-03T00:00:00.000,3 - Multi-Unit Trucks
840,Overnight,2025-02-03T00:00:00.000,4 - Buses
230,Overnight,2025-02-03T00:00:00.000,5 - Motorcycles
33960,Overnight,2025-02-03T00:00:00.000,TLC Taxi/FHV
226274,Peak,2025-02-03T00:00:00.000,"1 - Cars, Pickups and Vans"
21825,Peak,2025-02-03T00:00:00.000,2 - Single-Unit Trucks
1131,Peak,2025-02-03T00:00:00.000,3 - Multi-Unit Trucks
9902,Peak,2025-02-03T00:00:00.000,4 - Buses
1318,Peak,2025-02-03T00:00:00.000,5 - Motorcycles
129179,Peak,2025-02-03T00:00:00.000,TLC Taxi/FHV
39873,Overnight,2025-02-04T00:00:00.000,"1 - Cars, Pickups and Vans"
2945,Overnight,2025-02-04T00:00:00.000,2 - Single-Unit Trucks
426,Overnight,2025-02-04T00:00:00.000,3 - Multi-Unit Trucks
902,Overnight,2025-02-04T00:00:00.000,4 - Buses
230,Overnight,2025-02-04T00:00:00.000,5 - Motorcycles
40273,Overnight,2025-02-04T00:00:00.000,TLC Taxi/FHV
239094,Peak,2025-02-04T00:00:00.000,"1 - Cars, Pickups and Vans"
22387,Peak,2025-02-04T00:00:00.000,2 - Single-Unit Trucks
1249,Peak,2025-02-04T00:00:00.000,3 - Multi-Unit Trucks
9775,Peak,2025-02-04T00:00:00.000,4 - Buses
1558,Peak,2025-02-04T00:00:00.000,5 - Motorcycles
136681,Peak,2025-02-04T00:00:00.000,TLC Taxi/FHV
40588,Overnight,2025-02-05T00:00:00.000,"1 - Cars, Pickups and Vans"
2888,Overnight,2025-02-05T00:00:00.000,2 - Single-Unit Trucks
414,Overnight,2025-02-05T00:00:00.000,3 - Multi-Unit Trucks
823,Overnight,2025-02-05T00:00:00.000,4 - Buses
212,Overnight,2025-02-05T00:00:00.000,5 - Motorcycles
44547,Overnight,2025-02-05T00:00:00.000,TLC Taxi/FHV
238688,Peak,2025-02-05T00:00:00.000,"1 - Cars, Pickups and Vans"
22355,Peak,2025-02-05T00:00:00.000,2 - Single-Unit Trucks
1213,Peak,2025-02-05T00:00:00.000,3 - Multi-Unit Trucks
9576,Peak,2025-02-05T00:00:00.000,4 - Buses
1432,Peak,2025-02-05T00:00:00.000,5 - Motorcycles
143618,Peak,2025-02-05T00:00:00.000,TLC Taxi/FHV
39739,Overnight,2025-02-06T00:00:00.000,"1 - Cars, Pickups and Vans"
2867,Overnight,2025-02-06T00:00:00.000,2 - Single-Unit Trucks
314,Overnight,2025-02-06T00:00:00.000,3 - Multi-Unit Trucks
785,Overnight,2025-02-06T00:00:00.000,4 - Buses
241,Overnight,2025-02-06T00:00:00.000,5 - Motorcycles
46793,Overnight,2025-02-06T00:00:00.000,TLC Taxi/FHV
214102,Peak,2025-02-06T00:00:00.000,"1 - Cars, Pickups and Vans"
20472,Peak,2025-02-06T00:00:00.000,2 - Single-Unit Trucks
1000,Peak,2025-02-06T00:00:00.000,3 - Multi-Unit Trucks
9203,Peak,2025-02-06T00:00:00.000,4 - Buses
999,Peak,2025-02-06T00:00:00.000,5 - Motorcycles
144471,Peak,2025-02-06T00:00:00.000,TLC Taxi/FHV
47131,Overnight,2025-02-07T00:00:00.000,"1 - Cars, Pickups and Vans"
2728,Overnight,2025-02-07T00:00:00.000,2 - Single-Unit Trucks
350,Overnight,2025-02-07T00:00:00.000,3 - Multi-Unit Trucks
792,Overnight,2025-02-07T00:00:00.000,4 - Buses
302,Overnight,2025-02-07T00:00:00.000,5 - Motorcycles
49147,Overnight,2025-02-07T00:00:00.000,TLC Taxi/FHV
241259,Peak,2025-02-07T00:00:00.000,"1 - Cars, Pickups and Vans"
22757,Peak,2025-02-07T00:00:00.000,2 - Single-Unit Trucks
1247,Peak,2025-02-07T00:00:00.000,3 - Multi-Unit Trucks
9343,Peak,2025-02-07T00:00:00.000,4 - Buses
1529,Peak,2025-02-07T00:00:00.000,5 - Motorcycles
138930,Peak,2025-02-07T00:00:00.000,TLC Taxi/FHV
78496,Overnight,2025-02-08T00:00:00.000,"1 - Cars, Pickups and Vans"
4970,Overnight,2025-02-08T00:00:00.000,2 - Single-Unit Trucks
469,Overnight,2025-02-08T00:00:00.000,3 - Multi-Unit Trucks
1290,Overnight,2025-02-08T00:00:00.000,4 - Buses
281,Overnight,2025-02-08T00:00:00.000,5 - Motorcycles
71255,Overnight,2025-02-08T00:00:00.000,TLC Taxi/FHV
171282,Peak,2025-02-08T00:00:00.000,"1 - Cars, Pickups and Vans"
5434,Peak,2025-02-08T00:00:00.000,2 - Single-Unit Trucks
367,Peak,2025-02-08T00:00:00.000,3 - Multi-Unit Trucks
2685,Peak,2025-02-08T00:00:00.000,4 - Buses
1193,Peak,2025-02-08T00:00:00.000,5 - Motorcycles
109578,Peak,2025-02-08T00:00:00.000,TLC Taxi/FHV
64461,Overnight,2025-02-09T00:00:00.000,"1 - Cars, Pickups and Vans"
2290,Overnight,2025-02-09T00:00:00.000,2 - Single-Unit Trucks
188,Overnight,2025-02-09T00:00:00.000,3 - Multi-Unit Trucks
995,Overnight,2025-02-09T00:00:00.000,4 - Buses
270,Overnight,2025-02-09T00:00:00.000,5 - Motorcycles
66858,Overnight,2025-02-09T00:00:00.000,TLC Taxi/FHV
131640,Peak,2025-02-09T00:00:00.000,"1 - Cars, Pickups and Vans"
2910,Peak,2025-02-09T00:00:00.000,2 - Single-Unit Trucks
183,Peak,2025-02-09T00:00:00.000,3 - Multi-Unit Trucks
2314,Peak,2025-02-09T00:00:00.000,4 - Buses
1011,Peak,2025-02-09T00:00:00.000,5 - Motorcycles
97674,Peak,2025-02-09T00:00:00.000,TLC Taxi/FHV
38808,Overnight,2025-02-10T00:00:00.000,"1 - Cars, Pickups and Vans"
2701,Overnight,2025-02-10T00:00:00.000,2 - Single-Unit Trucks
333,Overnight,2025-02-10T00:00:00.000,3 - Multi-Unit Trucks
783,Overnight,2025-02-10T00:00:00.000,4 - Buses
206,Overnight,2025-02-10T00:00:00.000,5 - Motorcycles
36493,Overnight,2025-02-10T00:00:00.000,TLC Taxi/FHV
225751,Peak,2025-02-10T00:00:00.000,"1 - Cars, Pickups and Vans"
21294,Peak,2025-02-10T00:00:00.000,2 - Single-Unit Trucks
1058,Peak,2025-02-10T00:00:00.000,3 - Multi-Unit Trucks
9314,Peak,2025-02-10T00:00:00.000,4 - Buses
1290,Peak,2025-02-10T00:00:00.000,5 - Motorcycles
131903,Peak,2025-02-10T00:00:00.000,TLC Taxi/FHV
35705,Overnight,2025-02-11T00:00:00.000,"1 - Cars, Pickups and Vans"
2897,Overnight,2025-02-11T00:00:00.000,2 - Single-Unit Trucks
357,Overnight,2025-02-11T00:00:00.000,3 - Multi-Unit Trucks
747,Overnight,2025-02-11T00:00:00.000,4 - Buses
145,Overnight,2025-02-11T00:00:00.000,5 - Motorcycles
37122,Overnight,2025-02-11T00:00:00.000,TLC Taxi/FHV
231942,Peak,2025-02-11T00:00:00.000,"1 - Cars, Pickups and Vans"
22439,Peak,2025-02-11T00:00:00.000,2 - Single-Unit Trucks
1157,Peak,2025-02-11T00:00:00.000,3 - Multi-Unit Trucks
9533,Peak,2025-02-11T00:00:00.000,4 - Buses
1279,Peak,2025-02-11T00:00:00.000,5 - Motorcycles
137938,Peak,2025-02-11T00:00:00.000,TLC Taxi/FHV
36764,Overnight,2025-02-12T00:00:00.000,"1 - Cars, Pickups and Vans"
2822,Overnight,2025-02-12T00:00:00.000,2 - Single-Unit Trucks
348,Overnight,2025-02-12T00:00:00.000,3 - Multi-Unit Trucks
789,Overnight,2025-02-12T00:00:00.000,4 - Buses
166,Overnight,2025-02-12T00:00:00.000,5 - Motorcycles
41947,Overnight,2025-02-12T00:00:00.000,TLC Taxi/FHV
223826,Peak,2025-02-12T00:00:00.000,"1 - Cars, Pickups and Vans"
21552,Peak,2025-02-12T00:00:00.000,2 - Single-Unit Trucks
1028,Peak,2025-02-12T00:00:00.000,3 - Multi-Unit Trucks
9533,Peak,2025-02-12T00:00:00.000,4 - Buses
1214,Peak,2025-02-12T00:00:00.000,5 - Motorcycles
143113,Peak,2025-02-12T00:00:00.000,TLC Taxi/FHV
41930,Overnight,2025-02-13T00:00:00.000,"1 - Cars, Pickups and Vans"
2993,Overnight,2025-02-13T00:00:00.000,2 - Single-Unit Trucks
408,Overnight,2025-02-13T00:00:00.000,3 - Multi-Unit Trucks
839,Overnight,2025-02-13T00:00:00.000,4 - Buses
233,Overnight,2025-02-13T00:00:00.000,5 - Motorcycles
47822,Overnight,2025-02-13T00:00:00.000,TLC Taxi/FHV
239482,Peak,2025-02-13T00:00:00.000,"1 - Cars, Pickups and Vans"
21913,Peak,2025-02-13T00:00:00.000,2 - Single-Unit Trucks
1105,Peak,2025-02-13T00:00:00.000,3 - Multi-Unit Trucks
9661,Peak,2025-02-13T00:00:00.000,4 - Buses
1278,Peak,2025-02-13T00:00:00.000,5 - Motorcycles
144055,Peak,2025-02-13T00:00:00.000,TLC Taxi/FHV
54444,Overnight,2025-02-14T00:00:00.000,"1 - Cars, Pickups and Vans"
3040,Overnight,2025-02-14T00:00:00.000,2 - Single-Unit Trucks
402,Overnight,2025-02-14T00:00:00.000,3 - Multi-Unit Trucks
786,Overnight,2025-02-14T00:00:00.000,4 - Buses
305,Overnight,2025-02-14T00:00:00.000,5 - Motorcycles
52474,Overnight,2025-02-14T00:00:00.000,TLC Taxi/FHV
252541,Peak,2025-02-14T00:00:00.000,"1 - Cars, Pickups and Vans"
22517,Peak,2025-02-14T00:00:00.000,2 - Single-Unit Trucks
1203,Peak,2025-02-14T00:00:00.000,3 - Multi-Unit Trucks
9139,Peak,2025-02-14T00:00:00.000,4 - Buses
1566,Peak,2025-02-14T00:00:00.000,5 - Motorcycles
135207,Peak,2025-02-14T00:00:00.000,TLC Taxi/FHV
85095,Overnight,2025-02-15T00:00:00.000,"1 - Cars, Pickups and Vans"
4684,Overnight,2025-02-15T00:00:00.000,2 - Single-Unit Trucks
520,Overnight,2025-02-15T00:00:00.000,3 - Multi-Unit Trucks
1466,Overnight,2025-02-15T00:00:00.000,4 - Buses
318,Overnight,2025-02-15T00:00:00.000,5 - Motorcycles
78360,Overnight,2025-02-15T00:00:00.000,TLC Taxi/FHV
163219,Peak,2025-02-15T00:00:00.000,"1 - Cars, Pickups and Vans"
5400,Peak,2025-02-15T00:00:00.000,2 - Single-Unit Trucks
416,Peak,2025-02-15T00:00:00.000,3 - Multi-Unit Trucks
2778,Peak,2025-02-15T00:00:00.000,4 - Buses
943,Peak,2025-02-15T00:00:00.000,5 - Motorcycles
107101,Peak,2025-02-15T00:00:00.000,TLC Taxi/FHV
69053,Overnight,2025-02-16T00:00:00.000,"1 - Cars, Pickups and Vans"
2151,Overnight,2025-02-16T00:00:00.000,2 - Single-Unit Trucks
249,Overnight,2025-02-16T00:00:00.000,3 - Multi-Unit Trucks
1233,Overnight,2025-02-16T00:00:00.000,4 - Buses
303,Overnight,2025-02-16T00:00:00.000,5 - Motorcycles
68214,Overnight,2025-02-16T00:00:00.000,TLC Taxi/FHV
156804,Peak,2025-02-16T00:00:00.000,"1 - Cars, Pickups and Vans"
3092,Peak,2025-02-16T00:00:00.000,2 - Single-Unit Trucks
279,Peak,2025-02-16T00:00:00.000,3 - Multi-Unit Trucks
2761,Peak,2025-02-16T00:00:00.000,4 - Buses
805,Peak,2025-02-16T00:00:00.000,5 - Motorcycles
97021,Peak,2025-02-16T00:00:00.000,TLC Taxi/FHV
38482,Overnight,2025-02-17T00:00:00.000,"1 - Cars, Pickups and Vans"
2111,Overnight,2025-02-17T00:00:00.000,2 - Single-Unit Trucks
298,Overnight,2025-02-17T00:00:00.000,3 - Multi-Unit Trucks
774,Overnight,2025-02-17T00:00:00.000,4 - Buses
217,Overnight,2025-02-17T00:00:00.000,5 - Motorcycles
37026,Overnight,2025-02-17T00:00:00.000,TLC Taxi/FHV
196367,Peak,2025-02-17T00:00:00.000,"1 - Cars, Pickups and Vans"
13645,Peak,2025-02-17T00:00:00.000,2 - Single-Unit Trucks
863,Peak,2025-02-17T00:00:00.000,3 - Multi-Unit Trucks
5060,Peak,2025-02-17T00:00:00.000,4 - Buses
1133,Peak,2025-02-17T00:00:00.000,5 - Motorcycles
118477,Peak,2025-02-17T00:00:00.000,TLC Taxi/FHV
39330,Overnight,2025-02-18T00:00:00.000,"1 - Cars, Pickups and Vans"
2707,Overnight,2025-02-18T00:00:00.000,2 - Single-Unit Trucks
357,Overnight,2025-02-18T00:00:00.000,3 - Multi-Unit Trucks
829,Overnight,2025-02-18T00:00:00.000,4 - Buses
191,Overnight,2025-02-18T00:00:00.000,5 - Motorcycles
39265,Overnight,2025-02-18T00:00:00.000,TLC Taxi/FHV
232329,Peak,2025-02-18T00:00:00.000,"1 - Cars, Pickups and Vans"
21013,Peak,2025-02-18T00:00:00.000,2 - Single-Unit Trucks
1055,Peak,2025-02-18T00:00:00.000,3 - Multi-Unit Trucks
7456,Peak,2025-02-18T00:00:00.000,4 - Buses
1034,Peak,2025-02-18T00:00:00.000,5 - Motorcycles
140540,Peak,2025-02-18T00:00:00.000,TLC Taxi/FHV
40219,Overnight,2025-02-19T00:00:00.000,"1 - Cars, Pickups and Vans"
2708,Overnight,2025-02-19T00:00:00.000,2 - Single-Unit Trucks
414,Overnight,2025-02-19T00:00:00.000,3 - Multi-Unit Trucks
784,Overnight,2025-02-19T00:00:00.000,4 - Buses
199,Overnight,2025-02-19T00:00:00.000,5 - Motorcycles
42506,Overnight,2025-02-19T00:00:00.000,TLC Taxi/FHV
233549,Peak,2025-02-19T00:00:00.000,"1 - Cars, Pickups and Vans"
20486,Peak,2025-02-19T00:00:00.000,2 - Single-Unit Trucks
1022,Peak,2025-02-19T00:00:00.000,3 - Multi-Unit Trucks
8031,Peak,2025-02-19T00:00:00.000,4 - Buses
1189,Peak,2025-02-19T00:00:00.000,5 - Motorcycles
141697,Peak,2025-02-19T00:00:00.000,TLC Taxi/FHV
41467,Overnight,2025-02-20T00:00:00.000,"1 - Cars, Pickups and Vans"
2872,Overnight,2025-02-20T00:00:00.000,2 - Single-Unit Trucks
362,Overnight,2025-02-20T00:00:00.000,3 - Multi-Unit Trucks
819,Overnight,2025-02-20T00:00:00.000,4 - Buses
192,Overnight,2025-02-20T00:00:00.000,5 - Motorcycles
45873,Overnight,2025-02-20T00:00:00.000,TLC Taxi/FHV
236481,Peak,2025-02-20T00:00:00.000,"1 - Cars, Pickups and Vans"
20885,Peak,2025-02-20T00:00:00.000,2 - Single-Unit Trucks
1012,Peak,2025-02-20T00:00:00.000,3 - Multi-Unit Trucks
8070,Peak,2025-02-20T00:00:00.000,4 - Buses
1131,Peak,2025-02-20T00:00:00.000,5 - Motorcycles
145449,Peak,2025-02-20T00:00:00.000,TLC Taxi/FHV
47453,Overnight,2025-02-21T00:00:00.000,"1 - Cars, Pickups and Vans"
2676,Overnight,2025-02-21T00:00:00.000,2 - Single-Unit Trucks
331,Overnight,2025-02-21T00:00:00.000,3 - Multi-Unit Trucks
783,Overnight,2025-02-21T00:00:00.000,4 - Buses
268,Overnight,2025-02-21T00:00:00.000,5 - Motorcycles
49756,Overnight,2025-02-21T00:00:00.000,TLC Taxi/FHV
234849,Peak,2025-02-21T00:00:00.000,"1 - Cars, Pickups and Vans"
20952,Peak,2025-02-21T00:00:00.000,2 - Single-Unit Trucks
1032,Peak,2025-02-21T00:00:00.000,3 - Multi-Unit Trucks
7719,Peak,2025-02-21T00:00:00.000,4 - Buses
1314,Peak,2025-02-21T00:00:00.000,5 - Motorcycles
138163,Peak,2025-02-21T00:00:00.000,TLC Taxi/FHV
91236,Overnight,2025-02-22T00:00:00.000,"1 - Cars, Pickups and Vans"
4497,Overnight,2025-02-22T00:00:00.000,2 - Single-Unit Trucks
458,Overnight,2025-02-22T00:00:00.000,3 - Multi-Unit Trucks
1407,Overnight,2025-02-22T00:00:00.000,4 - Buses
426,Overnight,2025-02-22T00:00:00.000,5 - Motorcycles
80795,Overnight,2025-02-22T00:00:00.000,TLC Taxi/FHV
186269,Peak,2025-02-22T00:00:00.000,"1 - Cars, Pickups and Vans"
4904,Peak,2025-02-22T00:00:00.000,2 - Single-Unit Trucks
325,Peak,2025-02-22T00:00:00.000,3 - Multi-Unit Trucks
3191,Peak,2025-02-22T00:00:00.000,4 - Buses
1198,Peak,2025-02-22T00:00:00.000,5 - Motorcycles
109885,Peak,2025-02-22T00:00:00.000,TLC Taxi/FHV
76186,Overnight,2025-02-23T00:00:00.000,"1 - Cars, Pickups and Vans"
2110,Overnight,2025-02-23T00:00:00.000,2 - Single-Unit Trucks
263,Overnight,2025-02-23T00:00:00.000,3 - Multi-Unit Trucks
1222,Overnight,2025-02-23T00:00:00.000,4 - Buses
431,Overnight,2025-02-23T00:00:00.000,5 - Motorcycles
73321,Overnight,2025-02-23T00:00:00.000,TLC Taxi/FHV
181108,Peak,2025-02-23T00:00:00.000,"1 - Cars, Pickups and Vans"
2765,Peak,2025-02-23T00:00:00.000,2 - Single-Unit Trucks
228,Peak,2025-02-23T00:00:00.000,3 - Multi-Unit Trucks
2772,Peak,2025-02-23T00:00:00.000,4 - Buses
1334,Peak,2025-02-23T00:00:00.000,5 - Motorcycles
99646,Peak,2025-02-23T00:00:00.000,TLC Taxi/FHV
36824,Overnight,2025-02-24T00:00:00.000,"1 - Cars, Pickups and Vans"
2641,Overnight,2025-02-24T00:00:00.000,2 - Single-Unit Trucks
362,Overnight,2025-02-24T00:00:00.000,3 - Multi-Unit Trucks
811,Overnight,2025-02-24T00:00:00.000,4 - Buses
228,Overnight,2025-02-24T00:00:00.000,5 - Motorcycles
34272,Overnight,2025-02-24T00:00:00.000,TLC Taxi/FHV
227990,Peak,2025-02-24T00:00:00.000,"1 - Cars, Pickups and Vans"
20561,Peak,2025-02-24T00:00:00.000,2 - Single-Unit Trucks
1102,Peak,2025-02-24T00:00:00.000,3 - Multi-Unit Trucks
10015,Peak,2025-02-24T00:00:00.000,4 - Buses
1642,Peak,2025-02-24T00:00:00.000,5 - Motorcycles
131998,Peak,2025-02-24T00:00:00.000,TLC Taxi/FHV
37762,Overnight,2025-02-25T00:00:00.000,"1 - Cars, Pickups and Vans"
2955,Overnight,2025-02-25T00:00:00.000,2 - Single-Unit Trucks
401,Overnight,2025-02-25T00:00:00.000,3 - Multi-Unit Trucks
828,Overnight,2025-02-25T00:00:00.000,4 - Buses
271,Overnight,2025-02-25T00:00:00.000,5 - Motorcycles
40459,Overnight,2025-02-25T00:00:00.000,TLC Taxi/FHV
235475,Peak,2025-02-25T00:00:00.000,"1 - Cars, Pickups and Vans"
21430,Peak,2025-02-25T00:00:00.000,2 - Single-Unit Trucks
988,Peak,2025-02-25T00:00:00.000,3 - Multi-Unit Trucks
10106,Peak,2025-02-25T00:00:00.000,4 - Buses
1785,Peak,2025-02-25T00:00:00.000,5 - Motorcycles
137488,Peak,2025-02-25T00:00:00.000,TLC Taxi/FHV
39726,Overnight,2025-02-26T00:00:00.000,"1 - Cars, Pickups and Vans"
2971,Overnight,2025-02-26T00:00:00.000,2 - Single-Unit Trucks
344,Overnight,2025-02-26T00:00:00.000,3 - Multi-Unit Trucks
812,Overnight,2025-02-26T00:00:00.000,4 - Buses
249,Overnight,2025-02-26T00:00:00.000,5 - Motorcycles
45851,Overnight,2025-02-26T00:00:00.000,TLC Taxi/FHV
242584,Peak,2025-02-26T00:00:00.000,"1 - Cars, Pickups and Vans"
21399,Peak,2025-02-26T00:00:00.000,2 - Single-Unit Trucks
970,Peak,2025-02-26T00:00:00.000,3 - Multi-Unit Trucks
10183,Peak,2025-02-26T00:00:00.000,4 - Buses
1772,Peak,2025-02-26T00:00:00.000,5 - Motorcycles
143059,Peak,2025-02-26T00:00:00.000,TLC Taxi/FHV
41298,Overnight,2025-02-27T00:00:00.000,"1 - Cars, Pickups and Vans"
3027,Overnight,2025-02-27T00:00:00.000,2 - Single-Unit Trucks
379,Overnight,2025-02-27T00:00:00.000,3 - Multi-Unit Trucks
818,Overnight,2025-02-27T00:00:00.000,4 - Buses
257,Overnight,2025-02-27T00:00:00.000,5 - Motorcycles
49012,Overnight,2025-02-27T00:00:00.000,TLC Taxi/FHV
246280,Peak,2025-02-27T00:00:00.000,"1 - Cars, Pickups and Vans"
21508,Peak,2025-02-27T00:00:00.000,2 - Single-Unit Trucks
964,Peak,2025-02-27T00:00:00.000,3 - Multi-Unit Trucks
10141,Peak,2025-02-27T00:00:00.000,4 - Buses
1511,Peak,2025-02-27T00:00:00.000,5 - Motorcycles
145872,Peak,2025-02-27T00:00:00.000,TLC Taxi/FHV
49856,Overnight,2025-02-28T00:00:00.000,"1 - Cars, Pickups and Vans"
2975,Overnight,2025-02-28T00:00:00.000,2 - Single-Unit Trucks
366,Overnight,2025-02-28T00:00:00.000,3 - Multi-Unit Trucks
829,Overnight,2025-02-28T00:00:00.000,4 - Buses
333,Overnight,2025-02-28T00:00:00.000,5 - Motorcycles
50389,Overnight,2025-02-28T00:00:00.000,TLC Taxi/FHV
245317,Peak,2025-02-28T00:00:00.000,"1 - Cars, Pickups and Vans"
21791,Peak,2025-02-28T00:00:00.000,2 - Single-Unit Trucks
1029,Peak,2025-02-28T00:00:00.000,3 - Multi-Unit Trucks
9836,Peak,2025-02-28T00:00:00.000,4 - Buses
1759,Peak,2025-02-28T00:00:00.000,5 - Motorcycles
133983,Peak,2025-02-28T00:00:00.000,TLC Taxi/FHV
93274,Overnight,2025-03-01T00:00:00.000,"1 - Cars, Pickups and Vans"
4873,Overnight,2025-03-01T00:00:00.000,2 - Single-Unit Trucks
439,Overnight,2025-03-01T00:00:00.000,3 - Multi-Unit Trucks
1477,Overnight,2025-03-01T00:00:00.000,4 - Buses
472,Overnight,2025-03-01T00:00:00.000,5 - Motorcycles
83511,Overnight,2025-03-01T00:00:00.000,TLC Taxi/FHV
192702,Peak,2025-03-01T00:00:00.000,"1 - Cars, Pickups and Vans"
5105,Peak,2025-03-01T00:00:00.000,2 - Single-Unit Trucks
292,Peak,2025-03-01T00:00:00.000,3 - Multi-Unit Trucks
3169,Peak,2025-03-01T00:00:00.000,4 - Buses
1406,Peak,2025-03-01T00:00:00.000,5 - Motorcycles
105815,Peak,2025-03-01T00:00:00.000,TLC Taxi/FHV
76581,Overnight,2025-03-02T00:00:00.000,"1 - Cars, Pickups and Vans"
2003,Overnight,2025-03-02T00:00:00.000,2 - Single-Unit Trucks
219,Overnight,2025-03-02T00:00:00.000,3 - Multi-Unit Trucks
1259,Overnight,2025-03-02T00:00:00.000,4 - Buses
314,Overnight,2025-03-02T00:00:00.000,5 - Motorcycles
75017,Overnight,2025-03-02T00:00:00.000,TLC Taxi/FHV
178187,Peak,2025-03-02T00:00:00.000,"1 - Cars, Pickups and Vans"
2524,Peak,2025-03-02T00:00:00.000,2 - Single-Unit Trucks
152,Peak,2025-03-02T00:00:00.000,3 - Multi-Unit Trucks
2953,Peak,2025-03-02T00:00:00.000,4 - Buses
953,Peak,2025-03-02T00:00:00.000,5 - Motorcycles
99847,Peak,2025-03-02T00:00:00.000,TLC Taxi/FHV
37355,Overnight,2025-03-03T00:00:00.000,"1 - Cars, Pickups and Vans"
2539,Overnight,2025-03-03T00:00:00.000,2 - Single-Unit Trucks
308,Overnight,2025-03-03T00:00:00.000,3 - Multi-Unit Trucks
792,Overnight,2025-03-03T00:00:00.000,4 - Buses
166,Overnight,2025-03-03T00:00:00.000,5 - Motorcycles
36405,Overnight,2025-03-03T00:00:00.000,TLC Taxi/FHV
230901,Peak,2025-03-03T00:00:00.000,"1 - Cars, Pickups and Vans"
20226,Peak,2025-03-03T00:00:00.000,2 - Single-Unit Trucks
868,Peak,2025-03-03T00:00:00.000,3 - Multi-Unit Trucks
10278,Peak,2025-03-03T00:00:00.000,4 - Buses
1197,Peak,2025-03-03T00:00:00.000,5 - Motorcycles
132185,Peak,2025-03-03T00:00:00.000,TLC Taxi/FHV
37945,Overnight,2025-03-04T00:00:00.000,"1 - Cars, Pickups and Vans"
2939,Overnight,2025-03-04T00:00:00.000,2 - Single-Unit Trucks
393,Overnight,2025-03-04T00:00:00.000,3 - Multi-Unit Trucks
769,Overnight,2025-03-04T00:00:00.000,4 - Buses
210,Overnight,2025-03-04T00:00:00.000,5 - Motorcycles
41574,Overnight,2025-03-04T00:00:00.000,TLC Taxi/FHV
240814,Peak,2025-03-04T00:00:00.000,"1 - Cars, Pickups and Vans"
21106,Peak,2025-03-04T00:00:00.000,2 - Single-Unit Trucks
991,Peak,2025-03-04T00:00:00.000,3 - Multi-Unit Trucks
10165,Peak,2025-03-04T00:00:00.000,4 - Buses
1680,Peak,2025-03-04T00:00:00.000,5 - Motorcycles
137548,Peak,2025-03-04T00:00:00.000,TLC Taxi/FHV
38215,Overnight,2025-03-05T00:00:00.000,"1 - Cars, Pickups and Vans"
2785,Overnight,2025-03-05T00:00:00.000,2 - Single-Unit Trucks
440,Overnight,2025-03-05T00:00:00.000,3 - Multi-Unit Trucks
837,Overnight,2025-03-05T00:00:00.000,4 - Buses
178,Overnight,2025-03-05T00:00:00.000,5 - Motorcycles
46010,Overnight,2025-03-05T00:00:00.000,TLC Taxi/FHV
236726,Peak,2025-03-05T00:00:00.000,"1 - Cars, Pickups and Vans"
20354,Peak,2025-03-05T00:00:00.000,2 - Single-Unit Trucks
991,Peak,2025-03-05T00:00:00.000,3 - Multi-Unit Trucks
9958,Peak,2025-03-05T00:00:00.000,4 - Buses
1264,Peak,2025-03-05T00:00:00.000,5 - Motorcycles
142058,Peak,2025-03-05T00:00:00.000,TLC Taxi/FHV
41753,Overnight,2025-03-06T00:00:00.000,"1 - Cars, Pickups and Vans"
2933,Overnight,2025-03-06T00:00:00.000,2 - Single-Unit Trucks
439,Overnight,2025-03-06T00:00:00.000,3 - Multi-Unit Trucks
828,Overnight,2025-03-06T00:00:00.000,4 - Buses
264,Overnight,2025-03-06T00:00:00.000,5 - Motorcycles
50040,Overnight,2025-03-06T00:00:00.000,TLC Taxi/FHV
245356,Peak,2025-03-06T00:00:00.000,"1 - Cars, Pickups and Vans"
21228,Peak,2025-03-06T00:00:00.000,2 - Single-Unit Trucks
1037,Peak,2025-03-06T00:00:00.000,3 - Multi-Unit Trucks
9649,Peak,2025-03-06T00:00:00.000,4 - Buses
1635,Peak,2025-03-06T00:00:00.000,5 - Motorcycles
146087,Peak,2025-03-06T00:00:00.000,TLC Taxi/FHV
49107,Overnight,2025-03-07T00:00:00.000,"1 - Cars, Pickups and Vans"
2768,Overnight,2025-03-07T00:00:00.000,2 - Single-Unit Trucks
420,Overnight,2025-03-07T00:00:00.000,3 - Multi-Unit Trucks
819,Overnight,2025-03-07T00:00:00.000,4 - Buses
320,Overnight,2025-03-07T00:00:00.000,5 - Motorcycles
50866,Overnight,2025-03-07T00:00:00.000,TLC Taxi/FHV
249001,Peak,2025-03-07T00:00:00.000,"1 - Cars, Pickups and Vans"
20958,Peak,2025-03-07T00:00:00.000,2 - Single-Unit Trucks
1097,Peak,2025-03-07T00:00:00.000,3 - Multi-Unit Trucks
9560,Peak,2025-03-07T00:00:00.000,4 - Buses
1619,Peak,2025-03-07T00:00:00.000,5 - Motorcycles
137235,Peak,2025-03-07T00:00:00.000,TLC Taxi/FHV
94160,Overnight,2025-03-08T00:00:00.000,"1 - Cars, Pickups and Vans"
4585,Overnight,2025-03-08T00:00:00.000,2 - Single-Unit Trucks
464,Overnight,2025-03-08T00:00:00.000,3 - Multi-Unit Trucks
1475,Overnight,2025-03-08T00:00:00.000,4 - Buses
461,Overnight,2025-03-08T00:00:00.000,5 - Motorcycles
83305,Overnight,2025-03-08T00:00:00.000,TLC Taxi/FHV
192194,Peak,2025-03-08T00:00:00.000,"1 - Cars, Pickups and Vans"
4660,Peak,2025-03-08T00:00:00.000,2 - Single-Unit Trucks
257,Peak,2025-03-08T00:00:00.000,3 - Multi-Unit Trucks
3119,Peak,2025-03-08T00:00:00.000,4 - Buses
1181,Peak,2025-03-08T00:00:00.000,5 - Motorcycles
107059,Peak,2025-03-08T00:00:00.000,TLC Taxi/FHV
76467,Overnight,2025-03-09T00:00:00.000,"1 - Cars, Pickups and Vans"
1964,Overnight,2025-03-09T00:00:00.000,2 - Single-Unit Trucks
263,Overnight,2025-03-09T00:00:00.000,3 - Multi-Unit Trucks
1186,Overnight,2025-03-09T00:00:00.000,4 - Buses
396,Overnight,2025-03-09T00:00:00.000,5 - Motorcycles
73867,Overnight,2025-03-09T00:00:00.000,TLC Taxi/FHV
183218,Peak,2025-03-09T00:00:00.000,"1 - Cars, Pickups and Vans"
2570,Peak,2025-03-09T00:00:00.000,2 - Single-Unit Trucks
186,Peak,2025-03-09T00:00:00.000,3 - Multi-Unit Trucks
2764,Peak,2025-03-09T00:00:00.000,4 - Buses
1248,Peak,2025-03-09T00:00:00.000,5 - Motorcycles
97725,Peak,2025-03-09T00:00:00.000,TLC Taxi/FHV
41289,Overnight,2025-03-10T00:00:00.000,"1 - Cars, Pickups and Vans"
2677,Overnight,2025-03-10T00:00:00.000,2 - Single-Unit Trucks
379,Overnight,2025-03-10T00:00:00.000,3 - Multi-Unit Trucks
768,Overnight,2025-03-10T00:00:00.000,4 - Buses
307,Overnight,2025-03-10T00:00:00.000,5 - Motorcycles
37492,Overnight,2025-03-10T00:00:00.000,TLC Taxi/FHV
236506,Peak,2025-03-10T00:00:00.000,"1 - Cars, Pickups and Vans"
19975,Peak,2025-03-10T00:00:00.000,2 - Single-Unit Trucks
983,Peak,2025-03-10T00:00:00.000,3 - Multi-Unit Trucks
9989,Peak,2025-03-10T00:00:00.000,4 - Buses
1806,Peak,2025-03-10T00:00:00.000,5 - Motorcycles
128437,Peak,2025-03-10T00:00:00.000,TLC Taxi/FHV
40712,Overnight,2025-03-11T00:00:00.000,"1 - Cars, Pickups and Vans"
3019,Overnight,2025-03-11T00:00:00.000,2 - Single-Unit Trucks
403,Overnight,2025-03-11T00:00:00.000,3 - Multi-Unit Trucks
825,Overnight,2025-03-11T00:00:00.000,4 - Buses
311,Overnight,2025-03-11T00:00:00.000,5 - Motorcycles
43856,Overnight,2025-03-11T00:00:00.000,TLC Taxi/FHV
246876,Peak,2025-03-11T00:00:00.000,"1 - Cars, Pickups and Vans"
20653,Peak,2025-03-11T00:00:00.000,2 - Single-Unit Trucks
927,Peak,2025-03-11T00:00:00.000,3 - Multi-Unit Trucks
9977,Peak,2025-03-11T00:00:00.000,4 - Buses
1942,Peak,2025-03-11T00:00:00.000,5 - Motorcycles
134467,Peak,2025-03-11T00:00:00.000,TLC Taxi/FHV
41465,Overnight,2025-03-12T00:00:00.000,"1 - Cars, Pickups and Vans"
2864,Overnight,2025-03-12T00:00:00.000,2 - Single-Unit Trucks
372,Overnight,2025-03-12T00:00:00.000,3 - Multi-Unit Trucks
785,Overnight,2025-03-12T00:00:00.000,4 - Buses
329,Overnight,2025-03-12T00:00:00.000,5 - Motorcycles
48079,Overnight,2025-03-12T00:00:00.000,TLC Taxi/FHV
247151,Peak,2025-03-12T00:00:00.000,"1 - Cars, Pickups and Vans"
20182,Peak,2025-03-12T00:00:00.000,2 - Single-Unit Trucks
1069,Peak,2025-03-12T00:00:00.000,3 - Multi-Unit Trucks
10175,Peak,2025-03-12T00:00:00.000,4 - Buses
2012,Peak,2025-03-12T00:00:00.000,5 - Motorcycles
141404,Peak,2025-03-12T00:00:00.000,TLC Taxi/FHV
43068,Overnight,2025-03-13T00:00:00.000,"1 - Cars, Pickups and Vans"
2964,Overnight,2025-03-13T00:00:00.000,2 - Single-Unit Trucks
408,Overnight,2025-03-13T00:00:00.000,3 - Multi-Unit Trucks
842,Overnight,2025-03-13T00:00:00.000,4 - Buses
290,Overnight,2025-03-13T00:00:00.000,5 - Motorcycles
52206,Overnight,2025-03-13T00:00:00.000,TLC Taxi/FHV
248504,Peak,2025-03-13T00:00:00.000,"1 - Cars, Pickups and Vans"
20516,Peak,2025-03-13T00:00:00.000,2 - Single-Unit Trucks
1063,Peak,2025-03-13T00:00:00.000,3 - Multi-Unit Trucks
9839,Peak,2025-03-13T00:00:00.000,4 - Buses
1907,Peak,2025-03-13T00:00:00.000,5 - Motorcycles
146164,Peak,2025-03-13T00:00:00.000,TLC Taxi/FHV
52183,Overnight,2025-03-14T00:00:00.000,"1 - Cars, Pickups and Vans"
2798,Overnight,2025-03-14T00:00:00.000,2 - Single-Unit Trucks
402,Overnight,2025-03-14T00:00:00.000,3 - Multi-Unit Trucks
829,Overnight,2025-03-14T00:00:00.000,4 - Buses
322,Overnight,2025-03-14T00:00:00.000,5 - Motorcycles
55303,Overnight,2025-03-14T00:00:00.000,TLC Taxi/FHV
243974,Peak,2025-03-14T00:00:00.000,"1 - Cars, Pickups and Vans"
20281,Peak,2025-03-14T00:00:00.000,2 - Single-Unit Trucks
1011,Peak,2025-03-14T00:00:00.000,3 - Multi-Unit Trucks
9780,Peak,2025-03-14T00:00:00.000,4 - Buses
1900,Peak,2025-03-14T00:00:00.000,5 - Motorcycles
138728,Peak,2025-03-14T00:00:00.000,TLC Taxi/FHV
96699,Overnight,2025-03-15T00:00:00.000,"1 - Cars, Pickups and Vans"
4452,Overnight,2025-03-15T00:00:00.000,2 - Single-Unit Trucks
508,Overnight,2025-03-15T00:00:00.000,3 - Multi-Unit Trucks
1521,Overnight,2025-03-15T00:00:00.000,4 - Buses
510,Overnight,2025-03-15T00:00:00.000,5 - Motorcycles
86327,Overnight,2025-03-15T00:00:00.000,TLC Taxi/FHV
193592,Peak,2025-03-15T00:00:00.000,"1 - Cars, Pickups and Vans"
4603,Peak,2025-03-15T00:00:00.000,2 - Single-Unit Trucks
284,Peak,2025-03-15T00:00:00.000,3 - Multi-Unit Trucks
3433,Peak,2025-03-15T00:00:00.000,4 - Buses
1363,Peak,2025-03-15T00:00:00.000,5 - Motorcycles
112751,Peak,2025-03-15T00:00:00.000,TLC Taxi/FHV
80347,Overnight,2025-03-16T00:00:00.000,"1 - Cars, Pickups and Vans"
2153,Overnight,2025-03-16T00:00:00.000,2 - Single-Unit Trucks
279,Overnight,2025-03-16T00:00:00.000,3 - Multi-Unit Trucks
1450,Overnight,2025-03-16T00:00:00.000,4 - Buses
379,Overnight,2025-03-16T00:00:00.000,5 - Motorcycles
77264,Overnight,2025-03-16T00:00:00.000,TLC Taxi/FHV
177180,Peak,2025-03-16T00:00:00.000,"1 - Cars, Pickups and Vans"
2836,Peak,2025-03-16T00:00:00.000,2 - Single-Unit Trucks
200,Peak,2025-03-16T00:00:00.000,3 - Multi-Unit Trucks
2970,Peak,2025-03-16T00:00:00.000,4 - Buses
1208,Peak,2025-03-16T00:00:00.000,5 - Motorcycles
97398,Peak,2025-03-16T00:00:00.000,TLC Taxi/FHV
39824,Overnight,2025-03-17T00:00:00.000,"1 - Cars, Pickups and Vans"
2589,Overnight,2025-03-17T00:00:00.000,2 - Single-Unit Trucks
422,Overnight,2025-03-17T00:00:00.000,3 - Multi-Unit Trucks
799,Overnight,2025-03-17T00:00:00.000,4 - Buses
214,Overnight,2025-03-17T00:00:00.000,5 - Motorcycles
40048,Overnight,2025-03-17T00:00:00.000,TLC Taxi/FHV
225215,Peak,2025-03-17T00:00:00.000,"1 - Cars, Pickups and Vans"
18540,Peak,2025-03-17T00:00:00.000,2 - Single-Unit Trucks
989,Peak,2025-03-17T00:00:00.000,3 - Multi-Unit Trucks
9622,Peak,2025-03-17T00:00:00.000,4 - Buses
1155,Peak,2025-03-17T00:00:00.000,5 - Motorcycles
127146,Peak,2025-03-17T00:00:00.000,TLC Taxi/FHV
40724,Overnight,2025-03-18T00:00:00.000,"1 - Cars, Pickups and Vans"
2949,Overnight,2025-03-18T00:00:00.000,2 - Single-Unit Trucks
441,Overnight,2025-03-18T00:00:00.000,3 - Multi-Unit Trucks
842,Overnight,2025-03-18T00:00:00.000,4 - Buses
271,Overnight,2025-03-18T00:00:00.000,5 - Motorcycles
44136,Overnight,2025-03-18T00:00:00.000,TLC Taxi/FHV
243794,Peak,2025-03-18T00:00:00.000,"1 - Cars, Pickups and Vans"
20655,Peak,2025-03-18T00:00:00.000,2 - Single-Unit Trucks
1068,Peak,2025-03-18T00:00:00.000,3 - Multi-Unit Trucks
9540,Peak,2025-03-18T00:00:00.000,4 - Buses
1861,Peak,2025-03-18T00:00:00.000,5 - Motorcycles
134932,Peak,2025-03-18T00:00:00.000,TLC Taxi/FHV
40829,Overnight,2025-03-19T00:00:00.000,"1 - Cars, Pickups and Vans"
2934,Overnight,2025-03-19T00:00:00.000,2 - Single-Unit Trucks
423,Overnight,2025-03-19T00:00:00.000,3 - Multi-Unit Trucks
859,Overnight,2025-03-19T00:00:00.000,4 - Buses
283,Overnight,2025-03-19T00:00:00.000,5 - Motorcycles
46537,Overnight,2025-03-19T00:00:00.000,TLC Taxi/FHV
243661,Peak,2025-03-19T00:00:00.000,"1 - Cars, Pickups and Vans"
19809,Peak,2025-03-19T00:00:00.000,2 - Single-Unit Trucks
1053,Peak,2025-03-19T00:00:00.000,3 - Multi-Unit Trucks
9699,Peak,2025-03-19T00:00:00.000,4 - Buses
1896,Peak,2025-03-19T00:00:00.000,5 - Motorcycles
140387,Peak,2025-03-19T00:00:00.000,TLC Taxi/FHV
42291,Overnight,2025-03-20T00:00:00.000,"1 - Cars, Pickups and Vans"
2885,Overnight,2025-03-20T00:00:00.000,2 - Single-Unit Trucks
413,Overnight,2025-03-20T00:00:00.000,3 - Multi-Unit Trucks
833,Overnight,2025-03-20T00:00:00.000,4 - Buses
208,Overnight,2025-03-20T00:00:00.000,5 - Motorcycles
52144,Overnight,2025-03-20T00:00:00.000,TLC Taxi/FHV
245098,Peak,2025-03-20T00:00:00.000,"1 - Cars, Pickups and Vans"
19849,Peak,2025-03-20T00:00:00.000,2 - Single-Unit Trucks
1003,Peak,2025-03-20T00:00:00.000,3 - Multi-Unit Trucks
9579,Peak,2025-03-20T00:00:00.000,4 - Buses
1595,Peak,2025-03-20T00:00:00.000,5 - Motorcycles
146058,Peak,2025-03-20T00:00:00.000,TLC Taxi/FHV
49079,Overnight,2025-03-21T00:00:00.000,"1 - Cars, Pickups and Vans"
2905,Overnight,2025-03-21T00:00:00.000,2 - Single-Unit Trucks
399,Overnight,2025-03-21T00:00:00.000,3 - Multi-Unit Trucks
838,Overnight,2025-03-21T00:00:00.000,4 - Buses
277,Overnight,2025-03-21T00:00:00.000,5 - Motorcycles
53185,Overnight,2025-03-21T00:00:00.000,TLC Taxi/FHV
244168,Peak,2025-03-21T00:00:00.000,"1 - Cars, Pickups and Vans"
20208,Peak,2025-03-21T00:00:00.000,2 - Single-Unit Trucks
1049,Peak,2025-03-21T00:00:00.000,3 - Multi-Unit Trucks
9073,Peak,2025-03-21T00:00:00.000,4 - Buses
1651,Peak,2025-03-21T00:00:00.000,5 - Motorcycles
136095,Peak,2025-03-21T00:00:00.000,TLC Taxi/FHV
95599,Overnight,2025-03-22T00:00:00.000,"1 - Cars, Pickups and Vans"
4549,Overnight,2025-03-22T00:00:00.000,2 - Single-Unit Trucks
467,Overnight,2025-03-22T00:00:00.000,3 - Multi-Unit Trucks
1568,Overnight,2025-03-22T00:00:00.000,4 - Buses
503,Overnight,2025-03-22T00:00:00.000,5 - Motorcycles
85079,Overnight,2025-03-22T00:00:00.000,TLC Taxi/FHV
190632,Peak,2025-03-22T00:00:00.000,"1 - Cars, Pickups and Vans"
4484,Peak,2025-03-22T00:00:00.000,2 - Single-Unit Trucks
270,Peak,2025-03-22T00:00:00.000,3 - Multi-Unit Trucks
3322,Peak,2025-03-22T00:00:00.000,4 - Buses
1386,Peak,2025-03-22T00:00:00.000,5 - Motorcycles
108268,Peak,2025-03-22T00:00:00.000,TLC Taxi/FHV
79069,Overnight,2025-03-23T00:00:00.000,"1 - Cars, Pickups and Vans"
1992,Overnight,2025-03-23T00:00:00.000,2 - Single-Unit Trucks
223,Overnight,2025-03-23T00:00:00.000,3 - Multi-Unit Trucks
1282,Overnight,2025-03-23T00:00:00.000,4 - Buses
476,Overnight,2025-03-23T00:00:00.000,5 - Motorcycles
76696,Overnight,2025-03-23T00:00:00.000,TLC Taxi/FHV
186759,Peak,2025-03-23T00:00:00.000,"1 - Cars, Pickups and Vans"
2426,Peak,2025-03-23T00:00:00.000,2 - Single-Unit Trucks
153,Peak,2025-03-23T00:00:00.000,3 - Multi-Unit Trucks
2940,Peak,2025-03-23T00:00:00.000,4 - Buses
1208,Peak,2025-03-23T00:00:00.000,5 - Motorcycles
99964,Peak,2025-03-23T00:00:00.000,TLC Taxi/FHV
38237,Overnight,2025-03-24T00:00:00.000,"1 - Cars, Pickups and Vans"
2595,Overnight,2025-03-24T00:00:00.000,2 - Single-Unit Trucks
393,Overnight,2025-03-24T00:00:00.000,3 - Multi-Unit Trucks
799,Overnight,2025-03-24T00:00:00.000,4 - Buses
242,Overnight,2025-03-24T00:00:00.000,5 - Motorcycles
35946,Overnight,2025-03-24T00:00:00.000,TLC Taxi/FHV
230020,Peak,2025-03-24T00:00:00.000,"1 - Cars, Pickups and Vans"
18388,Peak,2025-03-24T00:00:00.000,2 - Single-Unit Trucks
987,Peak,2025-03-24T00:00:00.000,3 - Multi-Unit Trucks
9276,Peak,2025-03-24T00:00:00.000,4 - Buses
1051,Peak,2025-03-24T00:00:00.000,5 - Motorcycles
131296,Peak,2025-03-24T00:00:00.000,TLC Taxi/FHV
38978,Overnight,2025-03-25T00:00:00.000,"1 - Cars, Pickups and Vans"
2918,Overnight,2025-03-25T00:00:00.000,2 - Single-Unit Trucks
396,Overnight,2025-03-25T00:00:00.000,3 - Multi-Unit Trucks
803,Overnight,2025-03-25T00:00:00.000,4 - Buses
251,Overnight,2025-03-25T00:00:00.000,5 - Motorcycles
41373,Overnight,2025-03-25T00:00:00.000,TLC Taxi/FHV
243513,Peak,2025-03-25T00:00:00.000,"1 - Cars, Pickups and Vans"
19939,Peak,2025-03-25T00:00:00.000,2 - Single-Unit Trucks
1017,Peak,2025-03-25T00:00:00.000,3 - Multi-Unit Trucks
9695,Peak,2025-03-25T00:00:00.000,4 - Buses
1916,Peak,2025-03-25T00:00:00.000,5 - Motorcycles
133697,Peak,2025-03-25T00:00:00.000,TLC Taxi/FHV
40336,Overnight,2025-03-26T00:00:00.000,"1 - Cars, Pickups and Vans"
2870,Overnight,2025-03-26T00:00:00.000,2 - Single-Unit Trucks
469,Overnight,2025-03-26T00:00:00.000,3 - Multi-Unit Trucks
810,Overnight,2025-03-26T00:00:00.000,4 - Buses
259,Overnight,2025-03-26T00:00:00.000,5 - Motorcycles
43902,Overnight,2025-03-26T00:00:00.000,TLC Taxi/FHV
244467,Peak,2025-03-26T00:00:00.000,"1 - Cars, Pickups and Vans"
19888,Peak,2025-03-26T00:00:00.000,2 - Single-Unit Trucks
1204,Peak,2025-03-26T00:00:00.000,3 - Multi-Unit Trucks
9581,Peak,2025-03-26T00:00:00.000,4 - Buses
1835,Peak,2025-03-26T00:00:00.000,5 - Motorcycles
139420,Peak,2025-03-26T00:00:00.000,TLC Taxi/FHV
43323,Overnight,2025-03-27T00:00:00.000,"1 - Cars, Pickups and Vans"
2969,Overnight,2025-03-27T00:00:00.000,2 - Single-Unit Trucks
454,Overnight,2025-03-27T00:00:00.000,3 - Multi-Unit Trucks
822,Overnight,2025-03-27T00:00:00.000,4 - Buses
321,Overnight,2025-03-27T00:00:00.000,5 - Motorcycles
49757,Overnight,2025-03-27T00:00:00.000,TLC Taxi/FHV
249995,Peak,2025-03-27T00:00:00.000,"1 - Cars, Pickups and Vans"
20155,Peak,2025-03-27T00:00:00.000,2 - Single-Unit Trucks
1097,Peak,2025-03-27T00:00:00.000,3 - Multi-Unit Trucks
9593,Peak,2025-03-27T00:00:00.000,4 - Buses
1745,Peak,2025-03-27T00:00:00.000,5 - Motorcycles
141226,Peak,2025-03-27T00:00:00.000,TLC Taxi/FHV
50120,Overnight,2025-03-28T00:00:00.000,"1 - Cars, Pickups and Vans"
2785,Overnight,2025-03-28T00:00:00.000,2 - Single-Unit Trucks
410,Overnight,2025-03-28T00:00:00.000,3 - Multi-Unit Trucks
855,Overnight,2025-03-28T00:00:00.000,4 - Buses
331,Overnight,2025-03-28T00:00:00.000,5 - Motorcycles
52987,Overnight,2025-03-28T00:00:00.000,TLC Taxi/FHV
247109,Peak,2025-03-28T00:00:00.000,"1 - Cars, Pickups and Vans"
20188,Peak,2025-03-28T00:00:00.000,2 - Single-Unit Trucks
1162,Peak,2025-03-28T00:00:00.000,3 - Multi-Unit Trucks
9436,Peak,2025-03-28T00:00:00.000,4 - Buses
1950,Peak,2025-03-28T00:00:00.000,5 - Motorcycles
134182,Peak,2025-03-28T00:00:00.000,TLC Taxi/FHV
95600,Overnight,2025-03-29T00:00:00.000,"1 - Cars, Pickups and Vans"
4720,Overnight,2025-03-29T00:00:00.000,2 - Single-Unit Trucks
439,Overnight,2025-03-29T00:00:00.000,3 - Multi-Unit Trucks
1523,Overnight,2025-03-29T00:00:00.000,4 - Buses
571,Overnight,2025-03-29T00:00:00.000,5 - Motorcycles
80940,Overnight,2025-03-29T00:00:00.000,TLC Taxi/FHV
205610,Peak,2025-03-29T00:00:00.000,"1 - Cars, Pickups and Vans"
4831,Peak,2025-03-29T00:00:00.000,2 - Single-Unit Trucks
252,Peak,2025-03-29T00:00:00.000,3 - Multi-Unit Trucks
3288,Peak,2025-03-29T00:00:00.000,4 - Buses
1666,Peak,2025-03-29T00:00:00.000,5 - Motorcycles
105151,Peak,2025-03-29T00:00:00.000,TLC Taxi/FHV
82616,Overnight,2025-03-30T00:00:00.000,"1 - Cars, Pickups and Vans"
2186,Overnight,2025-03-30T00:00:00.000,2 - Single-Unit Trucks
233,Overnight,2025-03-30T00:00:00.000,3 - Multi-Unit Trucks
1249,Overnight,2025-03-30T00:00:00.000,4 - Buses
470,Overnight,2025-03-30T00:00:00.000,5 - Motorcycles
67585,Overnight,2025-03-30T00:00:00.000,TLC Taxi/FHV
195160,Peak,2025-03-30T00:00:00.000,"1 - Cars, Pickups and Vans"
2989,Peak,2025-03-30T00:00:00.000,2 - Single-Unit Trucks
184,Peak,2025-03-30T00:00:00.000,3 - Multi-Unit Trucks
3035,Peak,2025-03-30T00:00:00.000,4 - Buses
1204,Peak,2025-03-30T00:00:00.000,5 - Motorcycles
85588,Peak,2025-03-30T00:00:00.000,TLC Taxi/FHV
40541,Overnight,2025-03-31T00:00:00.000,"1 - Cars, Pickups and Vans"
2557,Overnight,2025-03-31T00:00:00.000,2 - Single-Unit Trucks
353,Overnight,2025-03-31T00:00:00.000,3 - Multi-Unit Trucks
792,Overnight,2025-03-31T00:00:00.000,4 - Buses
221,Overnight,2025-03-31T00:00:00.000,5 - Motorcycles
33016,Overnight,2025-03-31T00:00:00.000,TLC Taxi/FHV
237009,Peak,2025-03-31T00:00:00.000,"1 - Cars, Pickups and Vans"
19549,Peak,2025-03-31T00:00:00.000,2 - Single-Unit Trucks
1084,Peak,2025-03-31T00:00:00.000,3 - Multi-Unit Trucks
7861,Peak,2025-03-31T00:00:00.000,4 - Buses
1499,Peak,2025-03-31T00:00:00.000,5 - Motorcycles
127837,Peak,2025-03-31T00:00:00.000,TLC Taxi/FHV
40893,Overnight,2025-04-01T00:00:00.000,"1 - Cars, Pickups and Vans"
2900,Overnight,2025-04-01T00:00:00.000,2 - Single-Unit Trucks
432,Overnight,2025-04-01T00:00:00.000,3 - Multi-Unit Trucks
788,Overnight,2025-04-01T00:00:00.000,4 - Buses
256,Overnight,2025-04-01T00:00:00.000,5 - Motorcycles
42182,Overnight,2025-04-01T00:00:00.000,TLC Taxi/FHV
246829,Peak,2025-04-01T00:00:00.000,"1 - Cars, Pickups and Vans"
20256,Peak,2025-04-01T00:00:00.000,2 - Single-Unit Trucks
1096,Peak,2025-04-01T00:00:00.000,3 - Multi-Unit Trucks
9575,Peak,2025-04-01T00:00:00.000,4 - Buses
1801,Peak,2025-04-01T00:00:00.000,5 - Motorcycles
136354,Peak,2025-04-01T00:00:00.000,TLC Taxi/FHV
39204,Overnight,2025-04-02T00:00:00.000,"1 - Cars, Pickups and Vans"
2889,Overnight,2025-04-02T00:00:00.000,2 - Single-Unit Trucks
380,Overnight,2025-04-02T00:00:00.000,3 - Multi-Unit Trucks
809,Overnight,2025-04-02T00:00:00.000,4 - Buses
264,Overnight,2025-04-02T00:00:00.000,5 - Motorcycles
46096,Overnight,2025-04-02T00:00:00.000,TLC Taxi/FHV
247315,Peak,2025-04-02T00:00:00.000,"1 - Cars, Pickups and Vans"
19728,Peak,2025-04-02T00:00:00.000,2 - Single-Unit Trucks
1024,Peak,2025-04-02T00:00:00.000,3 - Multi-Unit Trucks
9862,Peak,2025-04-02T00:00:00.000,4 - Buses
1594,Peak,2025-04-02T00:00:00.000,5 - Motorcycles
142677,Peak,2025-04-02T00:00:00.000,TLC Taxi/FHV
43272,Overnight,2025-04-03T00:00:00.000,"1 - Cars, Pickups and Vans"
2816,Overnight,2025-04-03T00:00:00.000,2 - Single-Unit Trucks
443,Overnight,2025-04-03T00:00:00.000,3 - Multi-Unit Trucks
822,Overnight,2025-04-03T00:00:00.000,4 - Buses
317,Overnight,2025-04-03T00:00:00.000,5 - Motorcycles
50245,Overnight,2025-04-03T00:00:00.000,TLC Taxi/FHV
250212,Peak,2025-04-03T00:00:00.000,"1 - Cars, Pickups and Vans"
19921,Peak,2025-04-03T00:00:00.000,2 - Single-Unit Trucks
1093,Peak,2025-04-03T00:00:00.000,3 - Multi-Unit Trucks
9945,Peak,2025-04-03T00:00:00.000,4 - Buses
1553,Peak,2025-04-03T00:00:00.000,5 - Motorcycles
148702,Peak,2025-04-03T00:00:00.000,TLC Taxi/FHV
49581,Overnight,2025-04-04T00:00:00.000,"1 - Cars, Pickups and Vans"
2779,Overnight,2025-04-04T00:00:00.000,2 - Single-Unit Trucks
432,Overnight,2025-04-04T00:00:00.000,3 - Multi-Unit Trucks
820,Overnight,2025-04-04T00:00:00.000,4 - Buses
388,Overnight,2025-04-04T00:00:00.000,5 - Motorcycles
52422,Overnight,2025-04-04T00:00:00.000,TLC Taxi/FHV
248754,Peak,2025-04-04T00:00:00.000,"1 - Cars, Pickups and Vans"
19809,Peak,2025-04-04T00:00:00.000,2 - Single-Unit Trucks
1203,Peak,2025-04-04T00:00:00.000,3 - Multi-Unit Trucks
9678,Peak,2025-04-04T00:00:00.000,4 - Buses
1816,Peak,2025-04-04T00:00:00.000,5 - Motorcycles
141006,Peak,2025-04-04T00:00:00.000,TLC Taxi/FHV
94570,Overnight,2025-04-05T00:00:00.000,"1 - Cars, Pickups and Vans"
4526,Overnight,2025-04-05T00:00:00.000,2 - Single-Unit Trucks
534,Overnight,2025-04-05T00:00:00.000,3 - Multi-Unit Trucks
1533,Overnight,2025-04-05T00:00:00.000,4 - Buses
449,Overnight,2025-04-05T00:00:00.000,5 - Motorcycles
84761,Overnight,2025-04-05T00:00:00.000,TLC Taxi/FHV
190406,Peak,2025-04-05T00:00:00.000,"1 - Cars, Pickups and Vans"
4624,Peak,2025-04-05T00:00:00.000,2 - Single-Unit Trucks
312,Peak,2025-04-05T00:00:00.000,3 - Multi-Unit Trucks
3374,Peak,2025-04-05T00:00:00.000,4 - Buses
1084,Peak,2025-04-05T00:00:00.000,5 - Motorcycles
113463,Peak,2025-04-05T00:00:00.000,TLC Taxi/FHV
76911,Overnight,2025-04-06T00:00:00.000,"1 - Cars, Pickups and Vans"
2081,Overnight,2025-04-06T00:00:00.000,2 - Single-Unit Trucks
227,Overnight,2025-04-06T00:00:00.000,3 - Multi-Unit Trucks
1272,Overnight,2025-04-06T00:00:00.000,4 - Buses
390,Overnight,2025-04-06T00:00:00.000,5 - Motorcycles
77967,Overnight,2025-04-06T00:00:00.000,TLC Taxi/FHV
183708,Peak,2025-04-06T00:00:00.000,"1 - Cars, Pickups and Vans"
2589,Peak,2025-04-06T00:00:00.000,2 - Single-Unit Trucks
189,Peak,2025-04-06T00:00:00.000,3 - Multi-Unit Trucks
2866,Peak,2025-04-06T00:00:00.000,4 - Buses
1276,Peak,2025-04-06T00:00:00.000,5 - Motorcycles
103313,Peak,2025-04-06T00:00:00.000,TLC Taxi/FHV
37805,Overnight,2025-04-07T00:00:00.000,"1 - Cars, Pickups and Vans"
2598,Overnight,2025-04-07T00:00:00.000,2 - Single-Unit Trucks
375,Overnight,2025-04-07T00:00:00.000,3 - Multi-Unit Trucks
809,Overnight,2025-04-07T00:00:00.000,4 - Buses
222,Overnight,2025-04-07T00:00:00.000,5 - Motorcycles
37330,Overnight,2025-04-07T00:00:00.000,TLC Taxi/FHV
235936,Peak,2025-04-07T00:00:00.000,"1 - Cars, Pickups and Vans"
18903,Peak,2025-04-07T00:00:00.000,2 - Single-Unit Trucks
1016,Peak,2025-04-07T00:00:00.000,3 - Multi-Unit Trucks
9584,Peak,2025-04-07T00:00:00.000,4 - Buses
1054,Peak,2025-04-07T00:00:00.000,5 - Motorcycles
136120,Peak,2025-04-07T00:00:00.000,TLC Taxi/FHV
38250,Overnight,2025-04-08T00:00:00.000,"1 - Cars, Pickups and Vans"
2954,Overnight,2025-04-08T00:00:00.000,2 - Single-Unit Trucks
403,Overnight,2025-04-08T00:00:00.000,3 - Multi-Unit Trucks
872,Overnight,2025-04-08T00:00:00.000,4 - Buses
228,Overnight,2025-04-08T00:00:00.000,5 - Motorcycles
42441,Overnight,2025-04-08T00:00:00.000,TLC Taxi/FHV
244712,Peak,2025-04-08T00:00:00.000,"1 - Cars, Pickups and Vans"
19801,Peak,2025-04-08T00:00:00.000,2 - Single-Unit Trucks
1184,Peak,2025-04-08T00:00:00.000,3 - Multi-Unit Trucks
9828,Peak,2025-04-08T00:00:00.000,4 - Buses
1494,Peak,2025-04-08T00:00:00.000,5 - Motorcycles
139154,Peak,2025-04-08T00:00:00.000,TLC Taxi/FHV
39502,Overnight,2025-04-09T00:00:00.000,"1 - Cars, Pickups and Vans"
2774,Overnight,2025-04-09T00:00:00.000,2 - Single-Unit Trucks
379,Overnight,2025-04-09T00:00:00.000,3 - Multi-Unit Trucks
811,Overnight,2025-04-09T00:00:00.000,4 - Buses
234,Overnight,2025-04-09T00:00:00.000,5 - Motorcycles
47411,Overnight,2025-04-09T00:00:00.000,TLC Taxi/FHV
248099,Peak,2025-04-09T00:00:00.000,"1 - Cars, Pickups and Vans"
19617,Peak,2025-04-09T00:00:00.000,2 - Single-Unit Trucks
1106,Peak,2025-04-09T00:00:00.000,3 - Multi-Unit Trucks
9892,Peak,2025-04-09T00:00:00.000,4 - Buses
1535,Peak,2025-04-09T00:00:00.000,5 - Motorcycles
145917,Peak,2025-04-09T00:00:00.000,TLC Taxi/FHV
41581,Overnight,2025-04-10T00:00:00.000,"1 - Cars, Pickups and Vans"
2902,Overnight,2025-04-10T00:00:00.000,2 - Single-Unit Trucks
418,Overnight,2025-04-10T00:00:00.000,3 - Multi-Unit Trucks
825,Overnight,2025-04-10T00:00:00.000,4 - Buses
285,Overnight,2025-04-10T00:00:00.000,5 - Motorcycles
51358,Overnight,2025-04-10T00:00:00.000,TLC Taxi/FHV
247906,Peak,2025-04-10T00:00:00.000,"1 - Cars, Pickups and Vans"
20030,Peak,2025-04-10T00:00:00.000,2 - Single-Unit Trucks
1171,Peak,2025-04-10T00:00:00.000,3 - Multi-Unit Trucks
9765,Peak,2025-04-10T00:00:00.000,4 - Buses
1698,Peak,2025-04-10T00:00:00.000,5 - Motorcycles
149725,Peak,2025-04-10T00:00:00.000,TLC Taxi/FHV
47128,Overnight,2025-04-11T00:00:00.000,"1 - Cars, Pickups and Vans"
2781,Overnight,2025-04-11T00:00:00.000,2 - Single-Unit Trucks
378,Overnight,2025-04-11T00:00:00.000,3 - Multi-Unit Trucks
804,Overnight,2025-04-11T00:00:00.000,4 - Buses
259,Overnight,2025-04-11T00:00:00.000,5 - Motorcycles
52493,Overnight,2025-04-11T00:00:00.000,TLC Taxi/FHV
244443,Peak,2025-04-11T00:00:00.000,"1 - Cars, Pickups and Vans"
19410,Peak,2025-04-11T00:00:00.000,2 - Single-Unit Trucks
1115,Peak,2025-04-11T00:00:00.000,3 - Multi-Unit Trucks
9430,Peak,2025-04-11T00:00:00.000,4 - Buses
1369,Peak,2025-04-11T00:00:00.000,5 - Motorcycles
140632,Peak,2025-04-11T00:00:00.000,TLC Taxi/FHV
91845,Overnight,2025-04-12T00:00:00.000,"1 - Cars, Pickups and Vans"
4193,Overnight,2025-04-12T00:00:00.000,2 - Single-Unit Trucks
469,Overnight,2025-04-12T00:00:00.000,3 - Multi-Unit Trucks
1514,Overnight,2025-04-12T00:00:00.000,4 - Buses
315,Overnight,2025-04-12T00:00:00.000,5 - Motorcycles
80586,Overnight,2025-04-12T00:00:00.000,TLC Taxi/FHV
184499,Peak,2025-04-12T00:00:00.000,"1 - Cars, Pickups and Vans"
4581,Peak,2025-04-12T00:00:00.000,2 - Single-Unit Trucks
413,Peak,2025-04-12T00:00:00.000,3 - Multi-Unit Trucks
3162,Peak,2025-04-12T00:00:00.000,4 - Buses
917,Peak,2025-04-12T00:00:00.000,5 - Motorcycles
111764,Peak,2025-04-12T00:00:00.000,TLC Taxi/FHV
79084,Overnight,2025-04-13T00:00:00.000,"1 - Cars, Pickups and Vans"
2018,Overnight,2025-04-13T00:00:00.000,2 - Single-Unit Trucks
251,Overnight,2025-04-13T00:00:00.000,3 - Multi-Unit Trucks
1264,Overnight,2025-04-13T00:00:00.000,4 - Buses
376,Overnight,2025-04-13T00:00:00.000,5 - Motorcycles
73240,Overnight,2025-04-13T00:00:00.000,TLC Taxi/FHV
179337,Peak,2025-04-13T00:00:00.000,"1 - Cars, Pickups and Vans"
2598,Peak,2025-04-13T00:00:00.000,2 - Single-Unit Trucks
205,Peak,2025-04-13T00:00:00.000,3 - Multi-Unit Trucks
2800,Peak,2025-04-13T00:00:00.000,4 - Buses
1277,Peak,2025-04-13T00:00:00.000,5 - Motorcycles
101196,Peak,2025-04-13T00:00:00.000,TLC Taxi/FHV
39602,Overnight,2025-04-14T00:00:00.000,"1 - Cars, Pickups and Vans"
2599,Overnight,2025-04-14T00:00:00.000,2 - Single-Unit Trucks
371,Overnight,2025-04-14T00:00:00.000,3 - Multi-Unit Trucks
803,Overnight,2025-04-14T00:00:00.000,4 - Buses
289,Overnight,2025-04-14T00:00:00.000,5 - Motorcycles
34848,Overnight,2025-04-14T00:00:00.000,TLC Taxi/FHV
223323,Peak,2025-04-14T00:00:00.000,"1 - Cars, Pickups and Vans"
18324,Peak,2025-04-14T00:00:00.000,2 - Single-Unit Trucks
1095,Peak,2025-04-14T00:00:00.000,3 - Multi-Unit Trucks
7741,Peak,2025-04-14T00:00:00.000,4 - Buses
1932,Peak,2025-04-14T00:00:00.000,5 - Motorcycles
128750,Peak,2025-04-14T00:00:00.000,TLC Taxi/FHV
39677,Overnight,2025-04-15T00:00:00.000,"1 - Cars, Pickups and Vans"
2851,Overnight,2025-04-15T00:00:00.000,2 - Single-Unit Trucks
415,Overnight,2025-04-15T00:00:00.000,3 - Multi-Unit Trucks
829,Overnight,2025-04-15T00:00:00.000,4 - Buses
304,Overnight,2025-04-15T00:00:00.000,5 - Motorcycles
40005,Overnight,2025-04-15T00:00:00.000,TLC Taxi/FHV
245916,Peak,2025-04-15T00:00:00.000,"1 - Cars, Pickups and Vans"
19176,Peak,2025-04-15T00:00:00.000,2 - Single-Unit Trucks
1056,Peak,2025-04-15T00:00:00.000,3 - Multi-Unit Trucks
7862,Peak,2025-04-15T00:00:00.000,4 - Buses
1933,Peak,2025-04-15T00:00:00.000,5 - Motorcycles
137053,Peak,2025-04-15T00:00:00.000,TLC Taxi/FHV
41075,Overnight,2025-04-16T00:00:00.000,"1 - Cars, Pickups and Vans"
2817,Overnight,2025-04-16T00:00:00.000,2 - Single-Unit Trucks
417,Overnight,2025-04-16T00:00:00.000,3 - Multi-Unit Trucks
814,Overnight,2025-04-16T00:00:00.000,4 - Buses
276,Overnight,2025-04-16T00:00:00.000,5 - Motorcycles
44814,Overnight,2025-04-16T00:00:00.000,TLC Taxi/FHV
250224,Peak,2025-04-16T00:00:00.000,"1 - Cars, Pickups and Vans"
19046,Peak,2025-04-16T00:00:00.000,2 - Single-Unit Trucks
1056,Peak,2025-04-16T00:00:00.000,3 - Multi-Unit Trucks
8021,Peak,2025-04-16T00:00:00.000,4 - Buses
1818,Peak,2025-04-16T00:00:00.000,5 - Motorcycles
144790,Peak,2025-04-16T00:00:00.000,TLC Taxi/FHV
45502,Overnight,2025-04-17T00:00:00.000,"1 - Cars, Pickups and Vans"
2801,Overnight,2025-04-17T00:00:00.000,2 - Single-Unit Trucks
358,Overnight,2025-04-17T00:00:00.000,3 - Multi-Unit Trucks
873,Overnight,2025-04-17T00:00:00.000,4 - Buses
339,Overnight,2025-04-17T00:00:00.000,5 - Motorcycles
48025,Overnight,2025-04-17T00:00:00.000,TLC Taxi/FHV
256266,Peak,2025-04-17T00:00:00.000,"1 - Cars, Pickups and Vans"
19014,Peak,2025-04-17T00:00:00.000,2 - Single-Unit Trucks
1021,Peak,2025-04-17T00:00:00.000,3 - Multi-Unit Trucks
7731,Peak,2025-04-17T00:00:00.000,4 - Buses
1920,Peak,2025-04-17T00:00:00.000,5 - Motorcycles
143508,Peak,2025-04-17T00:00:00.000,TLC Taxi/FHV
49542,Overnight,2025-04-18T00:00:00.000,"1 - Cars, Pickups and Vans"
2581,Overnight,2025-04-18T00:00:00.000,2 - Single-Unit Trucks
371,Overnight,2025-04-18T00:00:00.000,3 - Multi-Unit Trucks
817,Overnight,2025-04-18T00:00:00.000,4 - Buses
359,Overnight,2025-04-18T00:00:00.000,5 - Motorcycles
50942,Overnight,2025-04-18T00:00:00.000,TLC Taxi/FHV
236056,Peak,2025-04-18T00:00:00.000,"1 - Cars, Pickups and Vans"
16511,Peak,2025-04-18T00:00:00.000,2 - Single-Unit Trucks
943,Peak,2025-04-18T00:00:00.000,3 - Multi-Unit Trucks
6976,Peak,2025-04-18T00:00:00.000,4 - Buses
1986,Peak,2025-04-18T00:00:00.000,5 - Motorcycles
131395,Peak,2025-04-18T00:00:00.000,TLC Taxi/FHV
90583,Overnight,2025-04-19T00:00:00.000,"1 - Cars, Pickups and Vans"
4154,Overnight,2025-04-19T00:00:00.000,2 - Single-Unit Trucks
457,Overnight,2025-04-19T00:00:00.000,3 - Multi-Unit Trucks
1512,Overnight,2025-04-19T00:00:00.000,4 - Buses
621,Overnight,2025-04-19T00:00:00.000,5 - Motorcycles
78202,Overnight,2025-04-19T00:00:00.000,TLC Taxi/FHV
202050,Peak,2025-04-19T00:00:00.000,"1 - Cars, Pickups and Vans"
4611,Peak,2025-04-19T00:00:00.000,2 - Single-Unit Trucks
447,Peak,2025-04-19T00:00:00.000,3 - Multi-Unit Trucks
3219,Peak,2025-04-19T00:00:00.000,4 - Buses
1665,Peak,2025-04-19T00:00:00.000,5 - Motorcycles
104332,Peak,2025-04-19T00:00:00.000,TLC Taxi/FHV
85656,Overnight,2025-04-20T00:00:00.000,"1 - Cars, Pickups and Vans"
1883,Overnight,2025-04-20T00:00:00.000,2 - Single-Unit Trucks
242,Overnight,2025-04-20T00:00:00.000,3 - Multi-Unit Trucks
1361,Overnight,2025-04-20T00:00:00.000,4 - Buses
517,Overnight,2025-04-20T00:00:00.000,5 - Motorcycles
72919,Overnight,2025-04-20T00:00:00.000,TLC Taxi/FHV
188873,Peak,2025-04-20T00:00:00.000,"1 - Cars, Pickups and Vans"
2500,Peak,2025-04-20T00:00:00.000,2 - Single-Unit Trucks
342,Peak,2025-04-20T00:00:00.000,3 - Multi-Unit Trucks
2786,Peak,2025-04-20T00:00:00.000,4 - Buses
1459,Peak,2025-04-20T00:00:00.000,5 - Motorcycles
95677,Peak,2025-04-20T00:00:00.000,TLC Taxi/FHV
40282,Overnight,2025-04-21T00:00:00.000,"1 - Cars, Pickups and Vans"
2423,Overnight,2025-04-21T00:00:00.000,2 - Single-Unit Trucks
370,Overnight,2025-04-21T00:00:00.000,3 - Multi-Unit Trucks
758,Overnight,2025-04-21T00:00:00.000,4 - Buses
313,Overnight,2025-04-21T00:00:00.000,5 - Motorcycles
36527,Overnight,2025-04-21T00:00:00.000,TLC Taxi/FHV
240438,Peak,2025-04-21T00:00:00.000,"1 - Cars, Pickups and Vans"
18838,Peak,2025-04-21T00:00:00.000,2 - Single-Unit Trucks
1187,Peak,2025-04-21T00:00:00.000,3 - Multi-Unit Trucks
9062,Peak,2025-04-21T00:00:00.000,4 - Buses
1921,Peak,2025-04-21T00:00:00.000,5 - Motorcycles
132185,Peak,2025-04-21T00:00:00.000,TLC Taxi/FHV
39870,Overnight,2025-04-22T00:00:00.000,"1 - Cars, Pickups and Vans"
2991,Overnight,2025-04-22T00:00:00.000,2 - Single-Unit Trucks
439,Overnight,2025-04-22T00:00:00.000,3 - Multi-Unit Trucks
787,Overnight,2025-04-22T00:00:00.000,4 - Buses
290,Overnight,2025-04-22T00:00:00.000,5 - Motorcycles
41778,Overnight,2025-04-22T00:00:00.000,TLC Taxi/FHV
247272,Peak,2025-04-22T00:00:00.000,"1 - Cars, Pickups and Vans"
20312,Peak,2025-04-22T00:00:00.000,2 - Single-Unit Trucks
1225,Peak,2025-04-22T00:00:00.000,3 - Multi-Unit Trucks
9507,Peak,2025-04-22T00:00:00.000,4 - Buses
2107,Peak,2025-04-22T00:00:00.000,5 - Motorcycles
138596,Peak,2025-04-22T00:00:00.000,TLC Taxi/FHV
41027,Overnight,2025-04-23T00:00:00.000,"1 - Cars, Pickups and Vans"
3009,Overnight,2025-04-23T00:00:00.000,2 - Single-Unit Trucks
458,Overnight,2025-04-23T00:00:00.000,3 - Multi-Unit Trucks
814,Overnight,2025-04-23T00:00:00.000,4 - Buses
333,Overnight,2025-04-23T00:00:00.000,5 - Motorcycles
46977,Overnight,2025-04-23T00:00:00.000,TLC Taxi/FHV
252453,Peak,2025-04-23T00:00:00.000,"1 - Cars, Pickups and Vans"
20275,Peak,2025-04-23T00:00:00.000,2 - Single-Unit Trucks
1163,Peak,2025-04-23T00:00:00.000,3 - Multi-Unit Trucks
9819,Peak,2025-04-23T00:00:00.000,4 - Buses
2139,Peak,2025-04-23T00:00:00.000,5 - Motorcycles
142288,Peak,2025-04-23T00:00:00.000,TLC Taxi/FHV
44119,Overnight,2025-04-24T00:00:00.000,"1 - Cars, Pickups and Vans"
3096,Overnight,2025-04-24T00:00:00.000,2 - Single-Unit Trucks
404,Overnight,2025-04-24T00:00:00.000,3 - Multi-Unit Trucks
830,Overnight,2025-04-24T00:00:00.000,4 - Buses
353,Overnight,2025-04-24T00:00:00.000,5 - Motorcycles
51572,Overnight,2025-04-24T00:00:00.000,TLC Taxi/FHV
258699,Peak,2025-04-24T00:00:00.000,"1 - Cars, Pickups and Vans"
20226,Peak,2025-04-24T00:00:00.000,2 - Single-Unit Trucks
1192,Peak,2025-04-24T00:00:00.000,3 - Multi-Unit Trucks
9907,Peak,2025-04-24T00:00:00.000,4 - Buses
2137,Peak,2025-04-24T00:00:00.000,5 - Motorcycles
145638,Peak,2025-04-24T00:00:00.000,TLC Taxi/FHV
52988,Overnight,2025-04-25T00:00:00.000,"1 - Cars, Pickups and Vans"
2979,Overnight,2025-04-25T00:00:00.000,2 - Single-Unit Trucks
449,Overnight,2025-04-25T00:00:00.000,3 - Multi-Unit Trucks
850,Overnight,2025-04-25T00:00:00.000,4 - Buses
389,Overnight,2025-04-25T00:00:00.000,5 - Motorcycles
55006,Overnight,2025-04-25T00:00:00.000,TLC Taxi/FHV
254274,Peak,2025-04-25T00:00:00.000,"1 - Cars, Pickups and Vans"
20506,Peak,2025-04-25T00:00:00.000,2 - Single-Unit Trucks
1201,Peak,2025-04-25T00:00:00.000,3 - Multi-Unit Trucks
9565,Peak,2025-04-25T00:00:00.000,4 - Buses
2311,Peak,2025-04-25T00:00:00.000,5 - Motorcycles
139649,Peak,2025-04-25T00:00:00.000,TLC Taxi/FHV
96215,Overnight,2025-04-26T00:00:00.000,"1 - Cars, Pickups and Vans"
4769,Overnight,2025-04-26T00:00:00.000,2 - Single-Unit Trucks
541,Overnight,2025-04-26T00:00:00.000,3 - Multi-Unit Trucks
1687,Overnight,2025-04-26T00:00:00.000,4 - Buses
518,Overnight,2025-04-26T00:00:00.000,5 - Motorcycles
87013,Overnight,2025-04-26T00:00:00.000,TLC Taxi/FHV
194883,Peak,2025-04-26T00:00:00.000,"1 - Cars, Pickups and Vans"
5445,Peak,2025-04-26T00:00:00.000,2 - Single-Unit Trucks
404,Peak,2025-04-26T00:00:00.000,3 - Multi-Unit Trucks
3671,Peak,2025-04-26T00:00:00.000,4 - Buses
1225,Peak,2025-04-26T00:00:00.000,5 - Motorcycles
115149,Peak,2025-04-26T00:00:00.000,TLC Taxi/FHV
84993,Overnight,2025-04-27T00:00:00.000,"1 - Cars, Pickups and Vans"
2613,Overnight,2025-04-27T00:00:00.000,2 - Single-Unit Trucks
289,Overnight,2025-04-27T00:00:00.000,3 - Multi-Unit Trucks
1446,Overnight,2025-04-27T00:00:00.000,4 - Buses
479,Overnight,2025-04-27T00:00:00.000,5 - Motorcycles
80231,Overnight,2025-04-27T00:00:00.000,TLC Taxi/FHV
198579,Peak,2025-04-27T00:00:00.000,"1 - Cars, Pickups and Vans"
3548,Peak,2025-04-27T00:00:00.000,2 - Single-Unit Trucks
340,Peak,2025-04-27T00:00:00.000,3 - Multi-Unit Trucks
3085,Peak,2025-04-27T00:00:00.000,4 - Buses
1506,Peak,2025-04-27T00:00:00.000,5 - Motorcycles
103096,Peak,2025-04-27T00:00:00.000,TLC Taxi/FHV
40548,Overnight,2025-04-28T00:00:00.000,"1 - Cars, Pickups and Vans"
2823,Overnight,2025-04-28T00:00:00.000,2 - Single-Unit Trucks
354,Overnight,2025-04-28T00:00:00.000,3 - Multi-Unit Trucks
806,Overnight,2025-04-28T00:00:00.000,4 - Buses
344,Overnight,2025-04-28T00:00:00.000,5 - Motorcycles
38897,Overnight,2025-04-28T00:00:00.000,TLC Taxi/FHV
241051,Peak,2025-04-28T00:00:00.000,"1 - Cars, Pickups and Vans"
20097,Peak,2025-04-28T00:00:00.000,2 - Single-Unit Trucks
1207,Peak,2025-04-28T00:00:00.000,3 - Multi-Unit Trucks
9649,Peak,2025-04-28T00:00:00.000,4 - Buses
2019,Peak,2025-04-28T00:00:00.000,5 - Motorcycles
133708,Peak,2025-04-28T00:00:00.000,TLC Taxi/FHV
40346,Overnight,2025-04-29T00:00:00.000,"1 - Cars, Pickups and Vans"
3001,Overnight,2025-04-29T00:00:00.000,2 - Single-Unit Trucks
458,Overnight,2025-04-29T00:00:00.000,3 - Multi-Unit Trucks
778,Overnight,2025-04-29T00:00:00.000,4 - Buses
351,Overnight,2025-04-29T00:00:00.000,5 - Motorcycles
43916,Overnight,2025-04-29T00:00:00.000,TLC Taxi/FHV
249007,Peak,2025-04-29T00:00:00.000,"1 - Cars, Pickups and Vans"
20999,Peak,2025-04-29T00:00:00.000,2 - Single-Unit Trucks
1232,Peak,2025-04-29T00:00:00.000,3 - Multi-Unit Trucks
9686,Peak,2025-04-29T00:00:00.000,4 - Buses
2099,Peak,2025-04-29T00:00:00.000,5 - Motorcycles
139250,Peak,2025-04-29T00:00:00.000,TLC Taxi/FHV
42575,Overnight,2025-04-30T00:00:00.000,"1 - Cars, Pickups and Vans"
3131,Overnight,2025-04-30T00:00:00.000,2 - Single-Unit Trucks
438,Overnight,2025-04-30T00:00:00.000,3 - Multi-Unit Trucks
787,Overnight,2025-04-30T00:00:00.000,4 - Buses
379,Overnight,2025-04-30T00:00:00.000,5 - Motorcycles
49788,Overnight,2025-04-30T00:00:00.000,TLC Taxi/FHV
251711,Peak,2025-04-30T00:00:00.000,"1 - Cars, Pickups and Vans"
21127,Peak,2025-04-30T00:00:00.000,2 - Single-Unit Trucks
1287,Peak,2025-04-30T00:00:00.000,3 - Multi-Unit Trucks
9779,Peak,2025-04-30T00:00:00.000,4 - Buses
2167,Peak,2025-04-30T00:00:00.000,5 - Motorcycles
144440,Peak,2025-04-30T00:00:00.000,TLC Taxi/FHV
44724,Overnight,2025-05-01T00:00:00.000,"1 - Cars, Pickups and Vans"
3058,Overnight,2025-05-01T00:00:00.000,2 - Single-Unit Trucks
431,Overnight,2025-05-01T00:00:00.000,3 - Multi-Unit Trucks
835,Overnight,2025-05-01T00:00:00.000,4 - Buses
367,Overnight,2025-05-01T00:00:00.000,5 - Motorcycles
54332,Overnight,2025-05-01T00:00:00.000,TLC Taxi/FHV
253784,Peak,2025-05-01T00:00:00.000,"1 - Cars, Pickups and Vans"
20935,Peak,2025-05-01T00:00:00.000,2 - Single-Unit Trucks
1283,Peak,2025-05-01T00:00:00.000,3 - Multi-Unit Trucks
9754,Peak,2025-05-01T00:00:00.000,4 - Buses
2078,Peak,2025-05-01T00:00:00.000,5 - Motorcycles
145144,Peak,2025-05-01T00:00:00.000,TLC Taxi/FHV
52674,Overnight,2025-05-02T00:00:00.000,"1 - Cars, Pickups and Vans"
2982,Overnight,2025-05-02T00:00:00.000,2 - Single-Unit Trucks
443,Overnight,2025-05-02T00:00:00.000,3 - Multi-Unit Trucks
822,Overnight,2025-05-02T00:00:00.000,4 - Buses
398,Overnight,2025-05-02T00:00:00.000,5 - Motorcycles
55352,Overnight,2025-05-02T00:00:00.000,TLC Taxi/FHV
253383,Peak,2025-05-02T00:00:00.000,"1 - Cars, Pickups and Vans"
21017,Peak,2025-05-02T00:00:00.000,2 - Single-Unit Trucks
1374,Peak,2025-05-02T00:00:00.000,3 - Multi-Unit Trucks
9294,Peak,2025-05-02T00:00:00.000,4 - Buses
2115,Peak,2025-05-02T00:00:00.000,5 - Motorcycles
141795,Peak,2025-05-02T00:00:00.000,TLC Taxi/FHV
99164,Overnight,2025-05-03T00:00:00.000,"1 - Cars, Pickups and Vans"
5080,Overnight,2025-05-03T00:00:00.000,2 - Single-Unit Trucks
587,Overnight,2025-05-03T00:00:00.000,3 - Multi-Unit Trucks
1659,Overnight,2025-05-03T00:00:00.000,4 - Buses
554,Overnight,2025-05-03T00:00:00.000,5 - Motorcycles
88538,Overnight,2025-05-03T00:00:00.000,TLC Taxi/FHV
199978,Peak,2025-05-03T00:00:00.000,"1 - Cars, Pickups and Vans"
5480,Peak,2025-05-03T00:00:00.000,2 - Single-Unit Trucks
510,Peak,2025-05-03T00:00:00.000,3 - Multi-Unit Trucks
3408,Peak,2025-05-03T00:00:00.000,4 - Buses
1353,Peak,2025-05-03T00:00:00.000,5 - Motorcycles
112609,Peak,2025-05-03T00:00:00.000,TLC Taxi/FHV
82344,Overnight,2025-05-04T00:00:00.000,"1 - Cars, Pickups and Vans"
2505,Overnight,2025-05-04T00:00:00.000,2 - Single-Unit Trucks
314,Overnight,2025-05-04T00:00:00.000,3 - Multi-Unit Trucks
1381,Overnight,2025-05-04T00:00:00.000,4 - Buses
462,Overnight,2025-05-04T00:00:00.000,5 - Motorcycles
79939,Overnight,2025-05-04T00:00:00.000,TLC Taxi/FHV
189013,Peak,2025-05-04T00:00:00.000,"1 - Cars, Pickups and Vans"
3338,Peak,2025-05-04T00:00:00.000,2 - Single-Unit Trucks
346,Peak,2025-05-04T00:00:00.000,3 - Multi-Unit Trucks
2915,Peak,2025-05-04T00:00:00.000,4 - Buses
1072,Peak,2025-05-04T00:00:00.000,5 - Motorcycles
98214,Peak,2025-05-04T00:00:00.000,TLC Taxi/FHV
39699,Overnight,2025-05-05T00:00:00.000,"1 - Cars, Pickups and Vans"
2917,Overnight,2025-05-05T00:00:00.000,2 - Single-Unit Trucks
355,Overnight,2025-05-05T00:00:00.000,3 - Multi-Unit Trucks
833,Overnight,2025-05-05T00:00:00.000,4 - Buses
191,Overnight,2025-05-05T00:00:00.000,5 - Motorcycles
41149,Overnight,2025-05-05T00:00:00.000,TLC Taxi/FHV
242341,Peak,2025-05-05T00:00:00.000,"1 - Cars, Pickups and Vans"
20371,Peak,2025-05-05T00:00:00.000,2 - Single-Unit Trucks
1118,Peak,2025-05-05T00:00:00.000,3 - Multi-Unit Trucks
9459,Peak,2025-05-05T00:00:00.000,4 - Buses
1164,Peak,2025-05-05T00:00:00.000,5 - Motorcycles
137870,Peak,2025-05-05T00:00:00.000,TLC Taxi/FHV
40164,Overnight,2025-05-06T00:00:00.000,"1 - Cars, Pickups and Vans"
2995,Overnight,2025-05-06T00:00:00.000,2 - Single-Unit Trucks
415,Overnight,2025-05-06T00:00:00.000,3 - Multi-Unit Trucks
824,Overnight,2025-05-06T00:00:00.000,4 - Buses
232,Overnight,2025-05-06T00:00:00.000,5 - Motorcycles
47446,Overnight,2025-05-06T00:00:00.000,TLC Taxi/FHV
249520,Peak,2025-05-06T00:00:00.000,"1 - Cars, Pickups and Vans"
21033,Peak,2025-05-06T00:00:00.000,2 - Single-Unit Trucks
1097,Peak,2025-05-06T00:00:00.000,3 - Multi-Unit Trucks
9413,Peak,2025-05-06T00:00:00.000,4 - Buses
1418,Peak,2025-05-06T00:00:00.000,5 - Motorcycles
141333,Peak,2025-05-06T00:00:00.000,TLC Taxi/FHV
41933,Overnight,2025-05-07T00:00:00.000,"1 - Cars, Pickups and Vans"
2921,Overnight,2025-05-07T00:00:00.000,2 - Single-Unit Trucks
399,Overnight,2025-05-07T00:00:00.000,3 - Multi-Unit Trucks
791,Overnight,2025-05-07T00:00:00.000,4 - Buses
339,Overnight,2025-05-07T00:00:00.000,5 - Motorcycles
49739,Overnight,2025-05-07T00:00:00.000,TLC Taxi/FHV
253601,Peak,2025-05-07T00:00:00.000,"1 - Cars, Pickups and Vans"
20935,Peak,2025-05-07T00:00:00.000,2 - Single-Unit Trucks
1101,Peak,2025-05-07T00:00:00.000,3 - Multi-Unit Trucks
9876,Peak,2025-05-07T00:00:00.000,4 - Buses
2028,Peak,2025-05-07T00:00:00.000,5 - Motorcycles
143523,Peak,2025-05-07T00:00:00.000,TLC Taxi/FHV
45550,Overnight,2025-05-08T00:00:00.000,"1 - Cars, Pickups and Vans"
3154,Overnight,2025-05-08T00:00:00.000,2 - Single-Unit Trucks
385,Overnight,2025-05-08T00:00:00.000,3 - Multi-Unit Trucks
856,Overnight,2025-05-08T00:00:00.000,4 - Buses
328,Overnight,2025-05-08T00:00:00.000,5 - Motorcycles
55676,Overnight,2025-05-08T00:00:00.000,TLC Taxi/FHV
260228,Peak,2025-05-08T00:00:00.000,"1 - Cars, Pickups and Vans"
20659,Peak,2025-05-08T00:00:00.000,2 - Single-Unit Trucks
994,Peak,2025-05-08T00:00:00.000,3 - Multi-Unit Trucks
9867,Peak,2025-05-08T00:00:00.000,4 - Buses
2012,Peak,2025-05-08T00:00:00.000,5 - Motorcycles
146916,Peak,2025-05-08T00:00:00.000,TLC Taxi/FHV
51743,Overnight,2025-05-09T00:00:00.000,"1 - Cars, Pickups and Vans"
2861,Overnight,2025-05-09T00:00:00.000,2 - Single-Unit Trucks
376,Overnight,2025-05-09T00:00:00.000,3 - Multi-Unit Trucks
883,Overnight,2025-05-09T00:00:00.000,4 - Buses
310,Overnight,2025-05-09T00:00:00.000,5 - Motorcycles
56241,Overnight,2025-05-09T00:00:00.000,TLC Taxi/FHV
252558,Peak,2025-05-09T00:00:00.000,"1 - Cars, Pickups and Vans"
19328,Peak,2025-05-09T00:00:00.000,2 - Single-Unit Trucks
1064,Peak,2025-05-09T00:00:00.000,3 - Multi-Unit Trucks
9438,Peak,2025-05-09T00:00:00.000,4 - Buses
1201,Peak,2025-05-09T00:00:00.000,5 - Motorcycles
140942,Peak,2025-05-09T00:00:00.000,TLC Taxi/FHV
103961,Overnight,2025-05-10T00:00:00.000,"1 - Cars, Pickups and Vans"
5150,Overnight,2025-05-10T00:00:00.000,2 - Single-Unit Trucks
498,Overnight,2025-05-10T00:00:00.000,3 - Multi-Unit Trucks
1619,Overnight,2025-05-10T00:00:00.000,4 - Buses
662,Overnight,2025-05-10T00:00:00.000,5 - Motorcycles
86087,Overnight,2025-05-10T00:00:00.000,TLC Taxi/FHV
210081,Peak,2025-05-10T00:00:00.000,"1 - Cars, Pickups and Vans"
5229,Peak,2025-05-10T00:00:00.000,2 - Single-Unit Trucks
312,Peak,2025-05-10T00:00:00.000,3 - Multi-Unit Trucks
3256,Peak,2025-05-10T00:00:00.000,4 - Buses
1566,Peak,2025-05-10T00:00:00.000,5 - Motorcycles
107322,Peak,2025-05-10T00:00:00.000,TLC Taxi/FHV
90416,Overnight,2025-05-11T00:00:00.000,"1 - Cars, Pickups and Vans"
2310,Overnight,2025-05-11T00:00:00.000,2 - Single-Unit Trucks
258,Overnight,2025-05-11T00:00:00.000,3 - Multi-Unit Trucks
1215,Overnight,2025-05-11T00:00:00.000,4 - Buses
617,Overnight,2025-05-11T00:00:00.000,5 - Motorcycles
80668,Overnight,2025-05-11T00:00:00.000,TLC Taxi/FHV
214416,Peak,2025-05-11T00:00:00.000,"1 - Cars, Pickups and Vans"
2831,Peak,2025-05-11T00:00:00.000,2 - Single-Unit Trucks
171,Peak,2025-05-11T00:00:00.000,3 - Multi-Unit Trucks
2670,Peak,2025-05-11T00:00:00.000,4 - Buses
1515,Peak,2025-05-11T00:00:00.000,5 - Motorcycles
100119,Peak,2025-05-11T00:00:00.000,TLC Taxi/FHV
41273,Overnight,2025-05-12T00:00:00.000,"1 - Cars, Pickups and Vans"
2600,Overnight,2025-05-12T00:00:00.000,2 - Single-Unit Trucks
346,Overnight,2025-05-12T00:00:00.000,3 - Multi-Unit Trucks
772,Overnight,2025-05-12T00:00:00.000,4 - Buses
297,Overnight,2025-05-12T00:00:00.000,5 - Motorcycles
40681,Overnight,2025-05-12T00:00:00.000,TLC Taxi/FHV
247777,Peak,2025-05-12T00:00:00.000,"1 - Cars, Pickups and Vans"
19898,Peak,2025-05-12T00:00:00.000,2 - Single-Unit Trucks
1111,Peak,2025-05-12T00:00:00.000,3 - Multi-Unit Trucks
9577,Peak,2025-05-12T00:00:00.000,4 - Buses
1947,Peak,2025-05-12T00:00:00.000,5 - Motorcycles
134271,Peak,2025-05-12T00:00:00.000,TLC Taxi/FHV
40352,Overnight,2025-05-13T00:00:00.000,"1 - Cars, Pickups and Vans"
3002,Overnight,2025-05-13T00:00:00.000,2 - Single-Unit Trucks
407,Overnight,2025-05-13T00:00:00.000,3 - Multi-Unit Trucks
782,Overnight,2025-05-13T00:00:00.000,4 - Buses
227,Overnight,2025-05-13T00:00:00.000,5 - Motorcycles
45923,Overnight,2025-05-13T00:00:00.000,TLC Taxi/FHV
253445,Peak,2025-05-13T00:00:00.000,"1 - Cars, Pickups and Vans"
20631,Peak,2025-05-13T00:00:00.000,2 - Single-Unit Trucks
1032,Peak,2025-05-13T00:00:00.000,3 - Multi-Unit Trucks
9537,Peak,2025-05-13T00:00:00.000,4 - Buses
1636,Peak,2025-05-13T00:00:00.000,5 - Motorcycles
140624,Peak,2025-05-13T00:00:00.000,TLC Taxi/FHV
40577,Overnight,2025-05-14T00:00:00.000,"1 - Cars, Pickups and Vans"
2847,Overnight,2025-05-14T00:00:00.000,2 - Single-Unit Trucks
387,Overnight,2025-05-14T00:00:00.000,3 - Multi-Unit Trucks
796,Overnight,2025-05-14T00:00:00.000,4 - Buses
205,Overnight,2025-05-14T00:00:00.000,5 - Motorcycles
49736,Overnight,2025-05-14T00:00:00.000,TLC Taxi/FHV
251717,Peak,2025-05-14T00:00:00.000,"1 - Cars, Pickups and Vans"
19626,Peak,2025-05-14T00:00:00.000,2 - Single-Unit Trucks
1003,Peak,2025-05-14T00:00:00.000,3 - Multi-Unit Trucks
9360,Peak,2025-05-14T00:00:00.000,4 - Buses
1044,Peak,2025-05-14T00:00:00.000,5 - Motorcycles
144108,Peak,2025-05-14T00:00:00.000,TLC Taxi/FHV
46021,Overnight,2025-05-15T00:00:00.000,"1 - Cars, Pickups and Vans"
3037,Overnight,2025-05-15T00:00:00.000,2 - Single-Unit Trucks
398,Overnight,2025-05-15T00:00:00.000,3 - Multi-Unit Trucks
818,Overnight,2025-05-15T00:00:00.000,4 - Buses
333,Overnight,2025-05-15T00:00:00.000,5 - Motorcycles
54805,Overnight,2025-05-15T00:00:00.000,TLC Taxi/FHV
261452,Peak,2025-05-15T00:00:00.000,"1 - Cars, Pickups and Vans"
20364,Peak,2025-05-15T00:00:00.000,2 - Single-Unit Trucks
1098,Peak,2025-05-15T00:00:00.000,3 - Multi-Unit Trucks
9590,Peak,2025-05-15T00:00:00.000,4 - Buses
1775,Peak,2025-05-15T00:00:00.000,5 - Motorcycles
148931,Peak,2025-05-15T00:00:00.000,TLC Taxi/FHV
55804,Overnight,2025-05-16T00:00:00.000,"1 - Cars, Pickups and Vans"
2957,Overnight,2025-05-16T00:00:00.000,2 - Single-Unit Trucks
419,Overnight,2025-05-16T00:00:00.000,3 - Multi-Unit Trucks
931,Overnight,2025-05-16T00:00:00.000,4 - Buses
372,Overnight,2025-05-16T00:00:00.000,5 - Motorcycles
59939,Overnight,2025-05-16T00:00:00.000,TLC Taxi/FHV
264153,Peak,2025-05-16T00:00:00.000,"1 - Cars, Pickups and Vans"
20506,Peak,2025-05-16T00:00:00.000,2 - Single-Unit Trucks
1042,Peak,2025-05-16T00:00:00.000,3 - Multi-Unit Trucks
9245,Peak,2025-05-16T00:00:00.000,4 - Buses
1943,Peak,2025-05-16T00:00:00.000,5 - Motorcycles
138667,Peak,2025-05-16T00:00:00.000,TLC Taxi/FHV
108035,Overnight,2025-05-17T00:00:00.000,"1 - Cars, Pickups and Vans"
5065,Overnight,2025-05-17T00:00:00.000,2 - Single-Unit Trucks
539,Overnight,2025-05-17T00:00:00.000,3 - Multi-Unit Trucks
1677,Overnight,2025-05-17T00:00:00.000,4 - Buses
649,Overnight,2025-05-17T00:00:00.000,5 - Motorcycles
90777,Overnight,2025-05-17T00:00:00.000,TLC Taxi/FHV
205134,Peak,2025-05-17T00:00:00.000,"1 - Cars, Pickups and Vans"
5146,Peak,2025-05-17T00:00:00.000,2 - Single-Unit Trucks
344,Peak,2025-05-17T00:00:00.000,3 - Multi-Unit Trucks
3490,Peak,2025-05-17T00:00:00.000,4 - Buses
1441,Peak,2025-05-17T00:00:00.000,5 - Motorcycles
110819,Peak,2025-05-17T00:00:00.000,TLC Taxi/FHV
95116,Overnight,2025-05-18T00:00:00.000,"1 - Cars, Pickups and Vans"
2809,Overnight,2025-05-18T00:00:00.000,2 - Single-Unit Trucks
291,Overnight,2025-05-18T00:00:00.000,3 - Multi-Unit Trucks
1613,Overnight,2025-05-18T00:00:00.000,4 - Buses
776,Overnight,2025-05-18T00:00:00.000,5 - Motorcycles
83557,Overnight,2025-05-18T00:00:00.000,TLC Taxi/FHV
206257,Peak,2025-05-18T00:00:00.000,"1 - Cars, Pickups and Vans"
3390,Peak,2025-05-18T00:00:00.000,2 - Single-Unit Trucks
218,Peak,2025-05-18T00:00:00.000,3 - Multi-Unit Trucks
3422,Peak,2025-05-18T00:00:00.000,4 - Buses
2202,Peak,2025-05-18T00:00:00.000,5 - Motorcycles
98783,Peak,2025-05-18T00:00:00.000,TLC Taxi/FHV
42866,Overnight,2025-05-19T00:00:00.000,"1 - Cars, Pickups and Vans"
2743,Overnight,2025-05-19T00:00:00.000,2 - Single-Unit Trucks
346,Overnight,2025-05-19T00:00:00.000,3 - Multi-Unit Trucks
801,Overnight,2025-05-19T00:00:00.000,4 - Buses
334,Overnight,2025-05-19T00:00:00.000,5 - Motorcycles
41054,Overnight,2025-05-19T00:00:00.000,TLC Taxi/FHV
253093,Peak,2025-05-19T00:00:00.000,"1 - Cars, Pickups and Vans"
19155,Peak,2025-05-19T00:00:00.000,2 - Single-Unit Trucks
1027,Peak,2025-05-19T00:00:00.000,3 - Multi-Unit Trucks
9764,Peak,2025-05-19T00:00:00.000,4 - Buses
1976,Peak,2025-05-19T00:00:00.000,5 - Motorcycles
134976,Peak,2025-05-19T00:00:00.000,TLC Taxi/FHV
42566,Overnight,2025-05-20T00:00:00.000,"1 - Cars, Pickups and Vans"
2999,Overnight,2025-05-20T00:00:00.000,2 - Single-Unit Trucks
397,Overnight,2025-05-20T00:00:00.000,3 - Multi-Unit Trucks
819,Overnight,2025-05-20T00:00:00.000,4 - Buses
327,Overnight,2025-05-20T00:00:00.000,5 - Motorcycles
46071,Overnight,2025-05-20T00:00:00.000,TLC Taxi/FHV
257911,Peak,2025-05-20T00:00:00.000,"1 - Cars, Pickups and Vans"
20252,Peak,2025-05-20T00:00:00.000,2 - Single-Unit Trucks
998,Peak,2025-05-20T00:00:00.000,3 - Multi-Unit Trucks
9769,Peak,2025-05-20T00:00:00.000,4 - Buses
1963,Peak,2025-05-20T00:00:00.000,5 - Motorcycles
140019,Peak,2025-05-20T00:00:00.000,TLC Taxi/FHV
41916,Overnight,2025-05-21T00:00:00.000,"1 - Cars, Pickups and Vans"
2899,Overnight,2025-05-21T00:00:00.000,2 - Single-Unit Trucks
451,Overnight,2025-05-21T00:00:00.000,3 - Multi-Unit Trucks
773,Overnight,2025-05-21T00:00:00.000,4 - Buses
257,Overnight,2025-05-21T00:00:00.000,5 - Motorcycles
50452,Overnight,2025-05-21T00:00:00.000,TLC Taxi/FHV
257320,Peak,2025-05-21T00:00:00.000,"1 - Cars, Pickups and Vans"
19725,Peak,2025-05-21T00:00:00.000,2 - Single-Unit Trucks
1052,Peak,2025-05-21T00:00:00.000,3 - Multi-Unit Trucks
9838,Peak,2025-05-21T00:00:00.000,4 - Buses
1308,Peak,2025-05-21T00:00:00.000,5 - Motorcycles
146210,Peak,2025-05-21T00:00:00.000,TLC Taxi/FHV
44387,Overnight,2025-05-22T00:00:00.000,"1 - Cars, Pickups and Vans"
2804,Overnight,2025-05-22T00:00:00.000,2 - Single-Unit Trucks
398,Overnight,2025-05-22T00:00:00.000,3 - Multi-Unit Trucks
817,Overnight,2025-05-22T00:00:00.000,4 - Buses
239,Overnight,2025-05-22T00:00:00.000,5 - Motorcycles
50122,Overnight,2025-05-22T00:00:00.000,TLC Taxi/FHV
255356,Peak,2025-05-22T00:00:00.000,"1 - Cars, Pickups and Vans"
18975,Peak,2025-05-22T00:00:00.000,2 - Single-Unit Trucks
1025,Peak,2025-05-22T00:00:00.000,3 - Multi-Unit Trucks
9668,Peak,2025-05-22T00:00:00.000,4 - Buses
1000,Peak,2025-05-22T00:00:00.000,5 - Motorcycles
145772,Peak,2025-05-22T00:00:00.000,TLC Taxi/FHV
50745,Overnight,2025-05-23T00:00:00.000,"1 - Cars, Pickups and Vans"
2778,Overnight,2025-05-23T00:00:00.000,2 - Single-Unit Trucks
364,Overnight,2025-05-23T00:00:00.000,3 - Multi-Unit Trucks
969,Overnight,2025-05-23T00:00:00.000,4 - Buses
263,Overnight,2025-05-23T00:00:00.000,5 - Motorcycles
51322,Overnight,2025-05-23T00:00:00.000,TLC Taxi/FHV
252446,Peak,2025-05-23T00:00:00.000,"1 - Cars, Pickups and Vans"
19645,Peak,2025-05-23T00:00:00.000,2 - Single-Unit Trucks
1097,Peak,2025-05-23T00:00:00.000,3 - Multi-Unit Trucks
9178,Peak,2025-05-23T00:00:00.000,4 - Buses
1588,Peak,2025-05-23T00:00:00.000,5 - Motorcycles
133795,Peak,2025-05-23T00:00:00.000,TLC Taxi/FHV
88647,Overnight,2025-05-24T00:00:00.000,"1 - Cars, Pickups and Vans"
4150,Overnight,2025-05-24T00:00:00.000,2 - Single-Unit Trucks
422,Overnight,2025-05-24T00:00:00.000,3 - Multi-Unit Trucks
1692,Overnight,2025-05-24T00:00:00.000,4 - Buses
531,Overnight,2025-05-24T00:00:00.000,5 - Motorcycles
75728,Overnight,2025-05-24T00:00:00.000,TLC Taxi/FHV
182607,Peak,2025-05-24T00:00:00.000,"1 - Cars, Pickups and Vans"
4594,Peak,2025-05-24T00:00:00.000,2 - Single-Unit Trucks
242,Peak,2025-05-24T00:00:00.000,3 - Multi-Unit Trucks
3558,Peak,2025-05-24T00:00:00.000,4 - Buses
1371,Peak,2025-05-24T00:00:00.000,5 - Motorcycles
105154,Peak,2025-05-24T00:00:00.000,TLC Taxi/FHV
83619,Overnight,2025-05-25T00:00:00.000,"1 - Cars, Pickups and Vans"
2058,Overnight,2025-05-25T00:00:00.000,2 - Single-Unit Trucks
253,Overnight,2025-05-25T00:00:00.000,3 - Multi-Unit Trucks
1335,Overnight,2025-05-25T00:00:00.000,4 - Buses
499,Overnight,2025-05-25T00:00:00.000,5 - Motorcycles
69332,Overnight,2025-05-25T00:00:00.000,TLC Taxi/FHV
188358,Peak,2025-05-25T00:00:00.000,"1 - Cars, Pickups and Vans"
2862,Peak,2025-05-25T00:00:00.000,2 - Single-Unit Trucks
199,Peak,2025-05-25T00:00:00.000,3 - Multi-Unit Trucks
2839,Peak,2025-05-25T00:00:00.000,4 - Buses
1331,Peak,2025-05-25T00:00:00.000,5 - Motorcycles
90882,Peak,2025-05-25T00:00:00.000,TLC Taxi/FHV
47428,Overnight,2025-05-26T00:00:00.000,"1 - Cars, Pickups and Vans"
1334,Overnight,2025-05-26T00:00:00.000,2 - Single-Unit Trucks
184,Overnight,2025-05-26T00:00:00.000,3 - Multi-Unit Trucks
755,Overnight,2025-05-26T00:00:00.000,4 - Buses
326,Overnight,2025-05-26T00:00:00.000,5 - Motorcycles
40458,Overnight,2025-05-26T00:00:00.000,TLC Taxi/FHV
193732,Peak,2025-05-26T00:00:00.000,"1 - Cars, Pickups and Vans"
5032,Peak,2025-05-26T00:00:00.000,2 - Single-Unit Trucks
358,Peak,2025-05-26T00:00:00.000,3 - Multi-Unit Trucks
3606,Peak,2025-05-26T00:00:00.000,4 - Buses
1552,Peak,2025-05-26T00:00:00.000,5 - Motorcycles
104409,Peak,2025-05-26T00:00:00.000,TLC Taxi/FHV
40206,Overnight,2025-05-27T00:00:00.000,"1 - Cars, Pickups and Vans"
2623,Overnight,2025-05-27T00:00:00.000,2 - Single-Unit Trucks
344,Overnight,2025-05-27T00:00:00.000,3 - Multi-Unit Trucks
781,Overnight,2025-05-27T00:00:00.000,4 - Buses
281,Overnight,2025-05-27T00:00:00.000,5 - Motorcycles
38150,Overnight,2025-05-27T00:00:00.000,TLC Taxi/FHV
253815,Peak,2025-05-27T00:00:00.000,"1 - Cars, Pickups and Vans"
19942,Peak,2025-05-27T00:00:00.000,2 - Single-Unit Trucks
1006,Peak,2025-05-27T00:00:00.000,3 - Multi-Unit Trucks
9743,Peak,2025-05-27T00:00:00.000,4 - Buses
2139,Peak,2025-05-27T00:00:00.000,5 - Motorcycles
135661,Peak,2025-05-27T00:00:00.000,TLC Taxi/FHV
41666,Overnight,2025-05-28T00:00:00.000,"1 - Cars, Pickups and Vans"
2888,Overnight,2025-05-28T00:00:00.000,2 - Single-Unit Trucks
399,Overnight,2025-05-28T00:00:00.000,3 - Multi-Unit Trucks
802,Overnight,2025-05-28T00:00:00.000,4 - Buses
214,Overnight,2025-05-28T00:00:00.000,5 - Motorcycles
46253,Overnight,2025-05-28T00:00:00.000,TLC Taxi/FHV
254783,Peak,2025-05-28T00:00:00.000,"1 - Cars, Pickups and Vans"
20539,Peak,2025-05-28T00:00:00.000,2 - Single-Unit Trucks
1129,Peak,2025-05-28T00:00:00.000,3 - Multi-Unit Trucks
9752,Peak,2025-05-28T00:00:00.000,4 - Buses
1510,Peak,2025-05-28T00:00:00.000,5 - Motorcycles
137143,Peak,2025-05-28T00:00:00.000,TLC Taxi/FHV
45268,Overnight,2025-05-29T00:00:00.000,"1 - Cars, Pickups and Vans"
2929,Overnight,2025-05-29T00:00:00.000,2 - Single-Unit Trucks
427,Overnight,2025-05-29T00:00:00.000,3 - Multi-Unit Trucks
873,Overnight,2025-05-29T00:00:00.000,4 - Buses
313,Overnight,2025-05-29T00:00:00.000,5 - Motorcycles
49997,Overnight,2025-05-29T00:00:00.000,TLC Taxi/FHV
256265,Peak,2025-05-29T00:00:00.000,"1 - Cars, Pickups and Vans"
20985,Peak,2025-05-29T00:00:00.000,2 - Single-Unit Trucks
1089,Peak,2025-05-29T00:00:00.000,3 - Multi-Unit Trucks
9703,Peak,2025-05-29T00:00:00.000,4 - Buses
1724,Peak,2025-05-29T00:00:00.000,5 - Motorcycles
144717,Peak,2025-05-29T00:00:00.000,TLC Taxi/FHV
51814,Overnight,2025-05-30T00:00:00.000,"1 - Cars, Pickups and Vans"
2902,Overnight,2025-05-30T00:00:00.000,2 - Single-Unit Trucks
391,Overnight,2025-05-30T00:00:00.000,3 - Multi-Unit Trucks
877,Overnight,2025-05-30T00:00:00.000,4 - Buses
313,Overnight,2025-05-30T00:00:00.000,5 - Motorcycles
54779,Overnight,2025-05-30T00:00:00.000,TLC Taxi/FHV
253019,Peak,2025-05-30T00:00:00.000,"1 - Cars, Pickups and Vans"
20699,Peak,2025-05-30T00:00:00.000,2 - Single-Unit Trucks
1089,Peak,2025-05-30T00:00:00.000,3 - Multi-Unit Trucks
9367,Peak,2025-05-30T00:00:00.000,4 - Buses
1826,Peak,2025-05-30T00:00:00.000,5 - Motorcycles
136053,Peak,2025-05-30T00:00:00.000,TLC Taxi/FHV
92289,Overnight,2025-05-31T00:00:00.000,"1 - Cars, Pickups and Vans"
5013,Overnight,2025-05-31T00:00:00.000,2 - Single-Unit Trucks
496,Overnight,2025-05-31T00:00:00.000,3 - Multi-Unit Trucks
1800,Overnight,2025-05-31T00:00:00.000,4 - Buses
479,Overnight,2025-05-31T00:00:00.000,5 - Motorcycles
83548,Overnight,2025-05-31T00:00:00.000,TLC Taxi/FHV
191966,Peak,2025-05-31T00:00:00.000,"1 - Cars, Pickups and Vans"
5487,Peak,2025-05-31T00:00:00.000,2 - Single-Unit Trucks
340,Peak,2025-05-31T00:00:00.000,3 - Multi-Unit Trucks
3392,Peak,2025-05-31T00:00:00.000,4 - Buses
1395,Peak,2025-05-31T00:00:00.000,5 - Motorcycles
112768,Peak,2025-05-31T00:00:00.000,TLC Taxi/FHV
81694,Overnight,2025-06-01T00:00:00.000,"1 - Cars, Pickups and Vans"
2490,Overnight,2025-06-01T00:00:00.000,2 - Single-Unit Trucks
273,Overnight,2025-06-01T00:00:00.000,3 - Multi-Unit Trucks
1372,Overnight,2025-06-01T00:00:00.000,4 - Buses
491,Overnight,2025-06-01T00:00:00.000,5 - Motorcycles
78292,Overnight,2025-06-01T00:00:00.000,TLC Taxi/FHV
196200,Peak,2025-06-01T00:00:00.000,"1 - Cars, Pickups and Vans"
3445,Peak,2025-06-01T00:00:00.000,2 - Single-Unit Trucks
203,Peak,2025-06-01T00:00:00.000,3 - Multi-Unit Trucks
3051,Peak,2025-06-01T00:00:00.000,4 - Buses
1526,Peak,2025-06-01T00:00:00.000,5 - Motorcycles
102044,Peak,2025-06-01T00:00:00.000,TLC Taxi/FHV
39069,Overnight,2025-06-02T00:00:00.000,"1 - Cars, Pickups and Vans"
2606,Overnight,2025-06-02T00:00:00.000,2 - Single-Unit Trucks
348,Overnight,2025-06-02T00:00:00.000,3 - Multi-Unit Trucks
782,Overnight,2025-06-02T00:00:00.000,4 - Buses
289,Overnight,2025-06-02T00:00:00.000,5 - Motorcycles
39112,Overnight,2025-06-02T00:00:00.000,TLC Taxi/FHV
226967,Peak,2025-06-02T00:00:00.000,"1 - Cars, Pickups and Vans"
18267,Peak,2025-06-02T00:00:00.000,2 - Single-Unit Trucks
913,Peak,2025-06-02T00:00:00.000,3 - Multi-Unit Trucks
9416,Peak,2025-06-02T00:00:00.000,4 - Buses
2005,Peak,2025-06-02T00:00:00.000,5 - Motorcycles
135909,Peak,2025-06-02T00:00:00.000,TLC Taxi/FHV
40186,Overnight,2025-06-03T00:00:00.000,"1 - Cars, Pickups and Vans"
2921,Overnight,2025-06-03T00:00:00.000,2 - Single-Unit Trucks
357,Overnight,2025-06-03T00:00:00.000,3 - Multi-Unit Trucks
805,Overnight,2025-06-03T00:00:00.000,4 - Buses
337,Overnight,2025-06-03T00:00:00.000,5 - Motorcycles
44055,Overnight,2025-06-03T00:00:00.000,TLC Taxi/FHV
238402,Peak,2025-06-03T00:00:00.000,"1 - Cars, Pickups and Vans"
18946,Peak,2025-06-03T00:00:00.000,2 - Single-Unit Trucks
1011,Peak,2025-06-03T00:00:00.000,3 - Multi-Unit Trucks
9450,Peak,2025-06-03T00:00:00.000,4 - Buses
2113,Peak,2025-06-03T00:00:00.000,5 - Motorcycles
141986,Peak,2025-06-03T00:00:00.000,TLC Taxi/FHV
44904,Overnight,2025-06-04T00:00:00.000,"1 - Cars, Pickups and Vans"
3014,Overnight,2025-06-04T00:00:00.000,2 - Single-Unit Trucks
421,Overnight,2025-06-04T00:00:00.000,3 - Multi-Unit Trucks
792,Overnight,2025-06-04T00:00:00.000,4 - Buses
348,Overnight,2025-06-04T00:00:00.000,5 - Motorcycles
48339,Overnight,2025-06-04T00:00:00.000,TLC Taxi/FHV
254937,Peak,2025-06-04T00:00:00.000,"1 - Cars, Pickups and Vans"
19659,Peak,2025-06-04T00:00:00.000,2 - Single-Unit Trucks
929,Peak,2025-06-04T00:00:00.000,3 - Multi-Unit Trucks
9805,Peak,2025-06-04T00:00:00.000,4 - Buses
2111,Peak,2025-06-04T00:00:00.000,5 - Motorcycles
141998,Peak,2025-06-04T00:00:00.000,TLC Taxi/FHV
47896,Overnight,2025-06-05T00:00:00.000,"1 - Cars, Pickups and Vans"
3052,Overnight,2025-06-05T00:00:00.000,2 - Single-Unit Trucks
423,Overnight,2025-06-05T00:00:00.000,3 - Multi-Unit Trucks
836,Overnight,2025-06-05T00:00:00.000,4 - Buses
383,Overnight,2025-06-05T00:00:00.000,5 - Motorcycles
53538,Overnight,2025-06-05T00:00:00.000,TLC Taxi/FHV
258620,Peak,2025-06-05T00:00:00.000,"1 - Cars, Pickups and Vans"
20039,Peak,2025-06-05T00:00:00.000,2 - Single-Unit Trucks
1071,Peak,2025-06-05T00:00:00.000,3 - Multi-Unit Trucks
8260,Peak,2025-06-05T00:00:00.000,4 - Buses
1989,Peak,2025-06-05T00:00:00.000,5 - Motorcycles
143601,Peak,2025-06-05T00:00:00.000,TLC Taxi/FHV
54691,Overnight,2025-06-06T00:00:00.000,"1 - Cars, Pickups and Vans"
2978,Overnight,2025-06-06T00:00:00.000,2 - Single-Unit Trucks
417,Overnight,2025-06-06T00:00:00.000,3 - Multi-Unit Trucks
886,Overnight,2025-06-06T00:00:00.000,4 - Buses
357,Overnight,2025-06-06T00:00:00.000,5 - Motorcycles
51268,Overnight,2025-06-06T00:00:00.000,TLC Taxi/FHV
253711,Peak,2025-06-06T00:00:00.000,"1 - Cars, Pickups and Vans"
19908,Peak,2025-06-06T00:00:00.000,2 - Single-Unit Trucks
1009,Peak,2025-06-06T00:00:00.000,3 - Multi-Unit Trucks
8207,Peak,2025-06-06T00:00:00.000,4 - Buses
1693,Peak,2025-06-06T00:00:00.000,5 - Motorcycles
123245,Peak,2025-06-06T00:00:00.000,TLC Taxi/FHV
101716,Overnight,2025-06-07T00:00:00.000,"1 - Cars, Pickups and Vans"
4985,Overnight,2025-06-07T00:00:00.000,2 - Single-Unit Trucks
446,Overnight,2025-06-07T00:00:00.000,3 - Multi-Unit Trucks
1857,Overnight,2025-06-07T00:00:00.000,4 - Buses
527,Overnight,2025-06-07T00:00:00.000,5 - Motorcycles
80259,Overnight,2025-06-07T00:00:00.000,TLC Taxi/FHV
192873,Peak,2025-06-07T00:00:00.000,"1 - Cars, Pickups and Vans"
4979,Peak,2025-06-07T00:00:00.000,2 - Single-Unit Trucks
286,Peak,2025-06-07T00:00:00.000,3 - Multi-Unit Trucks
3269,Peak,2025-06-07T00:00:00.000,4 - Buses
999,Peak,2025-06-07T00:00:00.000,5 - Motorcycles
104370,Peak,2025-06-07T00:00:00.000,TLC Taxi/FHV
93760,Overnight,2025-06-08T00:00:00.000,"1 - Cars, Pickups and Vans"
2564,Overnight,2025-06-08T00:00:00.000,2 - Single-Unit Trucks
268,Overnight,2025-06-08T00:00:00.000,3 - Multi-Unit Trucks
1552,Overnight,2025-06-08T00:00:00.000,4 - Buses
518,Overnight,2025-06-08T00:00:00.000,5 - Motorcycles
77598,Overnight,2025-06-08T00:00:00.000,TLC Taxi/FHV
201276,Peak,2025-06-08T00:00:00.000,"1 - Cars, Pickups and Vans"
3075,Peak,2025-06-08T00:00:00.000,2 - Single-Unit Trucks
155,Peak,2025-06-08T00:00:00.000,3 - Multi-Unit Trucks
2928,Peak,2025-06-08T00:00:00.000,4 - Buses
1427,Peak,2025-06-08T00:00:00.000,5 - Motorcycles
94465,Peak,2025-06-08T00:00:00.000,TLC Taxi/FHV
40741,Overnight,2025-06-09T00:00:00.000,"1 - Cars, Pickups and Vans"
2645,Overnight,2025-06-09T00:00:00.000,2 - Single-Unit Trucks
334,Overnight,2025-06-09T00:00:00.000,3 - Multi-Unit Trucks
787,Overnight,2025-06-09T00:00:00.000,4 - Buses
247,Overnight,2025-06-09T00:00:00.000,5 - Motorcycles
41454,Overnight,2025-06-09T00:00:00.000,TLC Taxi/FHV
242198,Peak,2025-06-09T00:00:00.000,"1 - Cars, Pickups and Vans"
18920,Peak,2025-06-09T00:00:00.000,2 - Single-Unit Trucks
949,Peak,2025-06-09T00:00:00.000,3 - Multi-Unit Trucks
9410,Peak,2025-06-09T00:00:00.000,4 - Buses
1470,Peak,2025-06-09T00:00:00.000,5 - Motorcycles
133021,Peak,2025-06-09T00:00:00.000,TLC Taxi/FHV
41179,Overnight,2025-06-10T00:00:00.000,"1 - Cars, Pickups and Vans"
2910,Overnight,2025-06-10T00:00:00.000,2 - Single-Unit Trucks
401,Overnight,2025-06-10T00:00:00.000,3 - Multi-Unit Trucks
799,Overnight,2025-06-10T00:00:00.000,4 - Buses
291,Overnight,2025-06-10T00:00:00.000,5 - Motorcycles
43273,Overnight,2025-06-10T00:00:00.000,TLC Taxi/FHV
248772,Peak,2025-06-10T00:00:00.000,"1 - Cars, Pickups and Vans"
19374,Peak,2025-06-10T00:00:00.000,2 - Single-Unit Trucks
999,Peak,2025-06-10T00:00:00.000,3 - Multi-Unit Trucks
9398,Peak,2025-06-10T00:00:00.000,4 - Buses
1410,Peak,2025-06-10T00:00:00.000,5 - Motorcycles
137898,Peak,2025-06-10T00:00:00.000,TLC Taxi/FHV
43588,Overnight,2025-06-11T00:00:00.000,"1 - Cars, Pickups and Vans"
2841,Overnight,2025-06-11T00:00:00.000,2 - Single-Unit Trucks
415,Overnight,2025-06-11T00:00:00.000,3 - Multi-Unit Trucks
792,Overnight,2025-06-11T00:00:00.000,4 - Buses
355,Overnight,2025-06-11T00:00:00.000,5 - Motorcycles
49104,Overnight,2025-06-11T00:00:00.000,TLC Taxi/FHV
255230,Peak,2025-06-11T00:00:00.000,"1 - Cars, Pickups and Vans"
19719,Peak,2025-06-11T00:00:00.000,2 - Single-Unit Trucks
979,Peak,2025-06-11T00:00:00.000,3 - Multi-Unit Trucks
9455,Peak,2025-06-11T00:00:00.000,4 - Buses
2113,Peak,2025-06-11T00:00:00.000,5 - Motorcycles
140418,Peak,2025-06-11T00:00:00.000,TLC Taxi/FHV
46012,Overnight,2025-06-12T00:00:00.000,"1 - Cars, Pickups and Vans"
3007,Overnight,2025-06-12T00:00:00.000,2 - Single-Unit Trucks
430,Overnight,2025-06-12T00:00:00.000,3 - Multi-Unit Trucks
808,Overnight,2025-06-12T00:00:00.000,4 - Buses
346,Overnight,2025-06-12T00:00:00.000,5 - Motorcycles
53483,Overnight,2025-06-12T00:00:00.000,TLC Taxi/FHV
263453,Peak,2025-06-12T00:00:00.000,"1 - Cars, Pickups and Vans"
19876,Peak,2025-06-12T00:00:00.000,2 - Single-Unit Trucks
1065,Peak,2025-06-12T00:00:00.000,3 - Multi-Unit Trucks
9140,Peak,2025-06-12T00:00:00.000,4 - Buses
1912,Peak,2025-06-12T00:00:00.000,5 - Motorcycles
142478,Peak,2025-06-12T00:00:00.000,TLC Taxi/FHV
51954,Overnight,2025-06-13T00:00:00.000,"1 - Cars, Pickups and Vans"
2765,Overnight,2025-06-13T00:00:00.000,2 - Single-Unit Trucks
413,Overnight,2025-06-13T00:00:00.000,3 - Multi-Unit Trucks
877,Overnight,2025-06-13T00:00:00.000,4 - Buses
383,Overnight,2025-06-13T00:00:00.000,5 - Motorcycles
53926,Overnight,2025-06-13T00:00:00.000,TLC Taxi/FHV
252264,Peak,2025-06-13T00:00:00.000,"1 - Cars, Pickups and Vans"
19592,Peak,2025-06-13T00:00:00.000,2 - Single-Unit Trucks
1020,Peak,2025-06-13T00:00:00.000,3 - Multi-Unit Trucks
9141,Peak,2025-06-13T00:00:00.000,4 - Buses
2194,Peak,2025-06-13T00:00:00.000,5 - Motorcycles
135199,Peak,2025-06-13T00:00:00.000,TLC Taxi/FHV
93757,Overnight,2025-06-14T00:00:00.000,"1 - Cars, Pickups and Vans"
4648,Overnight,2025-06-14T00:00:00.000,2 - Single-Unit Trucks
479,Overnight,2025-06-14T00:00:00.000,3 - Multi-Unit Trucks
1798,Overnight,2025-06-14T00:00:00.000,4 - Buses
447,Overnight,2025-06-14T00:00:00.000,5 - Motorcycles
81842,Overnight,2025-06-14T00:00:00.000,TLC Taxi/FHV
187155,Peak,2025-06-14T00:00:00.000,"1 - Cars, Pickups and Vans"
4824,Peak,2025-06-14T00:00:00.000,2 - Single-Unit Trucks
272,Peak,2025-06-14T00:00:00.000,3 - Multi-Unit Trucks
3347,Peak,2025-06-14T00:00:00.000,4 - Buses
890,Peak,2025-06-14T00:00:00.000,5 - Motorcycles
105368,Peak,2025-06-14T00:00:00.000,TLC Taxi/FHV
84346,Overnight,2025-06-15T00:00:00.000,"1 - Cars, Pickups and Vans"
2212,Overnight,2025-06-15T00:00:00.000,2 - Single-Unit Trucks
253,Overnight,2025-06-15T00:00:00.000,3 - Multi-Unit Trucks
1370,Overnight,2025-06-15T00:00:00.000,4 - Buses
394,Overnight,2025-06-15T00:00:00.000,5 - Motorcycles
73071,Overnight,2025-06-15T00:00:00.000,TLC Taxi/FHV
193178,Peak,2025-06-15T00:00:00.000,"1 - Cars, Pickups and Vans"
2672,Peak,2025-06-15T00:00:00.000,2 - Single-Unit Trucks
189,Peak,2025-06-15T00:00:00.000,3 - Multi-Unit Trucks
2854,Peak,2025-06-15T00:00:00.000,4 - Buses
1113,Peak,2025-06-15T00:00:00.000,5 - Motorcycles
94660,Peak,2025-06-15T00:00:00.000,TLC Taxi/FHV
39848,Overnight,2025-06-16T00:00:00.000,"1 - Cars, Pickups and Vans"
2541,Overnight,2025-06-16T00:00:00.000,2 - Single-Unit Trucks
316,Overnight,2025-06-16T00:00:00.000,3 - Multi-Unit Trucks
784,Overnight,2025-06-16T00:00:00.000,4 - Buses
234,Overnight,2025-06-16T00:00:00.000,5 - Motorcycles
37515,Overnight,2025-06-16T00:00:00.000,TLC Taxi/FHV
240115,Peak,2025-06-16T00:00:00.000,"1 - Cars, Pickups and Vans"
18615,Peak,2025-06-16T00:00:00.000,2 - Single-Unit Trucks
991,Peak,2025-06-16T00:00:00.000,3 - Multi-Unit Trucks
8969,Peak,2025-06-16T00:00:00.000,4 - Buses
1597,Peak,2025-06-16T00:00:00.000,5 - Motorcycles
131658,Peak,2025-06-16T00:00:00.000,TLC Taxi/FHV
40679,Overnight,2025-06-17T00:00:00.000,"1 - Cars, Pickups and Vans"
2843,Overnight,2025-06-17T00:00:00.000,2 - Single-Unit Trucks
400,Overnight,2025-06-17T00:00:00.000,3 - Multi-Unit Trucks
807,Overnight,2025-06-17T00:00:00.000,4 - Buses
257,Overnight,2025-06-17T00:00:00.000,5 - Motorcycles
43802,Overnight,2025-06-17T00:00:00.000,TLC Taxi/FHV
250636,Peak,2025-06-17T00:00:00.000,"1 - Cars, Pickups and Vans"
19767,Peak,2025-06-17T00:00:00.000,2 - Single-Unit Trucks
1054,Peak,2025-06-17T00:00:00.000,3 - Multi-Unit Trucks
8865,Peak,2025-06-17T00:00:00.000,4 - Buses
1542,Peak,2025-06-17T00:00:00.000,5 - Motorcycles
135364,Peak,2025-06-17T00:00:00.000,TLC Taxi/FHV
44902,Overnight,2025-06-18T00:00:00.000,"1 - Cars, Pickups and Vans"
2853,Overnight,2025-06-18T00:00:00.000,2 - Single-Unit Trucks
403,Overnight,2025-06-18T00:00:00.000,3 - Multi-Unit Trucks
775,Overnight,2025-06-18T00:00:00.000,4 - Buses
287,Overnight,2025-06-18T00:00:00.000,5 - Motorcycles
47865,Overnight,2025-06-18T00:00:00.000,TLC Taxi/FHV
257028,Peak,2025-06-18T00:00:00.000,"1 - Cars, Pickups and Vans"
19980,Peak,2025-06-18T00:00:00.000,2 - Single-Unit Trucks
1032,Peak,2025-06-18T00:00:00.000,3 - Multi-Unit Trucks
8813,Peak,2025-06-18T00:00:00.000,4 - Buses
1741,Peak,2025-06-18T00:00:00.000,5 - Motorcycles
138883,Peak,2025-06-18T00:00:00.000,TLC Taxi/FHV
46536,Overnight,2025-06-19T00:00:00.000,"1 - Cars, Pickups and Vans"
2673,Overnight,2025-06-19T00:00:00.000,2 - Single-Unit Trucks
417,Overnight,2025-06-19T00:00:00.000,3 - Multi-Unit Trucks
828,Overnight,2025-06-19T00:00:00.000,4 - Buses
314,Overnight,2025-06-19T00:00:00.000,5 - Motorcycles
50383,Overnight,2025-06-19T00:00:00.000,TLC Taxi/FHV
239164,Peak,2025-06-19T00:00:00.000,"1 - Cars, Pickups and Vans"
18140,Peak,2025-06-19T00:00:00.000,2 - Single-Unit Trucks
964,Peak,2025-06-19T00:00:00.000,3 - Multi-Unit Trucks
6416,Peak,2025-06-19T00:00:00.000,4 - Buses
1596,Peak,2025-06-19T00:00:00.000,5 - Motorcycles
132498,Peak,2025-06-19T00:00:00.000,TLC Taxi/FHV
54180,Overnight,2025-06-20T00:00:00.000,"1 - Cars, Pickups and Vans"
2852,Overnight,2025-06-20T00:00:00.000,2 - Single-Unit Trucks
445,Overnight,2025-06-20T00:00:00.000,3 - Multi-Unit Trucks
813,Overnight,2025-06-20T00:00:00.000,4 - Buses
393,Overnight,2025-06-20T00:00:00.000,5 - Motorcycles
51277,Overnight,2025-06-20T00:00:00.000,TLC Taxi/FHV
250714,Peak,2025-06-20T00:00:00.000,"1 - Cars, Pickups and Vans"
19918,Peak,2025-06-20T00:00:00.000,2 - Single-Unit Trucks
1019,Peak,2025-06-20T00:00:00.000,3 - Multi-Unit Trucks
8152,Peak,2025-06-20T00:00:00.000,4 - Buses
1915,Peak,2025-06-20T00:00:00.000,5 - Motorcycles
128652,Peak,2025-06-20T00:00:00.000,TLC Taxi/FHV
102113,Overnight,2025-06-21T00:00:00.000,"1 - Cars, Pickups and Vans"
4825,Overnight,2025-06-21T00:00:00.000,2 - Single-Unit Trucks
552,Overnight,2025-06-21T00:00:00.000,3 - Multi-Unit Trucks
1725,Overnight,2025-06-21T00:00:00.000,4 - Buses
711,Overnight,2025-06-21T00:00:00.000,5 - Motorcycles
81975,Overnight,2025-06-21T00:00:00.000,TLC Taxi/FHV
192848,Peak,2025-06-21T00:00:00.000,"1 - Cars, Pickups and Vans"
5146,Peak,2025-06-21T00:00:00.000,2 - Single-Unit Trucks
322,Peak,2025-06-21T00:00:00.000,3 - Multi-Unit Trucks
3056,Peak,2025-06-21T00:00:00.000,4 - Buses
1269,Peak,2025-06-21T00:00:00.000,5 - Motorcycles
104030,Peak,2025-06-21T00:00:00.000,TLC Taxi/FHV
91334,Overnight,2025-06-22T00:00:00.000,"1 - Cars, Pickups and Vans"
2492,Overnight,2025-06-22T00:00:00.000,2 - Single-Unit Trucks
272,Overnight,2025-06-22T00:00:00.000,3 - Multi-Unit Trucks
1356,Overnight,2025-06-22T00:00:00.000,4 - Buses
521,Overnight,2025-06-22T00:00:00.000,5 - Motorcycles
78073,Overnight,2025-06-22T00:00:00.000,TLC Taxi/FHV
192725,Peak,2025-06-22T00:00:00.000,"1 - Cars, Pickups and Vans"
3244,Peak,2025-06-22T00:00:00.000,2 - Single-Unit Trucks
209,Peak,2025-06-22T00:00:00.000,3 - Multi-Unit Trucks
2737,Peak,2025-06-22T00:00:00.000,4 - Buses
1182,Peak,2025-06-22T00:00:00.000,5 - Motorcycles
98840,Peak,2025-06-22T00:00:00.000,TLC Taxi/FHV
44697,Overnight,2025-06-23T00:00:00.000,"1 - Cars, Pickups and Vans"
2611,Overnight,2025-06-23T00:00:00.000,2 - Single-Unit Trucks
344,Overnight,2025-06-23T00:00:00.000,3 - Multi-Unit Trucks
830,Overnight,2025-06-23T00:00:00.000,4 - Buses
325,Overnight,2025-06-23T00:00:00.000,5 - Motorcycles
40723,Overnight,2025-06-23T00:00:00.000,TLC Taxi/FHV
244800,Peak,2025-06-23T00:00:00.000,"1 - Cars, Pickups and Vans"
18889,Peak,2025-06-23T00:00:00.000,2 - Single-Unit Trucks
1052,Peak,2025-06-23T00:00:00.000,3 - Multi-Unit Trucks
8001,Peak,2025-06-23T00:00:00.000,4 - Buses
1645,Peak,2025-06-23T00:00:00.000,5 - Motorcycles
129470,Peak,2025-06-23T00:00:00.000,TLC Taxi/FHV
43705,Overnight,2025-06-24T00:00:00.000,"1 - Cars, Pickups and Vans"
3019,Overnight,2025-06-24T00:00:00.000,2 - Single-Unit Trucks
402,Overnight,2025-06-24T00:00:00.000,3 - Multi-Unit Trucks
813,Overnight,2025-06-24T00:00:00.000,4 - Buses
309,Overnight,2025-06-24T00:00:00.000,5 - Motorcycles
44981,Overnight,2025-06-24T00:00:00.000,TLC Taxi/FHV
250041,Peak,2025-06-24T00:00:00.000,"1 - Cars, Pickups and Vans"
19453,Peak,2025-06-24T00:00:00.000,2 - Single-Unit Trucks
977,Peak,2025-06-24T00:00:00.000,3 - Multi-Unit Trucks
8055,Peak,2025-06-24T00:00:00.000,4 - Buses
1475,Peak,2025-06-24T00:00:00.000,5 - Motorcycles
135667,Peak,2025-06-24T00:00:00.000,TLC Taxi/FHV
44500,Overnight,2025-06-25T00:00:00.000,"1 - Cars, Pickups and Vans"
2878,Overnight,2025-06-25T00:00:00.000,2 - Single-Unit Trucks
403,Overnight,2025-06-25T00:00:00.000,3 - Multi-Unit Trucks
774,Overnight,2025-06-25T00:00:00.000,4 - Buses
350,Overnight,2025-06-25T00:00:00.000,5 - Motorcycles
48593,Overnight,2025-06-25T00:00:00.000,TLC Taxi/FHV
252140,Peak,2025-06-25T00:00:00.000,"1 - Cars, Pickups and Vans"
19374,Peak,2025-06-25T00:00:00.000,2 - Single-Unit Trucks
1008,Peak,2025-06-25T00:00:00.000,3 - Multi-Unit Trucks
7886,Peak,2025-06-25T00:00:00.000,4 - Buses
1744,Peak,2025-06-25T00:00:00.000,5 - Motorcycles
138392,Peak,2025-06-25T00:00:00.000,TLC Taxi/FHV
46453,Overnight,2025-06-26T00:00:00.000,"1 - Cars, Pickups and Vans"
2937,Overnight,2025-06-26T00:00:00.000,2 - Single-Unit Trucks
447,Overnight,2025-06-26T00:00:00.000,3 - Multi-Unit Trucks
875,Overnight,2025-06-26T00:00:00.000,4 - Buses
372,Overnight,2025-06-26T00:00:00.000,5 - Motorcycles
50988,Overnight,2025-06-26T00:00:00.000,TLC Taxi/FHV
257914,Peak,2025-06-26T00:00:00.000,"1 - Cars, Pickups and Vans"
20457,Peak,2025-06-26T00:00:00.000,2 - Single-Unit Trucks
1087,Peak,2025-06-26T00:00:00.000,3 - Multi-Unit Trucks
8022,Peak,2025-06-26T00:00:00.000,4 - Buses
1984,Peak,2025-06-26T00:00:00.000,5 - Motorcycles
138940,Peak,2025-06-26T00:00:00.000,TLC Taxi/FHV
52705,Overnight,2025-06-27T00:00:00.000,"1 - Cars, Pickups and Vans"
2857,Overnight,2025-06-27T00:00:00.000,2 - Single-Unit Trucks
387,Overnight,2025-06-27T00:00:00.000,3 - Multi-Unit Trucks
855,Overnight,2025-06-27T00:00:00.000,4 - Buses
303,Overnight,2025-06-27T00:00:00.000,5 - Motorcycles
54014,Overnight,2025-06-27T00:00:00.000,TLC Taxi/FHV
251876,Peak,2025-06-27T00:00:00.000,"1 - Cars, Pickups and Vans"
20046,Peak,2025-06-27T00:00:00.000,2 - Single-Unit Trucks
1145,Peak,2025-06-27T00:00:00.000,3 - Multi-Unit Trucks
7185,Peak,2025-06-27T00:00:00.000,4 - Buses
1898,Peak,2025-06-27T00:00:00.000,5 - Motorcycles
134327,Peak,2025-06-27T00:00:00.000,TLC Taxi/FHV
97813,Overnight,2025-06-28T00:00:00.000,"1 - Cars, Pickups and Vans"
4958,Overnight,2025-06-28T00:00:00.000,2 - Single-Unit Trucks
488,Overnight,2025-06-28T00:00:00.000,3 - Multi-Unit Trucks
1697,Overnight,2025-06-28T00:00:00.000,4 - Buses
494,Overnight,2025-06-28T00:00:00.000,5 - Motorcycles
82269,Overnight,2025-06-28T00:00:00.000,TLC Taxi/FHV
193227,Peak,2025-06-28T00:00:00.000,"1 - Cars, Pickups and Vans"
5716,Peak,2025-06-28T00:00:00.000,2 - Single-Unit Trucks
327,Peak,2025-06-28T00:00:00.000,3 - Multi-Unit Trucks
3071,Peak,2025-06-28T00:00:00.000,4 - Buses
1433,Peak,2025-06-28T00:00:00.000,5 - Motorcycles
105167,Peak,2025-06-28T00:00:00.000,TLC Taxi/FHV
92882,Overnight,2025-06-29T00:00:00.000,"1 - Cars, Pickups and Vans"
2717,Overnight,2025-06-29T00:00:00.000,2 - Single-Unit Trucks
248,Overnight,2025-06-29T00:00:00.000,3 - Multi-Unit Trucks
1429,Overnight,2025-06-29T00:00:00.000,4 - Buses
587,Overnight,2025-06-29T00:00:00.000,5 - Motorcycles
78642,Overnight,2025-06-29T00:00:00.000,TLC Taxi/FHV
186467,Peak,2025-06-29T00:00:00.000,"1 - Cars, Pickups and Vans"
3479,Peak,2025-06-29T00:00:00.000,2 - Single-Unit Trucks
162,Peak,2025-06-29T00:00:00.000,3 - Multi-Unit Trucks
2881,Peak,2025-06-29T00:00:00.000,4 - Buses
1229,Peak,2025-06-29T00:00:00.000,5 - Motorcycles
91714,Peak,2025-06-29T00:00:00.000,TLC Taxi/FHV
43364,Overnight,2025-06-30T00:00:00.000,"1 - Cars, Pickups and Vans"
2672,Overnight,2025-06-30T00:00:00.000,2 - Single-Unit Trucks
352,Overnight,2025-06-30T00:00:00.000,3 - Multi-Unit Trucks
792,Overnight,2025-06-30T00:00:00.000,4 - Buses
330,Overnight,2025-06-30T00:00:00.000,5 - Motorcycles
38445,Overnight,2025-06-30T00:00:00.000,TLC Taxi/FHV
244189,Peak,2025-06-30T00:00:00.000,"1 - Cars, Pickups and Vans"
19718,Peak,2025-06-30T00:00:00.000,2 - Single-Unit Trucks
1029,Peak,2025-06-30T00:00:00.000,3 - Multi-Unit Trucks
7354,Peak,2025-06-30T00:00:00.000,4 - Buses
1841,Peak,2025-06-30T00:00:00.000,5 - Motorcycles
124233,Peak,2025-06-30T00:00:00.000,TLC Taxi/FHV
39933,Overnight,2025-07-01T00:00:00.000,"1 - Cars, Pickups and Vans"
2762,Overnight,2025-07-01T00:00:00.000,2 - Single-Unit Trucks
382,Overnight,2025-07-01T00:00:00.000,3 - Multi-Unit Trucks
796,Overnight,2025-07-01T00:00:00.000,4 - Buses
193,Overnight,2025-07-01T00:00:00.000,5 - Motorcycles
39652,Overnight,2025-07-01T00:00:00.000,TLC Taxi/FHV
243945,Peak,2025-07-01T00:00:00.000,"1 - Cars, Pickups and Vans"
20054,Peak,2025-07-01T00:00:00.000,2 - Single-Unit Trucks
1045,Peak,2025-07-01T00:00:00.000,3 - Multi-Unit Trucks
7259,Peak,2025-07-01T00:00:00.000,4 - Buses
1627,Peak,2025-07-01T00:00:00.000,5 - Motorcycles
128752,Peak,2025-07-01T00:00:00.000,TLC Taxi/FHV
43510,Overnight,2025-07-02T00:00:00.000,"1 - Cars, Pickups and Vans"
2883,Overnight,2025-07-02T00:00:00.000,2 - Single-Unit Trucks
411,Overnight,2025-07-02T00:00:00.000,3 - Multi-Unit Trucks
770,Overnight,2025-07-02T00:00:00.000,4 - Buses
269,Overnight,2025-07-02T00:00:00.000,5 - Motorcycles
39519,Overnight,2025-07-02T00:00:00.000,TLC Taxi/FHV
243733,Peak,2025-07-02T00:00:00.000,"1 - Cars, Pickups and Vans"
19481,Peak,2025-07-02T00:00:00.000,2 - Single-Unit Trucks
1096,Peak,2025-07-02T00:00:00.000,3 - Multi-Unit Trucks
7812,Peak,2025-07-02T00:00:00.000,4 - Buses
1709,Peak,2025-07-02T00:00:00.000,5 - Motorcycles
132120,Peak,2025-07-02T00:00:00.000,TLC Taxi/FHV
49803,Overnight,2025-07-03T00:00:00.000,"1 - Cars, Pickups and Vans"
2830,Overnight,2025-07-03T00:00:00.000,2 - Single-Unit Trucks
415,Overnight,2025-07-03T00:00:00.000,3 - Multi-Unit Trucks
851,Overnight,2025-07-03T00:00:00.000,4 - Buses
342,Overnight,2025-07-03T00:00:00.000,5 - Motorcycles
40134,Overnight,2025-07-03T00:00:00.000,TLC Taxi/FHV
238606,Peak,2025-07-03T00:00:00.000,"1 - Cars, Pickups and Vans"
18697,Peak,2025-07-03T00:00:00.000,2 - Single-Unit Trucks
1048,Peak,2025-07-03T00:00:00.000,3 - Multi-Unit Trucks
7674,Peak,2025-07-03T00:00:00.000,4 - Buses
1810,Peak,2025-07-03T00:00:00.000,5 - Motorcycles
125195,Peak,2025-07-03T00:00:00.000,TLC Taxi/FHV
44235,Overnight,2025-07-04T00:00:00.000,"1 - Cars, Pickups and Vans"
1297,Overnight,2025-07-04T00:00:00.000,2 - Single-Unit Trucks
218,Overnight,2025-07-04T00:00:00.000,3 - Multi-Unit Trucks
713,Overnight,2025-07-04T00:00:00.000,4 - Buses
333,Overnight,2025-07-04T00:00:00.000,5 - Motorcycles
40309,Overnight,2025-07-04T00:00:00.000,TLC Taxi/FHV
157888,Peak,2025-07-04T00:00:00.000,"1 - Cars, Pickups and Vans"
3849,Peak,2025-07-04T00:00:00.000,2 - Single-Unit Trucks
340,Peak,2025-07-04T00:00:00.000,3 - Multi-Unit Trucks
3661,Peak,2025-07-04T00:00:00.000,4 - Buses
1255,Peak,2025-07-04T00:00:00.000,5 - Motorcycles
90333,Peak,2025-07-04T00:00:00.000,TLC Taxi/FHV
86287,Overnight,2025-07-05T00:00:00.000,"1 - Cars, Pickups and Vans"
3225,Overnight,2025-07-05T00:00:00.000,2 - Single-Unit Trucks
323,Overnight,2025-07-05T00:00:00.000,3 - Multi-Unit Trucks
1473,Overnight,2025-07-05T00:00:00.000,4 - Buses
596,Overnight,2025-07-05T00:00:00.000,5 - Motorcycles
63658,Overnight,2025-07-05T00:00:00.000,TLC Taxi/FHV
162496,Peak,2025-07-05T00:00:00.000,"1 - Cars, Pickups and Vans"
3913,Peak,2025-07-05T00:00:00.000,2 - Single-Unit Trucks
249,Peak,2025-07-05T00:00:00.000,3 - Multi-Unit Trucks
2921,Peak,2025-07-05T00:00:00.000,4 - Buses
1192,Peak,2025-07-05T00:00:00.000,5 - Motorcycles
91155,Peak,2025-07-05T00:00:00.000,TLC Taxi/FHV
83603,Overnight,2025-07-06T00:00:00.000,"1 - Cars, Pickups and Vans"
2054,Overnight,2025-07-06T00:00:00.000,2 - Single-Unit Trucks
240,Overnight,2025-07-06T00:00:00.000,3 - Multi-Unit Trucks
1332,Overnight,2025-07-06T00:00:00.000,4 - Buses
505,Overnight,2025-07-06T00:00:00.000,5 - Motorcycles
60685,Overnight,2025-07-06T00:00:00.000,TLC Taxi/FHV
179056,Peak,2025-07-06T00:00:00.000,"1 - Cars, Pickups and Vans"
2715,Peak,2025-07-06T00:00:00.000,2 - Single-Unit Trucks
159,Peak,2025-07-06T00:00:00.000,3 - Multi-Unit Trucks
2843,Peak,2025-07-06T00:00:00.000,4 - Buses
1207,Peak,2025-07-06T00:00:00.000,5 - Motorcycles
92652,Peak,2025-07-06T00:00:00.000,TLC Taxi/FHV
42382,Overnight,2025-07-07T00:00:00.000,"1 - Cars, Pickups and Vans"
2462,Overnight,2025-07-07T00:00:00.000,2 - Single-Unit Trucks
330,Overnight,2025-07-07T00:00:00.000,3 - Multi-Unit Trucks
772,Overnight,2025-07-07T00:00:00.000,4 - Buses
298,Overnight,2025-07-07T00:00:00.000,5 - Motorcycles
35922,Overnight,2025-07-07T00:00:00.000,TLC Taxi/FHV
232263,Peak,2025-07-07T00:00:00.000,"1 - Cars, Pickups and Vans"
18096,Peak,2025-07-07T00:00:00.000,2 - Single-Unit Trucks
985,Peak,2025-07-07T00:00:00.000,3 - Multi-Unit Trucks
8204,Peak,2025-07-07T00:00:00.000,4 - Buses
1653,Peak,2025-07-07T00:00:00.000,5 - Motorcycles
128801,Peak,2025-07-07T00:00:00.000,TLC Taxi/FHV
40270,Overnight,2025-07-08T00:00:00.000,"1 - Cars, Pickups and Vans"
2838,Overnight,2025-07-08T00:00:00.000,2 - Single-Unit Trucks
422,Overnight,2025-07-08T00:00:00.000,3 - Multi-Unit Trucks
785,Overnight,2025-07-08T00:00:00.000,4 - Buses
217,Overnight,2025-07-08T00:00:00.000,5 - Motorcycles
41729,Overnight,2025-07-08T00:00:00.000,TLC Taxi/FHV
241991,Peak,2025-07-08T00:00:00.000,"1 - Cars, Pickups and Vans"
19048,Peak,2025-07-08T00:00:00.000,2 - Single-Unit Trucks
937,Peak,2025-07-08T00:00:00.000,3 - Multi-Unit Trucks
8433,Peak,2025-07-08T00:00:00.000,4 - Buses
1646,Peak,2025-07-08T00:00:00.000,5 - Motorcycles
137844,Peak,2025-07-08T00:00:00.000,TLC Taxi/FHV
43385,Overnight,2025-07-09T00:00:00.000,"1 - Cars, Pickups and Vans"
2797,Overnight,2025-07-09T00:00:00.000,2 - Single-Unit Trucks
373,Overnight,2025-07-09T00:00:00.000,3 - Multi-Unit Trucks
767,Overnight,2025-07-09T00:00:00.000,4 - Buses
275,Overnight,2025-07-09T00:00:00.000,5 - Motorcycles
46270,Overnight,2025-07-09T00:00:00.000,TLC Taxi/FHV
248358,Peak,2025-07-09T00:00:00.000,"1 - Cars, Pickups and Vans"
19431,Peak,2025-07-09T00:00:00.000,2 - Single-Unit Trucks
905,Peak,2025-07-09T00:00:00.000,3 - Multi-Unit Trucks
8646,Peak,2025-07-09T00:00:00.000,4 - Buses
1840,Peak,2025-07-09T00:00:00.000,5 - Motorcycles
138093,Peak,2025-07-09T00:00:00.000,TLC Taxi/FHV
44042,Overnight,2025-07-10T00:00:00.000,"1 - Cars, Pickups and Vans"
2851,Overnight,2025-07-10T00:00:00.000,2 - Single-Unit Trucks
411,Overnight,2025-07-10T00:00:00.000,3 - Multi-Unit Trucks
817,Overnight,2025-07-10T00:00:00.000,4 - Buses
316,Overnight,2025-07-10T00:00:00.000,5 - Motorcycles
48539,Overnight,2025-07-10T00:00:00.000,TLC Taxi/FHV
248424,Peak,2025-07-10T00:00:00.000,"1 - Cars, Pickups and Vans"
19877,Peak,2025-07-10T00:00:00.000,2 - Single-Unit Trucks
954,Peak,2025-07-10T00:00:00.000,3 - Multi-Unit Trucks
8542,Peak,2025-07-10T00:00:00.000,4 - Buses
1763,Peak,2025-07-10T00:00:00.000,5 - Motorcycles
142829,Peak,2025-07-10T00:00:00.000,TLC Taxi/FHV
52834,Overnight,2025-07-11T00:00:00.000,"1 - Cars, Pickups and Vans"
2854,Overnight,2025-07-11T00:00:00.000,2 - Single-Unit Trucks
374,Overnight,2025-07-11T00:00:00.000,3 - Multi-Unit Trucks
824,Overnight,2025-07-11T00:00:00.000,4 - Buses
396,Overnight,2025-07-11T00:00:00.000,5 - Motorcycles
52387,Overnight,2025-07-11T00:00:00.000,TLC Taxi/FHV
242725,Peak,2025-07-11T00:00:00.000,"1 - Cars, Pickups and Vans"
19905,Peak,2025-07-11T00:00:00.000,2 - Single-Unit Trucks
951,Peak,2025-07-11T00:00:00.000,3 - Multi-Unit Trucks
8437,Peak,2025-07-11T00:00:00.000,4 - Buses
2053,Peak,2025-07-11T00:00:00.000,5 - Motorcycles
134282,Peak,2025-07-11T00:00:00.000,TLC Taxi/FHV
99055,Overnight,2025-07-12T00:00:00.000,"1 - Cars, Pickups and Vans"
4741,Overnight,2025-07-12T00:00:00.000,2 - Single-Unit Trucks
523,Overnight,2025-07-12T00:00:00.000,3 - Multi-Unit Trucks
1742,Overnight,2025-07-12T00:00:00.000,4 - Buses
639,Overnight,2025-07-12T00:00:00.000,5 - Motorcycles
84681,Overnight,2025-07-12T00:00:00.000,TLC Taxi/FHV
182805,Peak,2025-07-12T00:00:00.000,"1 - Cars, Pickups and Vans"
5074,Peak,2025-07-12T00:00:00.000,2 - Single-Unit Trucks
292,Peak,2025-07-12T00:00:00.000,3 - Multi-Unit Trucks
3234,Peak,2025-07-12T00:00:00.000,4 - Buses
1548,Peak,2025-07-12T00:00:00.000,5 - Motorcycles
105457,Peak,2025-07-12T00:00:00.000,TLC Taxi/FHV
91111,Overnight,2025-07-13T00:00:00.000,"1 - Cars, Pickups and Vans"
2369,Overnight,2025-07-13T00:00:00.000,2 - Single-Unit Trucks
276,Overnight,2025-07-13T00:00:00.000,3 - Multi-Unit Trucks
1372,Overnight,2025-07-13T00:00:00.000,4 - Buses
554,Overnight,2025-07-13T00:00:00.000,5 - Motorcycles
75853,Overnight,2025-07-13T00:00:00.000,TLC Taxi/FHV
184485,Peak,2025-07-13T00:00:00.000,"1 - Cars, Pickups and Vans"
3052,Peak,2025-07-13T00:00:00.000,2 - Single-Unit Trucks
190,Peak,2025-07-13T00:00:00.000,3 - Multi-Unit Trucks
3074,Peak,2025-07-13T00:00:00.000,4 - Buses
1418,Peak,2025-07-13T00:00:00.000,5 - Motorcycles
96550,Peak,2025-07-13T00:00:00.000,TLC Taxi/FHV
42426,Overnight,2025-07-14T00:00:00.000,"1 - Cars, Pickups and Vans"
2555,Overnight,2025-07-14T00:00:00.000,2 - Single-Unit Trucks
348,Overnight,2025-07-14T00:00:00.000,3 - Multi-Unit Trucks
831,Overnight,2025-07-14T00:00:00.000,4 - Buses
205,Overnight,2025-07-14T00:00:00.000,5 - Motorcycles
42770,Overnight,2025-07-14T00:00:00.000,TLC Taxi/FHV
236502,Peak,2025-07-14T00:00:00.000,"1 - Cars, Pickups and Vans"
19129,Peak,2025-07-14T00:00:00.000,2 - Single-Unit Trucks
931,Peak,2025-07-14T00:00:00.000,3 - Multi-Unit Trucks
8606,Peak,2025-07-14T00:00:00.000,4 - Buses
1517,Peak,2025-07-14T00:00:00.000,5 - Motorcycles
132933,Peak,2025-07-14T00:00:00.000,TLC Taxi/FHV
41928,Overnight,2025-07-15T00:00:00.000,"1 - Cars, Pickups and Vans"
2905,Overnight,2025-07-15T00:00:00.000,2 - Single-Unit Trucks
408,Overnight,2025-07-15T00:00:00.000,3 - Multi-Unit Trucks
742,Overnight,2025-07-15T00:00:00.000,4 - Buses
301,Overnight,2025-07-15T00:00:00.000,5 - Motorcycles
43757,Overnight,2025-07-15T00:00:00.000,TLC Taxi/FHV
244685,Peak,2025-07-15T00:00:00.000,"1 - Cars, Pickups and Vans"
20038,Peak,2025-07-15T00:00:00.000,2 - Single-Unit Trucks
906,Peak,2025-07-15T00:00:00.000,3 - Multi-Unit Trucks
8473,Peak,2025-07-15T00:00:00.000,4 - Buses
1852,Peak,2025-07-15T00:00:00.000,5 - Motorcycles
139185,Peak,2025-07-15T00:00:00.000,TLC Taxi/FHV
43172,Overnight,2025-07-16T00:00:00.000,"1 - Cars, Pickups and Vans"
2931,Overnight,2025-07-16T00:00:00.000,2 - Single-Unit Trucks
443,Overnight,2025-07-16T00:00:00.000,3 - Multi-Unit Trucks
781,Overnight,2025-07-16T00:00:00.000,4 - Buses
330,Overnight,2025-07-16T00:00:00.000,5 - Motorcycles
48590,Overnight,2025-07-16T00:00:00.000,TLC Taxi/FHV
248460,Peak,2025-07-16T00:00:00.000,"1 - Cars, Pickups and Vans"
19714,Peak,2025-07-16T00:00:00.000,2 - Single-Unit Trucks
972,Peak,2025-07-16T00:00:00.000,3 - Multi-Unit Trucks
8507,Peak,2025-07-16T00:00:00.000,4 - Buses
1947,Peak,2025-07-16T00:00:00.000,5 - Motorcycles
141849,Peak,2025-07-16T00:00:00.000,TLC Taxi/FHV
45377,Overnight,2025-07-17T00:00:00.000,"1 - Cars, Pickups and Vans"
2860,Overnight,2025-07-17T00:00:00.000,2 - Single-Unit Trucks
414,Overnight,2025-07-17T00:00:00.000,3 - Multi-Unit Trucks
817,Overnight,2025-07-17T00:00:00.000,4 - Buses
337,Overnight,2025-07-17T00:00:00.000,5 - Motorcycles
51280,Overnight,2025-07-17T00:00:00.000,TLC Taxi/FHV
251213,Peak,2025-07-17T00:00:00.000,"1 - Cars, Pickups and Vans"
19689,Peak,2025-07-17T00:00:00.000,2 - Single-Unit Trucks
968,Peak,2025-07-17T00:00:00.000,3 - Multi-Unit Trucks
8636,Peak,2025-07-17T00:00:00.000,4 - Buses
1823,Peak,2025-07-17T00:00:00.000,5 - Motorcycles
146237,Peak,2025-07-17T00:00:00.000,TLC Taxi/FHV
55178,Overnight,2025-07-18T00:00:00.000,"1 - Cars, Pickups and Vans"
2838,Overnight,2025-07-18T00:00:00.000,2 - Single-Unit Trucks
397,Overnight,2025-07-18T00:00:00.000,3 - Multi-Unit Trucks
831,Overnight,2025-07-18T00:00:00.000,4 - Buses
394,Overnight,2025-07-18T00:00:00.000,5 - Motorcycles
51755,Overnight,2025-07-18T00:00:00.000,TLC Taxi/FHV
246341,Peak,2025-07-18T00:00:00.000,"1 - Cars, Pickups and Vans"
19475,Peak,2025-07-18T00:00:00.000,2 - Single-Unit Trucks
988,Peak,2025-07-18T00:00:00.000,3 - Multi-Unit Trucks
8371,Peak,2025-07-18T00:00:00.000,4 - Buses
2080,Peak,2025-07-18T00:00:00.000,5 - Motorcycles
134131,Peak,2025-07-18T00:00:00.000,TLC Taxi/FHV
101030,Overnight,2025-07-19T00:00:00.000,"1 - Cars, Pickups and Vans"
4737,Overnight,2025-07-19T00:00:00.000,2 - Single-Unit Trucks
488,Overnight,2025-07-19T00:00:00.000,3 - Multi-Unit Trucks
1665,Overnight,2025-07-19T00:00:00.000,4 - Buses
593,Overnight,2025-07-19T00:00:00.000,5 - Motorcycles
82325,Overnight,2025-07-19T00:00:00.000,TLC Taxi/FHV
187318,Peak,2025-07-19T00:00:00.000,"1 - Cars, Pickups and Vans"
4811,Peak,2025-07-19T00:00:00.000,2 - Single-Unit Trucks
299,Peak,2025-07-19T00:00:00.000,3 - Multi-Unit Trucks
3171,Peak,2025-07-19T00:00:00.000,4 - Buses
1472,Peak,2025-07-19T00:00:00.000,5 - Motorcycles
104111,Peak,2025-07-19T00:00:00.000,TLC Taxi/FHV
88376,Overnight,2025-07-20T00:00:00.000,"1 - Cars, Pickups and Vans"
2332,Overnight,2025-07-20T00:00:00.000,2 - Single-Unit Trucks
258,Overnight,2025-07-20T00:00:00.000,3 - Multi-Unit Trucks
1445,Overnight,2025-07-20T00:00:00.000,4 - Buses
524,Overnight,2025-07-20T00:00:00.000,5 - Motorcycles
74327,Overnight,2025-07-20T00:00:00.000,TLC Taxi/FHV
188248,Peak,2025-07-20T00:00:00.000,"1 - Cars, Pickups and Vans"
3133,Peak,2025-07-20T00:00:00.000,2 - Single-Unit Trucks
210,Peak,2025-07-20T00:00:00.000,3 - Multi-Unit Trucks
2964,Peak,2025-07-20T00:00:00.000,4 - Buses
1350,Peak,2025-07-20T00:00:00.000,5 - Motorcycles
97432,Peak,2025-07-20T00:00:00.000,TLC Taxi/FHV
44173,Overnight,2025-07-21T00:00:00.000,"1 - Cars, Pickups and Vans"
2640,Overnight,2025-07-21T00:00:00.000,2 - Single-Unit Trucks
382,Overnight,2025-07-21T00:00:00.000,3 - Multi-Unit Trucks
773,Overnight,2025-07-21T00:00:00.000,4 - Buses
282,Overnight,2025-07-21T00:00:00.000,5 - Motorcycles
37940,Overnight,2025-07-21T00:00:00.000,TLC Taxi/FHV
238692,Peak,2025-07-21T00:00:00.000,"1 - Cars, Pickups and Vans"
18664,Peak,2025-07-21T00:00:00.000,2 - Single-Unit Trucks
958,Peak,2025-07-21T00:00:00.000,3 - Multi-Unit Trucks
8510,Peak,2025-07-21T00:00:00.000,4 - Buses
1828,Peak,2025-07-21T00:00:00.000,5 - Motorcycles
130505,Peak,2025-07-21T00:00:00.000,TLC Taxi/FHV
42052,Overnight,2025-07-22T00:00:00.000,"1 - Cars, Pickups and Vans"
2900,Overnight,2025-07-22T00:00:00.000,2 - Single-Unit Trucks
400,Overnight,2025-07-22T00:00:00.000,3 - Multi-Unit Trucks
771,Overnight,2025-07-22T00:00:00.000,4 - Buses
323,Overnight,2025-07-22T00:00:00.000,5 - Motorcycles
42656,Overnight,2025-07-22T00:00:00.000,TLC Taxi/FHV
246634,Peak,2025-07-22T00:00:00.000,"1 - Cars, Pickups and Vans"
19752,Peak,2025-07-22T00:00:00.000,2 - Single-Unit Trucks
987,Peak,2025-07-22T00:00:00.000,3 - Multi-Unit Trucks
8515,Peak,2025-07-22T00:00:00.000,4 - Buses
2028,Peak,2025-07-22T00:00:00.000,5 - Motorcycles
133810,Peak,2025-07-22T00:00:00.000,TLC Taxi/FHV
43629,Overnight,2025-07-23T00:00:00.000,"1 - Cars, Pickups and Vans"
2937,Overnight,2025-07-23T00:00:00.000,2 - Single-Unit Trucks
398,Overnight,2025-07-23T00:00:00.000,3 - Multi-Unit Trucks
811,Overnight,2025-07-23T00:00:00.000,4 - Buses
344,Overnight,2025-07-23T00:00:00.000,5 - Motorcycles
47296,Overnight,2025-07-23T00:00:00.000,TLC Taxi/FHV
249521,Peak,2025-07-23T00:00:00.000,"1 - Cars, Pickups and Vans"
19722,Peak,2025-07-23T00:00:00.000,2 - Single-Unit Trucks
906,Peak,2025-07-23T00:00:00.000,3 - Multi-Unit Trucks
8625,Peak,2025-07-23T00:00:00.000,4 - Buses
2235,Peak,2025-07-23T00:00:00.000,5 - Motorcycles
138837,Peak,2025-07-23T00:00:00.000,TLC Taxi/FHV
46043,Overnight,2025-07-24T00:00:00.000,"1 - Cars, Pickups and Vans"
2833,Overnight,2025-07-24T00:00:00.000,2 - Single-Unit Trucks
400,Overnight,2025-07-24T00:00:00.000,3 - Multi-Unit Trucks
865,Overnight,2025-07-24T00:00:00.000,4 - Buses
382,Overnight,2025-07-24T00:00:00.000,5 - Motorcycles
50603,Overnight,2025-07-24T00:00:00.000,TLC Taxi/FHV
253181,Peak,2025-07-24T00:00:00.000,"1 - Cars, Pickups and Vans"
20145,Peak,2025-07-24T00:00:00.000,2 - Single-Unit Trucks
1008,Peak,2025-07-24T00:00:00.000,3 - Multi-Unit Trucks
8813,Peak,2025-07-24T00:00:00.000,4 - Buses
2146,Peak,2025-07-24T00:00:00.000,5 - Motorcycles
140555,Peak,2025-07-24T00:00:00.000,TLC Taxi/FHV
51638,Overnight,2025-07-25T00:00:00.000,"1 - Cars, Pickups and Vans"
2911,Overnight,2025-07-25T00:00:00.000,2 - Single-Unit Trucks
392,Overnight,2025-07-25T00:00:00.000,3 - Multi-Unit Trucks
807,Overnight,2025-07-25T00:00:00.000,4 - Buses
365,Overnight,2025-07-25T00:00:00.000,5 - Motorcycles
52658,Overnight,2025-07-25T00:00:00.000,TLC Taxi/FHV
243598,Peak,2025-07-25T00:00:00.000,"1 - Cars, Pickups and Vans"
19478,Peak,2025-07-25T00:00:00.000,2 - Single-Unit Trucks
1044,Peak,2025-07-25T00:00:00.000,3 - Multi-Unit Trucks
8359,Peak,2025-07-25T00:00:00.000,4 - Buses
1702,Peak,2025-07-25T00:00:00.000,5 - Motorcycles
135792,Peak,2025-07-25T00:00:00.000,TLC Taxi/FHV
101689,Overnight,2025-07-26T00:00:00.000,"1 - Cars, Pickups and Vans"
4850,Overnight,2025-07-26T00:00:00.000,2 - Single-Unit Trucks
521,Overnight,2025-07-26T00:00:00.000,3 - Multi-Unit Trucks
1738,Overnight,2025-07-26T00:00:00.000,4 - Buses
626,Overnight,2025-07-26T00:00:00.000,5 - Motorcycles
82229,Overnight,2025-07-26T00:00:00.000,TLC Taxi/FHV
194143,Peak,2025-07-26T00:00:00.000,"1 - Cars, Pickups and Vans"
5386,Peak,2025-07-26T00:00:00.000,2 - Single-Unit Trucks
327,Peak,2025-07-26T00:00:00.000,3 - Multi-Unit Trucks
3203,Peak,2025-07-26T00:00:00.000,4 - Buses
1422,Peak,2025-07-26T00:00:00.000,5 - Motorcycles
103036,Peak,2025-07-26T00:00:00.000,TLC Taxi/FHV
85944,Overnight,2025-07-27T00:00:00.000,"1 - Cars, Pickups and Vans"
2362,Overnight,2025-07-27T00:00:00.000,2 - Single-Unit Trucks
261,Overnight,2025-07-27T00:00:00.000,3 - Multi-Unit Trucks
1459,Overnight,2025-07-27T00:00:00.000,4 - Buses
531,Overnight,2025-07-27T00:00:00.000,5 - Motorcycles
75272,Overnight,2025-07-27T00:00:00.000,TLC Taxi/FHV
187300,Peak,2025-07-27T00:00:00.000,"1 - Cars, Pickups and Vans"
3273,Peak,2025-07-27T00:00:00.000,2 - Single-Unit Trucks
175,Peak,2025-07-27T00:00:00.000,3 - Multi-Unit Trucks
2937,Peak,2025-07-27T00:00:00.000,4 - Buses
1169,Peak,2025-07-27T00:00:00.000,5 - Motorcycles
96497,Peak,2025-07-27T00:00:00.000,TLC Taxi/FHV
43891,Overnight,2025-07-28T00:00:00.000,"1 - Cars, Pickups and Vans"
2647,Overnight,2025-07-28T00:00:00.000,2 - Single-Unit Trucks
389,Overnight,2025-07-28T00:00:00.000,3 - Multi-Unit Trucks
800,Overnight,2025-07-28T00:00:00.000,4 - Buses
305,Overnight,2025-07-28T00:00:00.000,5 - Motorcycles
40646,Overnight,2025-07-28T00:00:00.000,TLC Taxi/FHV
240183,Peak,2025-07-28T00:00:00.000,"1 - Cars, Pickups and Vans"
19210,Peak,2025-07-28T00:00:00.000,2 - Single-Unit Trucks
952,Peak,2025-07-28T00:00:00.000,3 - Multi-Unit Trucks
8326,Peak,2025-07-28T00:00:00.000,4 - Buses
1582,Peak,2025-07-28T00:00:00.000,5 - Motorcycles
131410,Peak,2025-07-28T00:00:00.000,TLC Taxi/FHV
41832,Overnight,2025-07-29T00:00:00.000,"1 - Cars, Pickups and Vans"
2856,Overnight,2025-07-29T00:00:00.000,2 - Single-Unit Trucks
376,Overnight,2025-07-29T00:00:00.000,3 - Multi-Unit Trucks
808,Overnight,2025-07-29T00:00:00.000,4 - Buses
328,Overnight,2025-07-29T00:00:00.000,5 - Motorcycles
42140,Overnight,2025-07-29T00:00:00.000,TLC Taxi/FHV
245563,Peak,2025-07-29T00:00:00.000,"1 - Cars, Pickups and Vans"
19884,Peak,2025-07-29T00:00:00.000,2 - Single-Unit Trucks
964,Peak,2025-07-29T00:00:00.000,3 - Multi-Unit Trucks
8348,Peak,2025-07-29T00:00:00.000,4 - Buses
1823,Peak,2025-07-29T00:00:00.000,5 - Motorcycles
141204,Peak,2025-07-29T00:00:00.000,TLC Taxi/FHV
42345,Overnight,2025-07-30T00:00:00.000,"1 - Cars, Pickups and Vans"
2964,Overnight,2025-07-30T00:00:00.000,2 - Single-Unit Trucks
371,Overnight,2025-07-30T00:00:00.000,3 - Multi-Unit Trucks
802,Overnight,2025-07-30T00:00:00.000,4 - Buses
303,Overnight,2025-07-30T00:00:00.000,5 - Motorcycles
45294,Overnight,2025-07-30T00:00:00.000,TLC Taxi/FHV
245245,Peak,2025-07-30T00:00:00.000,"1 - Cars, Pickups and Vans"
21478,Peak,2025-07-30T00:00:00.000,2 - Single-Unit Trucks
927,Peak,2025-07-30T00:00:00.000,3 - Multi-Unit Trucks
8610,Peak,2025-07-30T00:00:00.000,4 - Buses
1823,Peak,2025-07-30T00:00:00.000,5 - Motorcycles
141608,Peak,2025-07-30T00:00:00.000,TLC Taxi/FHV
40678,Overnight,2025-07-31T00:00:00.000,"1 - Cars, Pickups and Vans"
2876,Overnight,2025-07-31T00:00:00.000,2 - Single-Unit Trucks
386,Overnight,2025-07-31T00:00:00.000,3 - Multi-Unit Trucks
809,Overnight,2025-07-31T00:00:00.000,4 - Buses
235,Overnight,2025-07-31T00:00:00.000,5 - Motorcycles
46310,Overnight,2025-07-31T00:00:00.000,TLC Taxi/FHV
242768,Peak,2025-07-31T00:00:00.000,"1 - Cars, Pickups and Vans"
20681,Peak,2025-07-31T00:00:00.000,2 - Single-Unit Trucks
934,Peak,2025-07-31T00:00:00.000,3 - Multi-Unit Trucks
8289,Peak,2025-07-31T00:00:00.000,4 - Buses
1450,Peak,2025-07-31T00:00:00.000,5 - Motorcycles
141046,Peak,2025-07-31T00:00:00.000,TLC Taxi/FHV
51672,Overnight,2025-08-01T00:00:00.000,"1 - Cars, Pickups and Vans"
2739,Overnight,2025-08-01T00:00:00.000,2 - Single-Unit Trucks
353,Overnight,2025-08-01T00:00:00.000,3 - Multi-Unit Trucks
741,Overnight,2025-08-01T00:00:00.000,4 - Buses
329,Overnight,2025-08-01T00:00:00.000,5 - Motorcycles
46637,Overnight,2025-08-01T00:00:00.000,TLC Taxi/FHV
242219,Peak,2025-08-01T00:00:00.000,"1 - Cars, Pickups and Vans"
20229,Peak,2025-08-01T00:00:00.000,2 - Single-Unit Trucks
960,Peak,2025-08-01T00:00:00.000,3 - Multi-Unit Trucks
8387,Peak,2025-08-01T00:00:00.000,4 - Buses
1716,Peak,2025-08-01T00:00:00.000,5 - Motorcycles
132751,Peak,2025-08-01T00:00:00.000,TLC Taxi/FHV
98383,Overnight,2025-08-02T00:00:00.000,"1 - Cars, Pickups and Vans"
4924,Overnight,2025-08-02T00:00:00.000,2 - Single-Unit Trucks
458,Overnight,2025-08-02T00:00:00.000,3 - Multi-Unit Trucks
1734,Overnight,2025-08-02T00:00:00.000,4 - Buses
668,Overnight,2025-08-02T00:00:00.000,5 - Motorcycles
78067,Overnight,2025-08-02T00:00:00.000,TLC Taxi/FHV
185497,Peak,2025-08-02T00:00:00.000,"1 - Cars, Pickups and Vans"
5093,Peak,2025-08-02T00:00:00.000,2 - Single-Unit Trucks
281,Peak,2025-08-02T00:00:00.000,3 - Multi-Unit Trucks
3089,Peak,2025-08-02T00:00:00.000,4 - Buses
1462,Peak,2025-08-02T00:00:00.000,5 - Motorcycles
97078,Peak,2025-08-02T00:00:00.000,TLC Taxi/FHV
84191,Overnight,2025-08-03T00:00:00.000,"1 - Cars, Pickups and Vans"
2255,Overnight,2025-08-03T00:00:00.000,2 - Single-Unit Trucks
216,Overnight,2025-08-03T00:00:00.000,3 - Multi-Unit Trucks
1480,Overnight,2025-08-03T00:00:00.000,4 - Buses
504,Overnight,2025-08-03T00:00:00.000,5 - Motorcycles
70356,Overnight,2025-08-03T00:00:00.000,TLC Taxi/FHV
182445,Peak,2025-08-03T00:00:00.000,"1 - Cars, Pickups and Vans"
3118,Peak,2025-08-03T00:00:00.000,2 - Single-Unit Trucks
200,Peak,2025-08-03T00:00:00.000,3 - Multi-Unit Trucks
3017,Peak,2025-08-03T00:00:00.000,4 - Buses
1324,Peak,2025-08-03T00:00:00.000,5 - Motorcycles
93935,Peak,2025-08-03T00:00:00.000,TLC Taxi/FHV
42237,Overnight,2025-08-04T00:00:00.000,"1 - Cars, Pickups and Vans"
2594,Overnight,2025-08-04T00:00:00.000,2 - Single-Unit Trucks
305,Overnight,2025-08-04T00:00:00.000,3 - Multi-Unit Trucks
817,Overnight,2025-08-04T00:00:00.000,4 - Buses
287,Overnight,2025-08-04T00:00:00.000,5 - Motorcycles
35156,Overnight,2025-08-04T00:00:00.000,TLC Taxi/FHV
234794,Peak,2025-08-04T00:00:00.000,"1 - Cars, Pickups and Vans"
18764,Peak,2025-08-04T00:00:00.000,2 - Single-Unit Trucks
880,Peak,2025-08-04T00:00:00.000,3 - Multi-Unit Trucks
8424,Peak,2025-08-04T00:00:00.000,4 - Buses
1894,Peak,2025-08-04T00:00:00.000,5 - Motorcycles
126682,Peak,2025-08-04T00:00:00.000,TLC Taxi/FHV
41150,Overnight,2025-08-05T00:00:00.000,"1 - Cars, Pickups and Vans"
2879,Overnight,2025-08-05T00:00:00.000,2 - Single-Unit Trucks
371,Overnight,2025-08-05T00:00:00.000,3 - Multi-Unit Trucks
768,Overnight,2025-08-05T00:00:00.000,4 - Buses
291,Overnight,2025-08-05T00:00:00.000,5 - Motorcycles
39042,Overnight,2025-08-05T00:00:00.000,TLC Taxi/FHV
244427,Peak,2025-08-05T00:00:00.000,"1 - Cars, Pickups and Vans"
19663,Peak,2025-08-05T00:00:00.000,2 - Single-Unit Trucks
898,Peak,2025-08-05T00:00:00.000,3 - Multi-Unit Trucks
8600,Peak,2025-08-05T00:00:00.000,4 - Buses
2140,Peak,2025-08-05T00:00:00.000,5 - Motorcycles
134471,Peak,2025-08-05T00:00:00.000,TLC Taxi/FHV
41558,Overnight,2025-08-06T00:00:00.000,"1 - Cars, Pickups and Vans"
2838,Overnight,2025-08-06T00:00:00.000,2 - Single-Unit Trucks
377,Overnight,2025-08-06T00:00:00.000,3 - Multi-Unit Trucks
813,Overnight,2025-08-06T00:00:00.000,4 - Buses
253,Overnight,2025-08-06T00:00:00.000,5 - Motorcycles
42738,Overnight,2025-08-06T00:00:00.000,TLC Taxi/FHV
245515,Peak,2025-08-06T00:00:00.000,"1 - Cars, Pickups and Vans"
19797,Peak,2025-08-06T00:00:00.000,2 - Single-Unit Trucks
976,Peak,2025-08-06T00:00:00.000,3 - Multi-Unit Trucks
8454,Peak,2025-08-06T00:00:00.000,4 - Buses
2112,Peak,2025-08-06T00:00:00.000,5 - Motorcycles
138506,Peak,2025-08-06T00:00:00.000,TLC Taxi/FHV
44769,Overnight,2025-08-07T00:00:00.000,"1 - Cars, Pickups and Vans"
2802,Overnight,2025-08-07T00:00:00.000,2 - Single-Unit Trucks
395,Overnight,2025-08-07T00:00:00.000,3 - Multi-Unit Trucks
808,Overnight,2025-08-07T00:00:00.000,4 - Buses
345,Overnight,2025-08-07T00:00:00.000,5 - Motorcycles
46193,Overnight,2025-08-07T00:00:00.000,TLC Taxi/FHV
248475,Peak,2025-08-07T00:00:00.000,"1 - Cars, Pickups and Vans"
19801,Peak,2025-08-07T00:00:00.000,2 - Single-Unit Trucks
993,Peak,2025-08-07T00:00:00.000,3 - Multi-Unit Trucks
8665,Peak,2025-08-07T00:00:00.000,4 - Buses
2104,Peak,2025-08-07T00:00:00.000,5 - Motorcycles
139554,Peak,2025-08-07T00:00:00.000,TLC Taxi/FHV
51736,Overnight,2025-08-08T00:00:00.000,"1 - Cars, Pickups and Vans"
2760,Overnight,2025-08-08T00:00:00.000,2 - Single-Unit Trucks
407,Overnight,2025-08-08T00:00:00.000,3 - Multi-Unit Trucks
825,Overnight,2025-08-08T00:00:00.000,4 - Buses
390,Overnight,2025-08-08T00:00:00.000,5 - Motorcycles
49603,Overnight,2025-08-08T00:00:00.000,TLC Taxi/FHV
241745,Peak,2025-08-08T00:00:00.000,"1 - Cars, Pickups and Vans"
19300,Peak,2025-08-08T00:00:00.000,2 - Single-Unit Trucks
955,Peak,2025-08-08T00:00:00.000,3 - Multi-Unit Trucks
8547,Peak,2025-08-08T00:00:00.000,4 - Buses
1961,Peak,2025-08-08T00:00:00.000,5 - Motorcycles
130558,Peak,2025-08-08T00:00:00.000,TLC Taxi/FHV
96748,Overnight,2025-08-09T00:00:00.000,"1 - Cars, Pickups and Vans"
4704,Overnight,2025-08-09T00:00:00.000,2 - Single-Unit Trucks
414,Overnight,2025-08-09T00:00:00.000,3 - Multi-Unit Trucks
1556,Overnight,2025-08-09T00:00:00.000,4 - Buses
660,Overnight,2025-08-09T00:00:00.000,5 - Motorcycles
76708,Overnight,2025-08-09T00:00:00.000,TLC Taxi/FHV
184662,Peak,2025-08-09T00:00:00.000,"1 - Cars, Pickups and Vans"
4736,Peak,2025-08-09T00:00:00.000,2 - Single-Unit Trucks
261,Peak,2025-08-09T00:00:00.000,3 - Multi-Unit Trucks
3087,Peak,2025-08-09T00:00:00.000,4 - Buses
1405,Peak,2025-08-09T00:00:00.000,5 - Motorcycles
95977,Peak,2025-08-09T00:00:00.000,TLC Taxi/FHV
87454,Overnight,2025-08-10T00:00:00.000,"1 - Cars, Pickups and Vans"
2431,Overnight,2025-08-10T00:00:00.000,2 - Single-Unit Trucks
268,Overnight,2025-08-10T00:00:00.000,3 - Multi-Unit Trucks
1446,Overnight,2025-08-10T00:00:00.000,4 - Buses
530,Overnight,2025-08-10T00:00:00.000,5 - Motorcycles
69852,Overnight,2025-08-10T00:00:00.000,TLC Taxi/FHV
188306,Peak,2025-08-10T00:00:00.000,"1 - Cars, Pickups and Vans"
3085,Peak,2025-08-10T00:00:00.000,2 - Single-Unit Trucks
180,Peak,2025-08-10T00:00:00.000,3 - Multi-Unit Trucks
2777,Peak,2025-08-10T00:00:00.000,4 - Buses
1398,Peak,2025-08-10T00:00:00.000,5 - Motorcycles
90572,Peak,2025-08-10T00:00:00.000,TLC Taxi/FHV
43241,Overnight,2025-08-11T00:00:00.000,"1 - Cars, Pickups and Vans"
2705,Overnight,2025-08-11T00:00:00.000,2 - Single-Unit Trucks
379,Overnight,2025-08-11T00:00:00.000,3 - Multi-Unit Trucks
836,Overnight,2025-08-11T00:00:00.000,4 - Buses
292,Overnight,2025-08-11T00:00:00.000,5 - Motorcycles
35847,Overnight,2025-08-11T00:00:00.000,TLC Taxi/FHV
234714,Peak,2025-08-11T00:00:00.000,"1 - Cars, Pickups and Vans"
18810,Peak,2025-08-11T00:00:00.000,2 - Single-Unit Trucks
903,Peak,2025-08-11T00:00:00.000,3 - Multi-Unit Trucks
8282,Peak,2025-08-11T00:00:00.000,4 - Buses
1861,Peak,2025-08-11T00:00:00.000,5 - Motorcycles
126325,Peak,2025-08-11T00:00:00.000,TLC Taxi/FHV
42643,Overnight,2025-08-12T00:00:00.000,"1 - Cars, Pickups and Vans"
2952,Overnight,2025-08-12T00:00:00.000,2 - Single-Unit Trucks
376,Overnight,2025-08-12T00:00:00.000,3 - Multi-Unit Trucks
800,Overnight,2025-08-12T00:00:00.000,4 - Buses
302,Overnight,2025-08-12T00:00:00.000,5 - Motorcycles
39102,Overnight,2025-08-12T00:00:00.000,TLC Taxi/FHV
243122,Peak,2025-08-12T00:00:00.000,"1 - Cars, Pickups and Vans"
19153,Peak,2025-08-12T00:00:00.000,2 - Single-Unit Trucks
947,Peak,2025-08-12T00:00:00.000,3 - Multi-Unit Trucks
8158,Peak,2025-08-12T00:00:00.000,4 - Buses
1899,Peak,2025-08-12T00:00:00.000,5 - Motorcycles
131609,Peak,2025-08-12T00:00:00.000,TLC Taxi/FHV
42052,Overnight,2025-08-13T00:00:00.000,"1 - Cars, Pickups and Vans"
2848,Overnight,2025-08-13T00:00:00.000,2 - Single-Unit Trucks
335,Overnight,2025-08-13T00:00:00.000,3 - Multi-Unit Trucks
796,Overnight,2025-08-13T00:00:00.000,4 - Buses
225,Overnight,2025-08-13T00:00:00.000,5 - Motorcycles
44455,Overnight,2025-08-13T00:00:00.000,TLC Taxi/FHV
243390,Peak,2025-08-13T00:00:00.000,"1 - Cars, Pickups and Vans"
19271,Peak,2025-08-13T00:00:00.000,2 - Single-Unit Trucks
854,Peak,2025-08-13T00:00:00.000,3 - Multi-Unit Trucks
8047,Peak,2025-08-13T00:00:00.000,4 - Buses
1694,Peak,2025-08-13T00:00:00.000,5 - Motorcycles
136411,Peak,2025-08-13T00:00:00.000,TLC Taxi/FHV
46848,Overnight,2025-08-14T00:00:00.000,"1 - Cars, Pickups and Vans"
2860,Overnight,2025-08-14T00:00:00.000,2 - Single-Unit Trucks
378,Overnight,2025-08-14T00:00:00.000,3 - Multi-Unit Trucks
812,Overnight,2025-08-14T00:00:00.000,4 - Buses
308,Overnight,2025-08-14T00:00:00.000,5 - Motorcycles
47134,Overnight,2025-08-14T00:00:00.000,TLC Taxi/FHV
246690,Peak,2025-08-14T00:00:00.000,"1 - Cars, Pickups and Vans"
19930,Peak,2025-08-14T00:00:00.000,2 - Single-Unit Trucks
1010,Peak,2025-08-14T00:00:00.000,3 - Multi-Unit Trucks
7823,Peak,2025-08-14T00:00:00.000,4 - Buses
1859,Peak,2025-08-14T00:00:00.000,5 - Motorcycles
138326,Peak,2025-08-14T00:00:00.000,TLC Taxi/FHV
51685,Overnight,2025-08-15T00:00:00.000,"1 - Cars, Pickups and Vans"
2899,Overnight,2025-08-15T00:00:00.000,2 - Single-Unit Trucks
366,Overnight,2025-08-15T00:00:00.000,3 - Multi-Unit Trucks
822,Overnight,2025-08-15T00:00:00.000,4 - Buses
346,Overnight,2025-08-15T00:00:00.000,5 - Motorcycles
48370,Overnight,2025-08-15T00:00:00.000,TLC Taxi/FHV
241043,Peak,2025-08-15T00:00:00.000,"1 - Cars, Pickups and Vans"
19878,Peak,2025-08-15T00:00:00.000,2 - Single-Unit Trucks
1042,Peak,2025-08-15T00:00:00.000,3 - Multi-Unit Trucks
7392,Peak,2025-08-15T00:00:00.000,4 - Buses
1926,Peak,2025-08-15T00:00:00.000,5 - Motorcycles
128170,Peak,2025-08-15T00:00:00.000,TLC Taxi/FHV
97071,Overnight,2025-08-16T00:00:00.000,"1 - Cars, Pickups and Vans"
4669,Overnight,2025-08-16T00:00:00.000,2 - Single-Unit Trucks
420,Overnight,2025-08-16T00:00:00.000,3 - Multi-Unit Trucks
1625,Overnight,2025-08-16T00:00:00.000,4 - Buses
589,Overnight,2025-08-16T00:00:00.000,5 - Motorcycles
76112,Overnight,2025-08-16T00:00:00.000,TLC Taxi/FHV
183801,Peak,2025-08-16T00:00:00.000,"1 - Cars, Pickups and Vans"
5122,Peak,2025-08-16T00:00:00.000,2 - Single-Unit Trucks
275,Peak,2025-08-16T00:00:00.000,3 - Multi-Unit Trucks
3326,Peak,2025-08-16T00:00:00.000,4 - Buses
1450,Peak,2025-08-16T00:00:00.000,5 - Motorcycles
97461,Peak,2025-08-16T00:00:00.000,TLC Taxi/FHV
83859,Overnight,2025-08-17T00:00:00.000,"1 - Cars, Pickups and Vans"
2420,Overnight,2025-08-17T00:00:00.000,2 - Single-Unit Trucks
267,Overnight,2025-08-17T00:00:00.000,3 - Multi-Unit Trucks
1467,Overnight,2025-08-17T00:00:00.000,4 - Buses
485,Overnight,2025-08-17T00:00:00.000,5 - Motorcycles
69789,Overnight,2025-08-17T00:00:00.000,TLC Taxi/FHV
187346,Peak,2025-08-17T00:00:00.000,"1 - Cars, Pickups and Vans"
3120,Peak,2025-08-17T00:00:00.000,2 - Single-Unit Trucks
222,Peak,2025-08-17T00:00:00.000,3 - Multi-Unit Trucks
2940,Peak,2025-08-17T00:00:00.000,4 - Buses
1257,Peak,2025-08-17T00:00:00.000,5 - Motorcycles
91073,Peak,2025-08-17T00:00:00.000,TLC Taxi/FHV
41873,Overnight,2025-08-18T00:00:00.000,"1 - Cars, Pickups and Vans"
2496,Overnight,2025-08-18T00:00:00.000,2 - Single-Unit Trucks
319,Overnight,2025-08-18T00:00:00.000,3 - Multi-Unit Trucks
804,Overnight,2025-08-18T00:00:00.000,4 - Buses
278,Overnight,2025-08-18T00:00:00.000,5 - Motorcycles
34439,Overnight,2025-08-18T00:00:00.000,TLC Taxi/FHV
233407,Peak,2025-08-18T00:00:00.000,"1 - Cars, Pickups and Vans"
18275,Peak,2025-08-18T00:00:00.000,2 - Single-Unit Trucks
920,Peak,2025-08-18T00:00:00.000,3 - Multi-Unit Trucks
7233,Peak,2025-08-18T00:00:00.000,4 - Buses
1736,Peak,2025-08-18T00:00:00.000,5 - Motorcycles
124349,Peak,2025-08-18T00:00:00.000,TLC Taxi/FHV
41377,Overnight,2025-08-19T00:00:00.000,"1 - Cars, Pickups and Vans"
2807,Overnight,2025-08-19T00:00:00.000,2 - Single-Unit Trucks
370,Overnight,2025-08-19T00:00:00.000,3 - Multi-Unit Trucks
817,Overnight,2025-08-19T00:00:00.000,4 - Buses
260,Overnight,2025-08-19T00:00:00.000,5 - Motorcycles
36252,Overnight,2025-08-19T00:00:00.000,TLC Taxi/FHV
242346,Peak,2025-08-19T00:00:00.000,"1 - Cars, Pickups and Vans"
19986,Peak,2025-08-19T00:00:00.000,2 - Single-Unit Trucks
918,Peak,2025-08-19T00:00:00.000,3 - Multi-Unit Trucks
7282,Peak,2025-08-19T00:00:00.000,4 - Buses
2013,Peak,2025-08-19T00:00:00.000,5 - Motorcycles
128921,Peak,2025-08-19T00:00:00.000,TLC Taxi/FHV
38415,Overnight,2025-08-20T00:00:00.000,"1 - Cars, Pickups and Vans"
2711,Overnight,2025-08-20T00:00:00.000,2 - Single-Unit Trucks
328,Overnight,2025-08-20T00:00:00.000,3 - Multi-Unit Trucks
772,Overnight,2025-08-20T00:00:00.000,4 - Buses
162,Overnight,2025-08-20T00:00:00.000,5 - Motorcycles
41171,Overnight,2025-08-20T00:00:00.000,TLC Taxi/FHV
239907,Peak,2025-08-20T00:00:00.000,"1 - Cars, Pickups and Vans"
19489,Peak,2025-08-20T00:00:00.000,2 - Single-Unit Trucks
890,Peak,2025-08-20T00:00:00.000,3 - Multi-Unit Trucks
7289,Peak,2025-08-20T00:00:00.000,4 - Buses
1160,Peak,2025-08-20T00:00:00.000,5 - Motorcycles
135445,Peak,2025-08-20T00:00:00.000,TLC Taxi/FHV
43309,Overnight,2025-08-21T00:00:00.000,"1 - Cars, Pickups and Vans"
2717,Overnight,2025-08-21T00:00:00.000,2 - Single-Unit Trucks
322,Overnight,2025-08-21T00:00:00.000,3 - Multi-Unit Trucks
855,Overnight,2025-08-21T00:00:00.000,4 - Buses
255,Overnight,2025-08-21T00:00:00.000,5 - Motorcycles
43902,Overnight,2025-08-21T00:00:00.000,TLC Taxi/FHV
244004,Peak,2025-08-21T00:00:00.000,"1 - Cars, Pickups and Vans"
19519,Peak,2025-08-21T00:00:00.000,2 - Single-Unit Trucks
880,Peak,2025-08-21T00:00:00.000,3 - Multi-Unit Trucks
7236,Peak,2025-08-21T00:00:00.000,4 - Buses
1452,Peak,2025-08-21T00:00:00.000,5 - Motorcycles
139093,Peak,2025-08-21T00:00:00.000,TLC Taxi/FHV
51439,Overnight,2025-08-22T00:00:00.000,"1 - Cars, Pickups and Vans"
2822,Overnight,2025-08-22T00:00:00.000,2 - Single-Unit Trucks
386,Overnight,2025-08-22T00:00:00.000,3 - Multi-Unit Trucks
858,Overnight,2025-08-22T00:00:00.000,4 - Buses
332,Overnight,2025-08-22T00:00:00.000,5 - Motorcycles
48340,Overnight,2025-08-22T00:00:00.000,TLC Taxi/FHV
243585,Peak,2025-08-22T00:00:00.000,"1 - Cars, Pickups and Vans"
19215,Peak,2025-08-22T00:00:00.000,2 - Single-Unit Trucks
895,Peak,2025-08-22T00:00:00.000,3 - Multi-Unit Trucks
6917,Peak,2025-08-22T00:00:00.000,4 - Buses
1669,Peak,2025-08-22T00:00:00.000,5 - Motorcycles
128828,Peak,2025-08-22T00:00:00.000,TLC Taxi/FHV
97424,Overnight,2025-08-23T00:00:00.000,"1 - Cars, Pickups and Vans"
4732,Overnight,2025-08-23T00:00:00.000,2 - Single-Unit Trucks
444,Overnight,2025-08-23T00:00:00.000,3 - Multi-Unit Trucks
1704,Overnight,2025-08-23T00:00:00.000,4 - Buses
552,Overnight,2025-08-23T00:00:00.000,5 - Motorcycles
77977,Overnight,2025-08-23T00:00:00.000,TLC Taxi/FHV
190874,Peak,2025-08-23T00:00:00.000,"1 - Cars, Pickups and Vans"
5083,Peak,2025-08-23T00:00:00.000,2 - Single-Unit Trucks
289,Peak,2025-08-23T00:00:00.000,3 - Multi-Unit Trucks
3057,Peak,2025-08-23T00:00:00.000,4 - Buses
1367,Peak,2025-08-23T00:00:00.000,5 - Motorcycles
103712,Peak,2025-08-23T00:00:00.000,TLC Taxi/FHV
84692,Overnight,2025-08-24T00:00:00.000,"1 - Cars, Pickups and Vans"
2349,Overnight,2025-08-24T00:00:00.000,2 - Single-Unit Trucks
269,Overnight,2025-08-24T00:00:00.000,3 - Multi-Unit Trucks
1373,Overnight,2025-08-24T00:00:00.000,4 - Buses
438,Overnight,2025-08-24T00:00:00.000,5 - Motorcycles
71911,Overnight,2025-08-24T00:00:00.000,TLC Taxi/FHV
191486,Peak,2025-08-24T00:00:00.000,"1 - Cars, Pickups and Vans"
3406,Peak,2025-08-24T00:00:00.000,2 - Single-Unit Trucks
186,Peak,2025-08-24T00:00:00.000,3 - Multi-Unit Trucks
2911,Peak,2025-08-24T00:00:00.000,4 - Buses
1323,Peak,2025-08-24T00:00:00.000,5 - Motorcycles
98137,Peak,2025-08-24T00:00:00.000,TLC Taxi/FHV
41702,Overnight,2025-08-25T00:00:00.000,"1 - Cars, Pickups and Vans"
2623,Overnight,2025-08-25T00:00:00.000,2 - Single-Unit Trucks
323,Overnight,2025-08-25T00:00:00.000,3 - Multi-Unit Trucks
817,Overnight,2025-08-25T00:00:00.000,4 - Buses
278,Overnight,2025-08-25T00:00:00.000,5 - Motorcycles
35299,Overnight,2025-08-25T00:00:00.000,TLC Taxi/FHV
233774,Peak,2025-08-25T00:00:00.000,"1 - Cars, Pickups and Vans"
19154,Peak,2025-08-25T00:00:00.000,2 - Single-Unit Trucks
874,Peak,2025-08-25T00:00:00.000,3 - Multi-Unit Trucks
7034,Peak,2025-08-25T00:00:00.000,4 - Buses
1745,Peak,2025-08-25T00:00:00.000,5 - Motorcycles
125843,Peak,2025-08-25T00:00:00.000,TLC Taxi/FHV
41060,Overnight,2025-08-26T00:00:00.000,"1 - Cars, Pickups and Vans"
2914,Overnight,2025-08-26T00:00:00.000,2 - Single-Unit Trucks
365,Overnight,2025-08-26T00:00:00.000,3 - Multi-Unit Trucks
843,Overnight,2025-08-26T00:00:00.000,4 - Buses
268,Overnight,2025-08-26T00:00:00.000,5 - Motorcycles
37744,Overnight,2025-08-26T00:00:00.000,TLC Taxi/FHV
242030,Peak,2025-08-26T00:00:00.000,"1 - Cars, Pickups and Vans"
19734,Peak,2025-08-26T00:00:00.000,2 - Single-Unit Trucks
855,Peak,2025-08-26T00:00:00.000,3 - Multi-Unit Trucks
6995,Peak,2025-08-26T00:00:00.000,4 - Buses
1883,Peak,2025-08-26T00:00:00.000,5 - Motorcycles
130236,Peak,2025-08-26T00:00:00.000,TLC Taxi/FHV
41997,Overnight,2025-08-27T00:00:00.000,"1 - Cars, Pickups and Vans"
2816,Overnight,2025-08-27T00:00:00.000,2 - Single-Unit Trucks
397,Overnight,2025-08-27T00:00:00.000,3 - Multi-Unit Trucks
833,Overnight,2025-08-27T00:00:00.000,4 - Buses
290,Overnight,2025-08-27T00:00:00.000,5 - Motorcycles
41846,Overnight,2025-08-27T00:00:00.000,TLC Taxi/FHV
244140,Peak,2025-08-27T00:00:00.000,"1 - Cars, Pickups and Vans"
20103,Peak,2025-08-27T00:00:00.000,2 - Single-Unit Trucks
880,Peak,2025-08-27T00:00:00.000,3 - Multi-Unit Trucks
7214,Peak,2025-08-27T00:00:00.000,4 - Buses
1940,Peak,2025-08-27T00:00:00.000,5 - Motorcycles
133193,Peak,2025-08-27T00:00:00.000,TLC Taxi/FHV
45287,Overnight,2025-08-28T00:00:00.000,"1 - Cars, Pickups and Vans"
2907,Overnight,2025-08-28T00:00:00.000,2 - Single-Unit Trucks
387,Overnight,2025-08-28T00:00:00.000,3 - Multi-Unit Trucks
877,Overnight,2025-08-28T00:00:00.000,4 - Buses
269,Overnight,2025-08-28T00:00:00.000,5 - Motorcycles
44366,Overnight,2025-08-28T00:00:00.000,TLC Taxi/FHV
242270,Peak,2025-08-28T00:00:00.000,"1 - Cars, Pickups and Vans"
20142,Peak,2025-08-28T00:00:00.000,2 - Single-Unit Trucks
909,Peak,2025-08-28T00:00:00.000,3 - Multi-Unit Trucks
7365,Peak,2025-08-28T00:00:00.000,4 - Buses
2054,Peak,2025-08-28T00:00:00.000,5 - Motorcycles
136688,Peak,2025-08-28T00:00:00.000,TLC Taxi/FHV
50478,Overnight,2025-08-29T00:00:00.000,"1 - Cars, Pickups and Vans"
2770,Overnight,2025-08-29T00:00:00.000,2 - Single-Unit Trucks
372,Overnight,2025-08-29T00:00:00.000,3 - Multi-Unit Trucks
849,Overnight,2025-08-29T00:00:00.000,4 - Buses
291,Overnight,2025-08-29T00:00:00.000,5 - Motorcycles
48955,Overnight,2025-08-29T00:00:00.000,TLC Taxi/FHV
235839,Peak,2025-08-29T00:00:00.000,"1 - Cars, Pickups and Vans"
19623,Peak,2025-08-29T00:00:00.000,2 - Single-Unit Trucks
911,Peak,2025-08-29T00:00:00.000,3 - Multi-Unit Trucks
7016,Peak,2025-08-29T00:00:00.000,4 - Buses
1898,Peak,2025-08-29T00:00:00.000,5 - Motorcycles
131848,Peak,2025-08-29T00:00:00.000,TLC Taxi/FHV
89358,Overnight,2025-08-30T00:00:00.000,"1 - Cars, Pickups and Vans"
4322,Overnight,2025-08-30T00:00:00.000,2 - Single-Unit Trucks
390,Overnight,2025-08-30T00:00:00.000,3 - Multi-Unit Trucks
1780,Overnight,2025-08-30T00:00:00.000,4 - Buses
515,Overnight,2025-08-30T00:00:00.000,5 - Motorcycles
74390,Overnight,2025-08-30T00:00:00.000,TLC Taxi/FHV
181695,Peak,2025-08-30T00:00:00.000,"1 - Cars, Pickups and Vans"
5025,Peak,2025-08-30T00:00:00.000,2 - Single-Unit Trucks
221,Peak,2025-08-30T00:00:00.000,3 - Multi-Unit Trucks
3374,Peak,2025-08-30T00:00:00.000,4 - Buses
1318,Peak,2025-08-30T00:00:00.000,5 - Motorcycles
102693,Peak,2025-08-30T00:00:00.000,TLC Taxi/FHV
87248,Overnight,2025-08-31T00:00:00.000,"1 - Cars, Pickups and Vans"
2234,Overnight,2025-08-31T00:00:00.000,2 - Single-Unit Trucks
261,Overnight,2025-08-31T00:00:00.000,3 - Multi-Unit Trucks
1448,Overnight,2025-08-31T00:00:00.000,4 - Buses
422,Overnight,2025-08-31T00:00:00.000,5 - Motorcycles
69488,Overnight,2025-08-31T00:00:00.000,TLC Taxi/FHV
187307,Peak,2025-08-31T00:00:00.000,"1 - Cars, Pickups and Vans"
3574,Peak,2025-08-31T00:00:00.000,2 - Single-Unit Trucks
189,Peak,2025-08-31T00:00:00.000,3 - Multi-Unit Trucks
3050,Peak,2025-08-31T00:00:00.000,4 - Buses
1153,Peak,2025-08-31T00:00:00.000,5 - Motorcycles
94710,Peak,2025-08-31T00:00:00.000,TLC Taxi/FHV
48794,Overnight,2025-09-01T00:00:00.000,"1 - Cars, Pickups and Vans"
1428,Overnight,2025-09-01T00:00:00.000,2 - Single-Unit Trucks
164,Overnight,2025-09-01T00:00:00.000,3 - Multi-Unit Trucks
843,Overnight,2025-09-01T00:00:00.000,4 - Buses
308,Overnight,2025-09-01T00:00:00.000,5 - Motorcycles
42417,Overnight,2025-09-01T00:00:00.000,TLC Taxi/FHV
191540,Peak,2025-09-01T00:00:00.000,"1 - Cars, Pickups and Vans"
5240,Peak,2025-09-01T00:00:00.000,2 - Single-Unit Trucks
342,Peak,2025-09-01T00:00:00.000,3 - Multi-Unit Trucks
3611,Peak,2025-09-01T00:00:00.000,4 - Buses
1339,Peak,2025-09-01T00:00:00.000,5 - Motorcycles
108983,Peak,2025-09-01T00:00:00.000,TLC Taxi/FHV
42226,Overnight,2025-09-02T00:00:00.000,"1 - Cars, Pickups and Vans"
2621,Overnight,2025-09-02T00:00:00.000,2 - Single-Unit Trucks
356,Overnight,2025-09-02T00:00:00.000,3 - Multi-Unit Trucks
797,Overnight,2025-09-02T00:00:00.000,4 - Buses
253,Overnight,2025-09-02T00:00:00.000,5 - Motorcycles
38930,Overnight,2025-09-02T00:00:00.000,TLC Taxi/FHV
243396,Peak,2025-09-02T00:00:00.000,"1 - Cars, Pickups and Vans"
19659,Peak,2025-09-02T00:00:00.000,2 - Single-Unit Trucks
843,Peak,2025-09-02T00:00:00.000,3 - Multi-Unit Trucks
7543,Peak,2025-09-02T00:00:00.000,4 - Buses
1976,Peak,2025-09-02T00:00:00.000,5 - Motorcycles
135639,Peak,2025-09-02T00:00:00.000,TLC Taxi/FHV
40560,Overnight,2025-09-03T00:00:00.000,"1 - Cars, Pickups and Vans"
2998,Overnight,2025-09-03T00:00:00.000,2 - Single-Unit Trucks
368,Overnight,2025-09-03T00:00:00.000,3 - Multi-Unit Trucks
792,Overnight,2025-09-03T00:00:00.000,4 - Buses
274,Overnight,2025-09-03T00:00:00.000,5 - Motorcycles
43800,Overnight,2025-09-03T00:00:00.000,TLC Taxi/FHV
245451,Peak,2025-09-03T00:00:00.000,"1 - Cars, Pickups and Vans"
20057,Peak,2025-09-03T00:00:00.000,2 - Single-Unit Trucks
906,Peak,2025-09-03T00:00:00.000,3 - Multi-Unit Trucks
7730,Peak,2025-09-03T00:00:00.000,4 - Buses
2045,Peak,2025-09-03T00:00:00.000,5 - Motorcycles
138403,Peak,2025-09-03T00:00:00.000,TLC Taxi/FHV
39890,Overnight,2025-09-04T00:00:00.000,"1 - Cars, Pickups and Vans"
3004,Overnight,2025-09-04T00:00:00.000,2 - Single-Unit Trucks
360,Overnight,2025-09-04T00:00:00.000,3 - Multi-Unit Trucks
851,Overnight,2025-09-04T00:00:00.000,4 - Buses
235,Overnight,2025-09-04T00:00:00.000,5 - Motorcycles
50183,Overnight,2025-09-04T00:00:00.000,TLC Taxi/FHV
249016,Peak,2025-09-04T00:00:00.000,"1 - Cars, Pickups and Vans"
20485,Peak,2025-09-04T00:00:00.000,2 - Single-Unit Trucks
1010,Peak,2025-09-04T00:00:00.000,3 - Multi-Unit Trucks
8934,Peak,2025-09-04T00:00:00.000,4 - Buses
1928,Peak,2025-09-04T00:00:00.000,5 - Motorcycles
142158,Peak,2025-09-04T00:00:00.000,TLC Taxi/FHV
49885,Overnight,2025-09-05T00:00:00.000,"1 - Cars, Pickups and Vans"
2926,Overnight,2025-09-05T00:00:00.000,2 - Single-Unit Trucks
418,Overnight,2025-09-05T00:00:00.000,3 - Multi-Unit Trucks
842,Overnight,2025-09-05T00:00:00.000,4 - Buses
323,Overnight,2025-09-05T00:00:00.000,5 - Motorcycles
55157,Overnight,2025-09-05T00:00:00.000,TLC Taxi/FHV
245727,Peak,2025-09-05T00:00:00.000,"1 - Cars, Pickups and Vans"
20513,Peak,2025-09-05T00:00:00.000,2 - Single-Unit Trucks
889,Peak,2025-09-05T00:00:00.000,3 - Multi-Unit Trucks
8687,Peak,2025-09-05T00:00:00.000,4 - Buses
1981,Peak,2025-09-05T00:00:00.000,5 - Motorcycles
138822,Peak,2025-09-05T00:00:00.000,TLC Taxi/FHV
95268,Overnight,2025-09-06T00:00:00.000,"1 - Cars, Pickups and Vans"
5040,Overnight,2025-09-06T00:00:00.000,2 - Single-Unit Trucks
498,Overnight,2025-09-06T00:00:00.000,3 - Multi-Unit Trucks
1601,Overnight,2025-09-06T00:00:00.000,4 - Buses
479,Overnight,2025-09-06T00:00:00.000,5 - Motorcycles
84783,Overnight,2025-09-06T00:00:00.000,TLC Taxi/FHV
188577,Peak,2025-09-06T00:00:00.000,"1 - Cars, Pickups and Vans"
5543,Peak,2025-09-06T00:00:00.000,2 - Single-Unit Trucks
253,Peak,2025-09-06T00:00:00.000,3 - Multi-Unit Trucks
3442,Peak,2025-09-06T00:00:00.000,4 - Buses
1214,Peak,2025-09-06T00:00:00.000,5 - Motorcycles
112725,Peak,2025-09-06T00:00:00.000,TLC Taxi/FHV
76829,Overnight,2025-09-07T00:00:00.000,"1 - Cars, Pickups and Vans"
2320,Overnight,2025-09-07T00:00:00.000,2 - Single-Unit Trucks
266,Overnight,2025-09-07T00:00:00.000,3 - Multi-Unit Trucks
1224,Overnight,2025-09-07T00:00:00.000,4 - Buses
311,Overnight,2025-09-07T00:00:00.000,5 - Motorcycles
76681,Overnight,2025-09-07T00:00:00.000,TLC Taxi/FHV
186430,Peak,2025-09-07T00:00:00.000,"1 - Cars, Pickups and Vans"
3237,Peak,2025-09-07T00:00:00.000,2 - Single-Unit Trucks
138,Peak,2025-09-07T00:00:00.000,3 - Multi-Unit Trucks
2969,Peak,2025-09-07T00:00:00.000,4 - Buses
1025,Peak,2025-09-07T00:00:00.000,5 - Motorcycles
108828,Peak,2025-09-07T00:00:00.000,TLC Taxi/FHV
38568,Overnight,2025-09-08T00:00:00.000,"1 - Cars, Pickups and Vans"
2763,Overnight,2025-09-08T00:00:00.000,2 - Single-Unit Trucks
358,Overnight,2025-09-08T00:00:00.000,3 - Multi-Unit Trucks
774,Overnight,2025-09-08T00:00:00.000,4 - Buses
265,Overnight,2025-09-08T00:00:00.000,5 - Motorcycles
40382,Overnight,2025-09-08T00:00:00.000,TLC Taxi/FHV
240904,Peak,2025-09-08T00:00:00.000,"1 - Cars, Pickups and Vans"
19632,Peak,2025-09-08T00:00:00.000,2 - Single-Unit Trucks
854,Peak,2025-09-08T00:00:00.000,3 - Multi-Unit Trucks
9132,Peak,2025-09-08T00:00:00.000,4 - Buses
1893,Peak,2025-09-08T00:00:00.000,5 - Motorcycles
136821,Peak,2025-09-08T00:00:00.000,TLC Taxi/FHV
38902,Overnight,2025-09-09T00:00:00.000,"1 - Cars, Pickups and Vans"
2973,Overnight,2025-09-09T00:00:00.000,2 - Single-Unit Trucks
363,Overnight,2025-09-09T00:00:00.000,3 - Multi-Unit Trucks
772,Overnight,2025-09-09T00:00:00.000,4 - Buses
261,Overnight,2025-09-09T00:00:00.000,5 - Motorcycles
44841,Overnight,2025-09-09T00:00:00.000,TLC Taxi/FHV
247053,Peak,2025-09-09T00:00:00.000,"1 - Cars, Pickups and Vans"
20422,Peak,2025-09-09T00:00:00.000,2 - Single-Unit Trucks
937,Peak,2025-09-09T00:00:00.000,3 - Multi-Unit Trucks
9124,Peak,2025-09-09T00:00:00.000,4 - Buses
2035,Peak,2025-09-09T00:00:00.000,5 - Motorcycles
140214,Peak,2025-09-09T00:00:00.000,TLC Taxi/FHV
40595,Overnight,2025-09-10T00:00:00.000,"1 - Cars, Pickups and Vans"
3042,Overnight,2025-09-10T00:00:00.000,2 - Single-Unit Trucks
383,Overnight,2025-09-10T00:00:00.000,3 - Multi-Unit Trucks
774,Overnight,2025-09-10T00:00:00.000,4 - Buses
279,Overnight,2025-09-10T00:00:00.000,5 - Motorcycles
50138,Overnight,2025-09-10T00:00:00.000,TLC Taxi/FHV
249891,Peak,2025-09-10T00:00:00.000,"1 - Cars, Pickups and Vans"
20368,Peak,2025-09-10T00:00:00.000,2 - Single-Unit Trucks
910,Peak,2025-09-10T00:00:00.000,3 - Multi-Unit Trucks
9072,Peak,2025-09-10T00:00:00.000,4 - Buses
1543,Peak,2025-09-10T00:00:00.000,5 - Motorcycles
146861,Peak,2025-09-10T00:00:00.000,TLC Taxi/FHV
44530,Overnight,2025-09-11T00:00:00.000,"1 - Cars, Pickups and Vans"
2959,Overnight,2025-09-11T00:00:00.000,2 - Single-Unit Trucks
417,Overnight,2025-09-11T00:00:00.000,3 - Multi-Unit Trucks
773,Overnight,2025-09-11T00:00:00.000,4 - Buses
384,Overnight,2025-09-11T00:00:00.000,5 - Motorcycles
53949,Overnight,2025-09-11T00:00:00.000,TLC Taxi/FHV
244842,Peak,2025-09-11T00:00:00.000,"1 - Cars, Pickups and Vans"
19851,Peak,2025-09-11T00:00:00.000,2 - Single-Unit Trucks
846,Peak,2025-09-11T00:00:00.000,3 - Multi-Unit Trucks
8895,Peak,2025-09-11T00:00:00.000,4 - Buses
2174,Peak,2025-09-11T00:00:00.000,5 - Motorcycles
144499,Peak,2025-09-11T00:00:00.000,TLC Taxi/FHV
54005,Overnight,2025-09-12T00:00:00.000,"1 - Cars, Pickups and Vans"
2969,Overnight,2025-09-12T00:00:00.000,2 - Single-Unit Trucks
393,Overnight,2025-09-12T00:00:00.000,3 - Multi-Unit Trucks
826,Overnight,2025-09-12T00:00:00.000,4 - Buses
405,Overnight,2025-09-12T00:00:00.000,5 - Motorcycles
57630,Overnight,2025-09-12T00:00:00.000,TLC Taxi/FHV
254102,Peak,2025-09-12T00:00:00.000,"1 - Cars, Pickups and Vans"
20898,Peak,2025-09-12T00:00:00.000,2 - Single-Unit Trucks
843,Peak,2025-09-12T00:00:00.000,3 - Multi-Unit Trucks
8663,Peak,2025-09-12T00:00:00.000,4 - Buses
2159,Peak,2025-09-12T00:00:00.000,5 - Motorcycles
136822,Peak,2025-09-12T00:00:00.000,TLC Taxi/FHV
101055,Overnight,2025-09-13T00:00:00.000,"1 - Cars, Pickups and Vans"
5096,Overnight,2025-09-13T00:00:00.000,2 - Single-Unit Trucks
488,Overnight,2025-09-13T00:00:00.000,3 - Multi-Unit Trucks
1612,Overnight,2025-09-13T00:00:00.000,4 - Buses
583,Overnight,2025-09-13T00:00:00.000,5 - Motorcycles
91040,Overnight,2025-09-13T00:00:00.000,TLC Taxi/FHV
202248,Peak,2025-09-13T00:00:00.000,"1 - Cars, Pickups and Vans"
5191,Peak,2025-09-13T00:00:00.000,2 - Single-Unit Trucks
251,Peak,2025-09-13T00:00:00.000,3 - Multi-Unit Trucks
3069,Peak,2025-09-13T00:00:00.000,4 - Buses
1545,Peak,2025-09-13T00:00:00.000,5 - Motorcycles
112233,Peak,2025-09-13T00:00:00.000,TLC Taxi/FHV
84617,Overnight,2025-09-14T00:00:00.000,"1 - Cars, Pickups and Vans"
2529,Overnight,2025-09-14T00:00:00.000,2 - Single-Unit Trucks
259,Overnight,2025-09-14T00:00:00.000,3 - Multi-Unit Trucks
1342,Overnight,2025-09-14T00:00:00.000,4 - Buses
504,Overnight,2025-09-14T00:00:00.000,5 - Motorcycles
84677,Overnight,2025-09-14T00:00:00.000,TLC Taxi/FHV
201438,Peak,2025-09-14T00:00:00.000,"1 - Cars, Pickups and Vans"
3400,Peak,2025-09-14T00:00:00.000,2 - Single-Unit Trucks
176,Peak,2025-09-14T00:00:00.000,3 - Multi-Unit Trucks
2823,Peak,2025-09-14T00:00:00.000,4 - Buses
1501,Peak,2025-09-14T00:00:00.000,5 - Motorcycles
105697,Peak,2025-09-14T00:00:00.000,TLC Taxi/FHV
39237,Overnight,2025-09-15T00:00:00.000,"1 - Cars, Pickups and Vans"
2698,Overnight,2025-09-15T00:00:00.000,2 - Single-Unit Trucks
360,Overnight,2025-09-15T00:00:00.000,3 - Multi-Unit Trucks
787,Overnight,2025-09-15T00:00:00.000,4 - Buses
258,Overnight,2025-09-15T00:00:00.000,5 - Motorcycles
40855,Overnight,2025-09-15T00:00:00.000,TLC Taxi/FHV
240683,Peak,2025-09-15T00:00:00.000,"1 - Cars, Pickups and Vans"
19659,Peak,2025-09-15T00:00:00.000,2 - Single-Unit Trucks
913,Peak,2025-09-15T00:00:00.000,3 - Multi-Unit Trucks
9017,Peak,2025-09-15T00:00:00.000,4 - Buses
1936,Peak,2025-09-15T00:00:00.000,5 - Motorcycles
139425,Peak,2025-09-15T00:00:00.000,TLC Taxi/FHV
39086,Overnight,2025-09-16T00:00:00.000,"1 - Cars, Pickups and Vans"
2913,Overnight,2025-09-16T00:00:00.000,2 - Single-Unit Trucks
393,Overnight,2025-09-16T00:00:00.000,3 - Multi-Unit Trucks
852,Overnight,2025-09-16T00:00:00.000,4 - Buses
228,Overnight,2025-09-16T00:00:00.000,5 - Motorcycles
45208,Overnight,2025-09-16T00:00:00.000,TLC Taxi/FHV
247280,Peak,2025-09-16T00:00:00.000,"1 - Cars, Pickups and Vans"
20514,Peak,2025-09-16T00:00:00.000,2 - Single-Unit Trucks
914,Peak,2025-09-16T00:00:00.000,3 - Multi-Unit Trucks
9074,Peak,2025-09-16T00:00:00.000,4 - Buses
2048,Peak,2025-09-16T00:00:00.000,5 - Motorcycles
144263,Peak,2025-09-16T00:00:00.000,TLC Taxi/FHV
39147,Overnight,2025-09-17T00:00:00.000,"1 - Cars, Pickups and Vans"
2966,Overnight,2025-09-17T00:00:00.000,2 - Single-Unit Trucks
367,Overnight,2025-09-17T00:00:00.000,3 - Multi-Unit Trucks
811,Overnight,2025-09-17T00:00:00.000,4 - Buses
244,Overnight,2025-09-17T00:00:00.000,5 - Motorcycles
49247,Overnight,2025-09-17T00:00:00.000,TLC Taxi/FHV
247751,Peak,2025-09-17T00:00:00.000,"1 - Cars, Pickups and Vans"
19788,Peak,2025-09-17T00:00:00.000,2 - Single-Unit Trucks
943,Peak,2025-09-17T00:00:00.000,3 - Multi-Unit Trucks
9126,Peak,2025-09-17T00:00:00.000,4 - Buses
1480,Peak,2025-09-17T00:00:00.000,5 - Motorcycles
150395,Peak,2025-09-17T00:00:00.000,TLC Taxi/FHV
42615,Overnight,2025-09-18T00:00:00.000,"1 - Cars, Pickups and Vans"
3084,Overnight,2025-09-18T00:00:00.000,2 - Single-Unit Trucks
373,Overnight,2025-09-18T00:00:00.000,3 - Multi-Unit Trucks
813,Overnight,2025-09-18T00:00:00.000,4 - Buses
303,Overnight,2025-09-18T00:00:00.000,5 - Motorcycles
54287,Overnight,2025-09-18T00:00:00.000,TLC Taxi/FHV
255937,Peak,2025-09-18T00:00:00.000,"1 - Cars, Pickups and Vans"
20426,Peak,2025-09-18T00:00:00.000,2 - Single-Unit Trucks
927,Peak,2025-09-18T00:00:00.000,3 - Multi-Unit Trucks
9478,Peak,2025-09-18T00:00:00.000,4 - Buses
1954,Peak,2025-09-18T00:00:00.000,5 - Motorcycles
148148,Peak,2025-09-18T00:00:00.000,TLC Taxi/FHV
51274,Overnight,2025-09-19T00:00:00.000,"1 - Cars, Pickups and Vans"
2979,Overnight,2025-09-19T00:00:00.000,2 - Single-Unit Trucks
396,Overnight,2025-09-19T00:00:00.000,3 - Multi-Unit Trucks
849,Overnight,2025-09-19T00:00:00.000,4 - Buses
338,Overnight,2025-09-19T00:00:00.000,5 - Motorcycles
56945,Overnight,2025-09-19T00:00:00.000,TLC Taxi/FHV
254154,Peak,2025-09-19T00:00:00.000,"1 - Cars, Pickups and Vans"
20675,Peak,2025-09-19T00:00:00.000,2 - Single-Unit Trucks
989,Peak,2025-09-19T00:00:00.000,3 - Multi-Unit Trucks
8681,Peak,2025-09-19T00:00:00.000,4 - Buses
2013,Peak,2025-09-19T00:00:00.000,5 - Motorcycles
140626,Peak,2025-09-19T00:00:00.000,TLC Taxi/FHV
99626,Overnight,2025-09-20T00:00:00.000,"1 - Cars, Pickups and Vans"
4805,Overnight,2025-09-20T00:00:00.000,2 - Single-Unit Trucks
474,Overnight,2025-09-20T00:00:00.000,3 - Multi-Unit Trucks
1760,Overnight,2025-09-20T00:00:00.000,4 - Buses
541,Overnight,2025-09-20T00:00:00.000,5 - Motorcycles
89614,Overnight,2025-09-20T00:00:00.000,TLC Taxi/FHV
206230,Peak,2025-09-20T00:00:00.000,"1 - Cars, Pickups and Vans"
5418,Peak,2025-09-20T00:00:00.000,2 - Single-Unit Trucks
209,Peak,2025-09-20T00:00:00.000,3 - Multi-Unit Trucks
3267,Peak,2025-09-20T00:00:00.000,4 - Buses
1802,Peak,2025-09-20T00:00:00.000,5 - Motorcycles
111606,Peak,2025-09-20T00:00:00.000,TLC Taxi/FHV
84767,Overnight,2025-09-21T00:00:00.000,"1 - Cars, Pickups and Vans"
2626,Overnight,2025-09-21T00:00:00.000,2 - Single-Unit Trucks
246,Overnight,2025-09-21T00:00:00.000,3 - Multi-Unit Trucks
1283,Overnight,2025-09-21T00:00:00.000,4 - Buses
448,Overnight,2025-09-21T00:00:00.000,5 - Motorcycles
85014,Overnight,2025-09-21T00:00:00.000,TLC Taxi/FHV
199375,Peak,2025-09-21T00:00:00.000,"1 - Cars, Pickups and Vans"
3587,Peak,2025-09-21T00:00:00.000,2 - Single-Unit Trucks
170,Peak,2025-09-21T00:00:00.000,3 - Multi-Unit Trucks
2821,Peak,2025-09-21T00:00:00.000,4 - Buses
1389,Peak,2025-09-21T00:00:00.000,5 - Motorcycles
105145,Peak,2025-09-21T00:00:00.000,TLC Taxi/FHV
42788,Overnight,2025-09-22T00:00:00.000,"1 - Cars, Pickups and Vans"
2775,Overnight,2025-09-22T00:00:00.000,2 - Single-Unit Trucks
335,Overnight,2025-09-22T00:00:00.000,3 - Multi-Unit Trucks
772,Overnight,2025-09-22T00:00:00.000,4 - Buses
249,Overnight,2025-09-22T00:00:00.000,5 - Motorcycles
41010,Overnight,2025-09-22T00:00:00.000,TLC Taxi/FHV
230852,Peak,2025-09-22T00:00:00.000,"1 - Cars, Pickups and Vans"
19269,Peak,2025-09-22T00:00:00.000,2 - Single-Unit Trucks
854,Peak,2025-09-22T00:00:00.000,3 - Multi-Unit Trucks
8874,Peak,2025-09-22T00:00:00.000,4 - Buses
1840,Peak,2025-09-22T00:00:00.000,5 - Motorcycles
128872,Peak,2025-09-22T00:00:00.000,TLC Taxi/FHV
41412,Overnight,2025-09-23T00:00:00.000,"1 - Cars, Pickups and Vans"
2906,Overnight,2025-09-23T00:00:00.000,2 - Single-Unit Trucks
369,Overnight,2025-09-23T00:00:00.000,3 - Multi-Unit Trucks
710,Overnight,2025-09-23T00:00:00.000,4 - Buses
240,Overnight,2025-09-23T00:00:00.000,5 - Motorcycles
42006,Overnight,2025-09-23T00:00:00.000,TLC Taxi/FHV
218795,Peak,2025-09-23T00:00:00.000,"1 - Cars, Pickups and Vans"
18055,Peak,2025-09-23T00:00:00.000,2 - Single-Unit Trucks
831,Peak,2025-09-23T00:00:00.000,3 - Multi-Unit Trucks
6753,Peak,2025-09-23T00:00:00.000,4 - Buses
1741,Peak,2025-09-23T00:00:00.000,5 - Motorcycles
127814,Peak,2025-09-23T00:00:00.000,TLC Taxi/FHV
40774,Overnight,2025-09-24T00:00:00.000,"1 - Cars, Pickups and Vans"
2972,Overnight,2025-09-24T00:00:00.000,2 - Single-Unit Trucks
359,Overnight,2025-09-24T00:00:00.000,3 - Multi-Unit Trucks
782,Overnight,2025-09-24T00:00:00.000,4 - Buses
219,Overnight,2025-09-24T00:00:00.000,5 - Motorcycles
47392,Overnight,2025-09-24T00:00:00.000,TLC Taxi/FHV
228668,Peak,2025-09-24T00:00:00.000,"1 - Cars, Pickups and Vans"
18352,Peak,2025-09-24T00:00:00.000,2 - Single-Unit Trucks
819,Peak,2025-09-24T00:00:00.000,3 - Multi-Unit Trucks
6940,Peak,2025-09-24T00:00:00.000,4 - Buses
1755,Peak,2025-09-24T00:00:00.000,5 - Motorcycles
141781,Peak,2025-09-24T00:00:00.000,TLC Taxi/FHV
41238,Overnight,2025-09-25T00:00:00.000,"1 - Cars, Pickups and Vans"
2950,Overnight,2025-09-25T00:00:00.000,2 - Single-Unit Trucks
358,Overnight,2025-09-25T00:00:00.000,3 - Multi-Unit Trucks
751,Overnight,2025-09-25T00:00:00.000,4 - Buses
222,Overnight,2025-09-25T00:00:00.000,5 - Motorcycles
52491,Overnight,2025-09-25T00:00:00.000,TLC Taxi/FHV
242191,Peak,2025-09-25T00:00:00.000,"1 - Cars, Pickups and Vans"
19291,Peak,2025-09-25T00:00:00.000,2 - Single-Unit Trucks
798,Peak,2025-09-25T00:00:00.000,3 - Multi-Unit Trucks
8877,Peak,2025-09-25T00:00:00.000,4 - Buses
1042,Peak,2025-09-25T00:00:00.000,5 - Motorcycles
142138,Peak,2025-09-25T00:00:00.000,TLC Taxi/FHV
52729,Overnight,2025-09-26T00:00:00.000,"1 - Cars, Pickups and Vans"
3138,Overnight,2025-09-26T00:00:00.000,2 - Single-Unit Trucks
372,Overnight,2025-09-26T00:00:00.000,3 - Multi-Unit Trucks
882,Overnight,2025-09-26T00:00:00.000,4 - Buses
367,Overnight,2025-09-26T00:00:00.000,5 - Motorcycles
58305,Overnight,2025-09-26T00:00:00.000,TLC Taxi/FHV
247689,Peak,2025-09-26T00:00:00.000,"1 - Cars, Pickups and Vans"
20331,Peak,2025-09-26T00:00:00.000,2 - Single-Unit Trucks
921,Peak,2025-09-26T00:00:00.000,3 - Multi-Unit Trucks
8886,Peak,2025-09-26T00:00:00.000,4 - Buses
2073,Peak,2025-09-26T00:00:00.000,5 - Motorcycles
135716,Peak,2025-09-26T00:00:00.000,TLC Taxi/FHV
102822,Overnight,2025-09-27T00:00:00.000,"1 - Cars, Pickups and Vans"
5252,Overnight,2025-09-27T00:00:00.000,2 - Single-Unit Trucks
470,Overnight,2025-09-27T00:00:00.000,3 - Multi-Unit Trucks
1688,Overnight,2025-09-27T00:00:00.000,4 - Buses
562,Overnight,2025-09-27T00:00:00.000,5 - Motorcycles
92078,Overnight,2025-09-27T00:00:00.000,TLC Taxi/FHV
203088,Peak,2025-09-27T00:00:00.000,"1 - Cars, Pickups and Vans"
5445,Peak,2025-09-27T00:00:00.000,2 - Single-Unit Trucks
223,Peak,2025-09-27T00:00:00.000,3 - Multi-Unit Trucks
3277,Peak,2025-09-27T00:00:00.000,4 - Buses
1513,Peak,2025-09-27T00:00:00.000,5 - Motorcycles
115020,Peak,2025-09-27T00:00:00.000,TLC Taxi/FHV
87016,Overnight,2025-09-28T00:00:00.000,"1 - Cars, Pickups and Vans"
2727,Overnight,2025-09-28T00:00:00.000,2 - Single-Unit Trucks
254,Overnight,2025-09-28T00:00:00.000,3 - Multi-Unit Trucks
1579,Overnight,2025-09-28T00:00:00.000,4 - Buses
484,Overnight,2025-09-28T00:00:00.000,5 - Motorcycles
84965,Overnight,2025-09-28T00:00:00.000,TLC Taxi/FHV
195254,Peak,2025-09-28T00:00:00.000,"1 - Cars, Pickups and Vans"
3644,Peak,2025-09-28T00:00:00.000,2 - Single-Unit Trucks
161,Peak,2025-09-28T00:00:00.000,3 - Multi-Unit Trucks
2906,Peak,2025-09-28T00:00:00.000,4 - Buses
1520,Peak,2025-09-28T00:00:00.000,5 - Motorcycles
106761,Peak,2025-09-28T00:00:00.000,TLC Taxi/FHV
39051,Overnight,2025-09-29T00:00:00.000,"1 - Cars, Pickups and Vans"
2839,Overnight,2025-09-29T00:00:00.000,2 - Single-Unit Trucks
350,Overnight,2025-09-29T00:00:00.000,3 - Multi-Unit Trucks
759,Overnight,2025-09-29T00:00:00.000,4 - Buses
267,Overnight,2025-09-29T00:00:00.000,5 - Motorcycles
39650,Overnight,2025-09-29T00:00:00.000,TLC Taxi/FHV
239439,Peak,2025-09-29T00:00:00.000,"1 - Cars, Pickups and Vans"
19738,Peak,2025-09-29T00:00:00.000,2 - Single-Unit Trucks
836,Peak,2025-09-29T00:00:00.000,3 - Multi-Unit Trucks
9160,Peak,2025-09-29T00:00:00.000,4 - Buses
1989,Peak,2025-09-29T00:00:00.000,5 - Motorcycles
135511,Peak,2025-09-29T00:00:00.000,TLC Taxi/FHV
38922,Overnight,2025-09-30T00:00:00.000,"1 - Cars, Pickups and Vans"
3031,Overnight,2025-09-30T00:00:00.000,2 - Single-Unit Trucks
389,Overnight,2025-09-30T00:00:00.000,3 - Multi-Unit Trucks
745,Overnight,2025-09-30T00:00:00.000,4 - Buses
291,Overnight,2025-09-30T00:00:00.000,5 - Motorcycles
44274,Overnight,2025-09-30T00:00:00.000,TLC Taxi/FHV
245768,Peak,2025-09-30T00:00:00.000,"1 - Cars, Pickups and Vans"
20636,Peak,2025-09-30T00:00:00.000,2 - Single-Unit Trucks
956,Peak,2025-09-30T00:00:00.000,3 - Multi-Unit Trucks
9191,Peak,2025-09-30T00:00:00.000,4 - Buses
2076,Peak,2025-09-30T00:00:00.000,5 - Motorcycles
139562,Peak,2025-09-30T00:00:00.000,TLC Taxi/FHV
39152,Overnight,2025-10-01T00:00:00.000,"1 - Cars, Pickups and Vans"
2945,Overnight,2025-10-01T00:00:00.000,2 - Single-Unit Trucks
360,Overnight,2025-10-01T00:00:00.000,3 - Multi-Unit Trucks
754,Overnight,2025-10-01T00:00:00.000,4 - Buses
259,Overnight,2025-10-01T00:00:00.000,5 - Motorcycles
44830,Overnight,2025-10-01T00:00:00.000,TLC Taxi/FHV
236135,Peak,2025-10-01T00:00:00.000,"1 - Cars, Pickups and Vans"
19720,Peak,2025-10-01T00:00:00.000,2 - Single-Unit Trucks
809,Peak,2025-10-01T00:00:00.000,3 - Multi-Unit Trucks
8958,Peak,2025-10-01T00:00:00.000,4 - Buses
1933,Peak,2025-10-01T00:00:00.000,5 - Motorcycles
142450,Peak,2025-10-01T00:00:00.000,TLC Taxi/FHV
42261,Overnight,2025-10-02T00:00:00.000,"1 - Cars, Pickups and Vans"
2768,Overnight,2025-10-02T00:00:00.000,2 - Single-Unit Trucks
323,Overnight,2025-10-02T00:00:00.000,3 - Multi-Unit Trucks
731,Overnight,2025-10-02T00:00:00.000,4 - Buses
273,Overnight,2025-10-02T00:00:00.000,5 - Motorcycles
48151,Overnight,2025-10-02T00:00:00.000,TLC Taxi/FHV
223763,Peak,2025-10-02T00:00:00.000,"1 - Cars, Pickups and Vans"
17645,Peak,2025-10-02T00:00:00.000,2 - Single-Unit Trucks
815,Peak,2025-10-02T00:00:00.000,3 - Multi-Unit Trucks
6892,Peak,2025-10-02T00:00:00.000,4 - Buses
1775,Peak,2025-10-02T00:00:00.000,5 - Motorcycles
145045,Peak,2025-10-02T00:00:00.000,TLC Taxi/FHV
48596,Overnight,2025-10-03T00:00:00.000,"1 - Cars, Pickups and Vans"
2894,Overnight,2025-10-03T00:00:00.000,2 - Single-Unit Trucks
373,Overnight,2025-10-03T00:00:00.000,3 - Multi-Unit Trucks
780,Overnight,2025-10-03T00:00:00.000,4 - Buses
314,Overnight,2025-10-03T00:00:00.000,5 - Motorcycles
53910,Overnight,2025-10-03T00:00:00.000,TLC Taxi/FHV
249204,Peak,2025-10-03T00:00:00.000,"1 - Cars, Pickups and Vans"
20421,Peak,2025-10-03T00:00:00.000,2 - Single-Unit Trucks
908,Peak,2025-10-03T00:00:00.000,3 - Multi-Unit Trucks
9002,Peak,2025-10-03T00:00:00.000,4 - Buses
1853,Peak,2025-10-03T00:00:00.000,5 - Motorcycles
141408,Peak,2025-10-03T00:00:00.000,TLC Taxi/FHV
97828,Overnight,2025-10-04T00:00:00.000,"1 - Cars, Pickups and Vans"
5032,Overnight,2025-10-04T00:00:00.000,2 - Single-Unit Trucks
452,Overnight,2025-10-04T00:00:00.000,3 - Multi-Unit Trucks
1685,Overnight,2025-10-04T00:00:00.000,4 - Buses
512,Overnight,2025-10-04T00:00:00.000,5 - Motorcycles
88962,Overnight,2025-10-04T00:00:00.000,TLC Taxi/FHV
198525,Peak,2025-10-04T00:00:00.000,"1 - Cars, Pickups and Vans"
5200,Peak,2025-10-04T00:00:00.000,2 - Single-Unit Trucks
251,Peak,2025-10-04T00:00:00.000,3 - Multi-Unit Trucks
3228,Peak,2025-10-04T00:00:00.000,4 - Buses
1480,Peak,2025-10-04T00:00:00.000,5 - Motorcycles
115287,Peak,2025-10-04T00:00:00.000,TLC Taxi/FHV
83168,Overnight,2025-10-05T00:00:00.000,"1 - Cars, Pickups and Vans"
2493,Overnight,2025-10-05T00:00:00.000,2 - Single-Unit Trucks
248,Overnight,2025-10-05T00:00:00.000,3 - Multi-Unit Trucks
1418,Overnight,2025-10-05T00:00:00.000,4 - Buses
482,Overnight,2025-10-05T00:00:00.000,5 - Motorcycles
83875,Overnight,2025-10-05T00:00:00.000,TLC Taxi/FHV
194417,Peak,2025-10-05T00:00:00.000,"1 - Cars, Pickups and Vans"
3335,Peak,2025-10-05T00:00:00.000,2 - Single-Unit Trucks
160,Peak,2025-10-05T00:00:00.000,3 - Multi-Unit Trucks
2928,Peak,2025-10-05T00:00:00.000,4 - Buses
1398,Peak,2025-10-05T00:00:00.000,5 - Motorcycles
109521,Peak,2025-10-05T00:00:00.000,TLC Taxi/FHV
37565,Overnight,2025-10-06T00:00:00.000,"1 - Cars, Pickups and Vans"
2723,Overnight,2025-10-06T00:00:00.000,2 - Single-Unit Trucks
345,Overnight,2025-10-06T00:00:00.000,3 - Multi-Unit Trucks
740,Overnight,2025-10-06T00:00:00.000,4 - Buses
244,Overnight,2025-10-06T00:00:00.000,5 - Motorcycles
39766,Overnight,2025-10-06T00:00:00.000,TLC Taxi/FHV
232984,Peak,2025-10-06T00:00:00.000,"1 - Cars, Pickups and Vans"
19004,Peak,2025-10-06T00:00:00.000,2 - Single-Unit Trucks
839,Peak,2025-10-06T00:00:00.000,3 - Multi-Unit Trucks
9069,Peak,2025-10-06T00:00:00.000,4 - Buses
1879,Peak,2025-10-06T00:00:00.000,5 - Motorcycles
140997,Peak,2025-10-06T00:00:00.000,TLC Taxi/FHV
36034,Overnight,2025-10-07T00:00:00.000,"1 - Cars, Pickups and Vans"
2859,Overnight,2025-10-07T00:00:00.000,2 - Single-Unit Trucks
366,Overnight,2025-10-07T00:00:00.000,3 - Multi-Unit Trucks
754,Overnight,2025-10-07T00:00:00.000,4 - Buses
231,Overnight,2025-10-07T00:00:00.000,5 - Motorcycles
45583,Overnight,2025-10-07T00:00:00.000,TLC Taxi/FHV
233068,Peak,2025-10-07T00:00:00.000,"1 - Cars, Pickups and Vans"
18926,Peak,2025-10-07T00:00:00.000,2 - Single-Unit Trucks
956,Peak,2025-10-07T00:00:00.000,3 - Multi-Unit Trucks
8979,Peak,2025-10-07T00:00:00.000,4 - Buses
1978,Peak,2025-10-07T00:00:00.000,5 - Motorcycles
148225,Peak,2025-10-07T00:00:00.000,TLC Taxi/FHV
39070,Overnight,2025-10-08T00:00:00.000,"1 - Cars, Pickups and Vans"
2905,Overnight,2025-10-08T00:00:00.000,2 - Single-Unit Trucks
314,Overnight,2025-10-08T00:00:00.000,3 - Multi-Unit Trucks
762,Overnight,2025-10-08T00:00:00.000,4 - Buses
243,Overnight,2025-10-08T00:00:00.000,5 - Motorcycles
52733,Overnight,2025-10-08T00:00:00.000,TLC Taxi/FHV
233075,Peak,2025-10-08T00:00:00.000,"1 - Cars, Pickups and Vans"
18764,Peak,2025-10-08T00:00:00.000,2 - Single-Unit Trucks
836,Peak,2025-10-08T00:00:00.000,3 - Multi-Unit Trucks
8888,Peak,2025-10-08T00:00:00.000,4 - Buses
1323,Peak,2025-10-08T00:00:00.000,5 - Motorcycles
156913,Peak,2025-10-08T00:00:00.000,TLC Taxi/FHV
43145,Overnight,2025-10-09T00:00:00.000,"1 - Cars, Pickups and Vans"
3057,Overnight,2025-10-09T00:00:00.000,2 - Single-Unit Trucks
349,Overnight,2025-10-09T00:00:00.000,3 - Multi-Unit Trucks
823,Overnight,2025-10-09T00:00:00.000,4 - Buses
246,Overnight,2025-10-09T00:00:00.000,5 - Motorcycles
57114,Overnight,2025-10-09T00:00:00.000,TLC Taxi/FHV
253030,Peak,2025-10-09T00:00:00.000,"1 - Cars, Pickups and Vans"
19430,Peak,2025-10-09T00:00:00.000,2 - Single-Unit Trucks
826,Peak,2025-10-09T00:00:00.000,3 - Multi-Unit Trucks
9090,Peak,2025-10-09T00:00:00.000,4 - Buses
1722,Peak,2025-10-09T00:00:00.000,5 - Motorcycles
148770,Peak,2025-10-09T00:00:00.000,TLC Taxi/FHV
50373,Overnight,2025-10-10T00:00:00.000,"1 - Cars, Pickups and Vans"
2946,Overnight,2025-10-10T00:00:00.000,2 - Single-Unit Trucks
372,Overnight,2025-10-10T00:00:00.000,3 - Multi-Unit Trucks
822,Overnight,2025-10-10T00:00:00.000,4 - Buses
271,Overnight,2025-10-10T00:00:00.000,5 - Motorcycles
59149,Overnight,2025-10-10T00:00:00.000,TLC Taxi/FHV
251370,Peak,2025-10-10T00:00:00.000,"1 - Cars, Pickups and Vans"
19607,Peak,2025-10-10T00:00:00.000,2 - Single-Unit Trucks
881,Peak,2025-10-10T00:00:00.000,3 - Multi-Unit Trucks
8753,Peak,2025-10-10T00:00:00.000,4 - Buses
1660,Peak,2025-10-10T00:00:00.000,5 - Motorcycles
144588,Peak,2025-10-10T00:00:00.000,TLC Taxi/FHV
94787,Overnight,2025-10-11T00:00:00.000,"1 - Cars, Pickups and Vans"
4758,Overnight,2025-10-11T00:00:00.000,2 - Single-Unit Trucks
390,Overnight,2025-10-11T00:00:00.000,3 - Multi-Unit Trucks
1573,Overnight,2025-10-11T00:00:00.000,4 - Buses
403,Overnight,2025-10-11T00:00:00.000,5 - Motorcycles
92370,Overnight,2025-10-11T00:00:00.000,TLC Taxi/FHV
194546,Peak,2025-10-11T00:00:00.000,"1 - Cars, Pickups and Vans"
4854,Peak,2025-10-11T00:00:00.000,2 - Single-Unit Trucks
228,Peak,2025-10-11T00:00:00.000,3 - Multi-Unit Trucks
3203,Peak,2025-10-11T00:00:00.000,4 - Buses
914,Peak,2025-10-11T00:00:00.000,5 - Motorcycles
118546,Peak,2025-10-11T00:00:00.000,TLC Taxi/FHV
72134,Overnight,2025-10-12T00:00:00.000,"1 - Cars, Pickups and Vans"
2175,Overnight,2025-10-12T00:00:00.000,2 - Single-Unit Trucks
210,Overnight,2025-10-12T00:00:00.000,3 - Multi-Unit Trucks
1264,Overnight,2025-10-12T00:00:00.000,4 - Buses
241,Overnight,2025-10-12T00:00:00.000,5 - Motorcycles
82412,Overnight,2025-10-12T00:00:00.000,TLC Taxi/FHV
170342,Peak,2025-10-12T00:00:00.000,"1 - Cars, Pickups and Vans"
2873,Peak,2025-10-12T00:00:00.000,2 - Single-Unit Trucks
144,Peak,2025-10-12T00:00:00.000,3 - Multi-Unit Trucks
2929,Peak,2025-10-12T00:00:00.000,4 - Buses
584,Peak,2025-10-12T00:00:00.000,5 - Motorcycles
110444,Peak,2025-10-12T00:00:00.000,TLC Taxi/FHV
34463,Overnight,2025-10-13T00:00:00.000,"1 - Cars, Pickups and Vans"
2194,Overnight,2025-10-13T00:00:00.000,2 - Single-Unit Trucks
276,Overnight,2025-10-13T00:00:00.000,3 - Multi-Unit Trucks
758,Overnight,2025-10-13T00:00:00.000,4 - Buses
118,Overnight,2025-10-13T00:00:00.000,5 - Motorcycles
36214,Overnight,2025-10-13T00:00:00.000,TLC Taxi/FHV
196584,Peak,2025-10-13T00:00:00.000,"1 - Cars, Pickups and Vans"
12940,Peak,2025-10-13T00:00:00.000,2 - Single-Unit Trucks
633,Peak,2025-10-13T00:00:00.000,3 - Multi-Unit Trucks
6404,Peak,2025-10-13T00:00:00.000,4 - Buses
601,Peak,2025-10-13T00:00:00.000,5 - Motorcycles
133354,Peak,2025-10-13T00:00:00.000,TLC Taxi/FHV
37600,Overnight,2025-10-14T00:00:00.000,"1 - Cars, Pickups and Vans"
2745,Overnight,2025-10-14T00:00:00.000,2 - Single-Unit Trucks
376,Overnight,2025-10-14T00:00:00.000,3 - Multi-Unit Trucks
755,Overnight,2025-10-14T00:00:00.000,4 - Buses
200,Overnight,2025-10-14T00:00:00.000,5 - Motorcycles
45275,Overnight,2025-10-14T00:00:00.000,TLC Taxi/FHV
234758,Peak,2025-10-14T00:00:00.000,"1 - Cars, Pickups and Vans"
19319,Peak,2025-10-14T00:00:00.000,2 - Single-Unit Trucks
869,Peak,2025-10-14T00:00:00.000,3 - Multi-Unit Trucks
8722,Peak,2025-10-14T00:00:00.000,4 - Buses
1388,Peak,2025-10-14T00:00:00.000,5 - Motorcycles
148766,Peak,2025-10-14T00:00:00.000,TLC Taxi/FHV
40084,Overnight,2025-10-15T00:00:00.000,"1 - Cars, Pickups and Vans"
3011,Overnight,2025-10-15T00:00:00.000,2 - Single-Unit Trucks
392,Overnight,2025-10-15T00:00:00.000,3 - Multi-Unit Trucks
771,Overnight,2025-10-15T00:00:00.000,4 - Buses
233,Overnight,2025-10-15T00:00:00.000,5 - Motorcycles
51761,Overnight,2025-10-15T00:00:00.000,TLC Taxi/FHV
237483,Peak,2025-10-15T00:00:00.000,"1 - Cars, Pickups and Vans"
19343,Peak,2025-10-15T00:00:00.000,2 - Single-Unit Trucks
878,Peak,2025-10-15T00:00:00.000,3 - Multi-Unit Trucks
8976,Peak,2025-10-15T00:00:00.000,4 - Buses
1656,Peak,2025-10-15T00:00:00.000,5 - Motorcycles
151951,Peak,2025-10-15T00:00:00.000,TLC Taxi/FHV
41721,Overnight,2025-10-16T00:00:00.000,"1 - Cars, Pickups and Vans"
3123,Overnight,2025-10-16T00:00:00.000,2 - Single-Unit Trucks
373,Overnight,2025-10-16T00:00:00.000,3 - Multi-Unit Trucks
790,Overnight,2025-10-16T00:00:00.000,4 - Buses
215,Overnight,2025-10-16T00:00:00.000,5 - Motorcycles
57915,Overnight,2025-10-16T00:00:00.000,TLC Taxi/FHV
252497,Peak,2025-10-16T00:00:00.000,"1 - Cars, Pickups and Vans"
19823,Peak,2025-10-16T00:00:00.000,2 - Single-Unit Trucks
822,Peak,2025-10-16T00:00:00.000,3 - Multi-Unit Trucks
9157,Peak,2025-10-16T00:00:00.000,4 - Buses
1524,Peak,2025-10-16T00:00:00.000,5 - Motorcycles
149958,Peak,2025-10-16T00:00:00.000,TLC Taxi/FHV
49616,Overnight,2025-10-17T00:00:00.000,"1 - Cars, Pickups and Vans"
3140,Overnight,2025-10-17T00:00:00.000,2 - Single-Unit Trucks
422,Overnight,2025-10-17T00:00:00.000,3 - Multi-Unit Trucks
752,Overnight,2025-10-17T00:00:00.000,4 - Buses
245,Overnight,2025-10-17T00:00:00.000,5 - Motorcycles
60272,Overnight,2025-10-17T00:00:00.000,TLC Taxi/FHV
248833,Peak,2025-10-17T00:00:00.000,"1 - Cars, Pickups and Vans"
20342,Peak,2025-10-17T00:00:00.000,2 - Single-Unit Trucks
851,Peak,2025-10-17T00:00:00.000,3 - Multi-Unit Trucks
8929,Peak,2025-10-17T00:00:00.000,4 - Buses
1522,Peak,2025-10-17T00:00:00.000,5 - Motorcycles
145082,Peak,2025-10-17T00:00:00.000,TLC Taxi/FHV
98202,Overnight,2025-10-18T00:00:00.000,"1 - Cars, Pickups and Vans"
5200,Overnight,2025-10-18T00:00:00.000,2 - Single-Unit Trucks
481,Overnight,2025-10-18T00:00:00.000,3 - Multi-Unit Trucks
1578,Overnight,2025-10-18T00:00:00.000,4 - Buses
471,Overnight,2025-10-18T00:00:00.000,5 - Motorcycles
92749,Overnight,2025-10-18T00:00:00.000,TLC Taxi/FHV
196103,Peak,2025-10-18T00:00:00.000,"1 - Cars, Pickups and Vans"
5321,Peak,2025-10-18T00:00:00.000,2 - Single-Unit Trucks
225,Peak,2025-10-18T00:00:00.000,3 - Multi-Unit Trucks
3248,Peak,2025-10-18T00:00:00.000,4 - Buses
1241,Peak,2025-10-18T00:00:00.000,5 - Motorcycles
116792,Peak,2025-10-18T00:00:00.000,TLC Taxi/FHV
83733,Overnight,2025-10-19T00:00:00.000,"1 - Cars, Pickups and Vans"
2529,Overnight,2025-10-19T00:00:00.000,2 - Single-Unit Trucks
205,Overnight,2025-10-19T00:00:00.000,3 - Multi-Unit Trucks
1355,Overnight,2025-10-19T00:00:00.000,4 - Buses
438,Overnight,2025-10-19T00:00:00.000,5 - Motorcycles
85558,Overnight,2025-10-19T00:00:00.000,TLC Taxi/FHV
202724,Peak,2025-10-19T00:00:00.000,"1 - Cars, Pickups and Vans"
3346,Peak,2025-10-19T00:00:00.000,2 - Single-Unit Trucks
149,Peak,2025-10-19T00:00:00.000,3 - Multi-Unit Trucks
3270,Peak,2025-10-19T00:00:00.000,4 - Buses
1332,Peak,2025-10-19T00:00:00.000,5 - Motorcycles
110078,Peak,2025-10-19T00:00:00.000,TLC Taxi/FHV
38117,Overnight,2025-10-20T00:00:00.000,"1 - Cars, Pickups and Vans"
2690,Overnight,2025-10-20T00:00:00.000,2 - Single-Unit Trucks
358,Overnight,2025-10-20T00:00:00.000,3 - Multi-Unit Trucks
763,Overnight,2025-10-20T00:00:00.000,4 - Buses
189,Overnight,2025-10-20T00:00:00.000,5 - Motorcycles
40901,Overnight,2025-10-20T00:00:00.000,TLC Taxi/FHV
231761,Peak,2025-10-20T00:00:00.000,"1 - Cars, Pickups and Vans"
19037,Peak,2025-10-20T00:00:00.000,2 - Single-Unit Trucks
877,Peak,2025-10-20T00:00:00.000,3 - Multi-Unit Trucks
7286,Peak,2025-10-20T00:00:00.000,4 - Buses
1324,Peak,2025-10-20T00:00:00.000,5 - Motorcycles
139244,Peak,2025-10-20T00:00:00.000,TLC Taxi/FHV
38934,Overnight,2025-10-21T00:00:00.000,"1 - Cars, Pickups and Vans"
2952,Overnight,2025-10-21T00:00:00.000,2 - Single-Unit Trucks
357,Overnight,2025-10-21T00:00:00.000,3 - Multi-Unit Trucks
807,Overnight,2025-10-21T00:00:00.000,4 - Buses
216,Overnight,2025-10-21T00:00:00.000,5 - Motorcycles
46534,Overnight,2025-10-21T00:00:00.000,TLC Taxi/FHV
242962,Peak,2025-10-21T00:00:00.000,"1 - Cars, Pickups and Vans"
20049,Peak,2025-10-21T00:00:00.000,2 - Single-Unit Trucks
825,Peak,2025-10-21T00:00:00.000,3 - Multi-Unit Trucks
9143,Peak,2025-10-21T00:00:00.000,4 - Buses
1515,Peak,2025-10-21T00:00:00.000,5 - Motorcycles
141210,Peak,2025-10-21T00:00:00.000,TLC Taxi/FHV
38318,Overnight,2025-10-22T00:00:00.000,"1 - Cars, Pickups and Vans"
2892,Overnight,2025-10-22T00:00:00.000,2 - Single-Unit Trucks
371,Overnight,2025-10-22T00:00:00.000,3 - Multi-Unit Trucks
862,Overnight,2025-10-22T00:00:00.000,4 - Buses
172,Overnight,2025-10-22T00:00:00.000,5 - Motorcycles
50033,Overnight,2025-10-22T00:00:00.000,TLC Taxi/FHV
244970,Peak,2025-10-22T00:00:00.000,"1 - Cars, Pickups and Vans"
19811,Peak,2025-10-22T00:00:00.000,2 - Single-Unit Trucks
833,Peak,2025-10-22T00:00:00.000,3 - Multi-Unit Trucks
9064,Peak,2025-10-22T00:00:00.000,4 - Buses
1466,Peak,2025-10-22T00:00:00.000,5 - Motorcycles
148128,Peak,2025-10-22T00:00:00.000,TLC Taxi/FHV
40890,Overnight,2025-10-23T00:00:00.000,"1 - Cars, Pickups and Vans"
3056,Overnight,2025-10-23T00:00:00.000,2 - Single-Unit Trucks
363,Overnight,2025-10-23T00:00:00.000,3 - Multi-Unit Trucks
865,Overnight,2025-10-23T00:00:00.000,4 - Buses
225,Overnight,2025-10-23T00:00:00.000,5 - Motorcycles
55693,Overnight,2025-10-23T00:00:00.000,TLC Taxi/FHV
247537,Peak,2025-10-23T00:00:00.000,"1 - Cars, Pickups and Vans"
19979,Peak,2025-10-23T00:00:00.000,2 - Single-Unit Trucks
855,Peak,2025-10-23T00:00:00.000,3 - Multi-Unit Trucks
9272,Peak,2025-10-23T00:00:00.000,4 - Buses
1597,Peak,2025-10-23T00:00:00.000,5 - Motorcycles
152355,Peak,2025-10-23T00:00:00.000,TLC Taxi/FHV
49439,Overnight,2025-10-24T00:00:00.000,"1 - Cars, Pickups and Vans"
2929,Overnight,2025-10-24T00:00:00.000,2 - Single-Unit Trucks
354,Overnight,2025-10-24T00:00:00.000,3 - Multi-Unit Trucks
872,Overnight,2025-10-24T00:00:00.000,4 - Buses
256,Overnight,2025-10-24T00:00:00.000,5 - Motorcycles
60071,Overnight,2025-10-24T00:00:00.000,TLC Taxi/FHV
249390,Peak,2025-10-24T00:00:00.000,"1 - Cars, Pickups and Vans"
20093,Peak,2025-10-24T00:00:00.000,2 - Single-Unit Trucks
854,Peak,2025-10-24T00:00:00.000,3 - Multi-Unit Trucks
8742,Peak,2025-10-24T00:00:00.000,4 - Buses
1549,Peak,2025-10-24T00:00:00.000,5 - Motorcycles
143509,Peak,2025-10-24T00:00:00.000,TLC Taxi/FHV
97933,Overnight,2025-10-25T00:00:00.000,"1 - Cars, Pickups and Vans"
4848,Overnight,2025-10-25T00:00:00.000,2 - Single-Unit Trucks
391,Overnight,2025-10-25T00:00:00.000,3 - Multi-Unit Trucks
1549,Overnight,2025-10-25T00:00:00.000,4 - Buses
406,Overnight,2025-10-25T00:00:00.000,5 - Motorcycles
92640,Overnight,2025-10-25T00:00:00.000,TLC Taxi/FHV
199523,Peak,2025-10-25T00:00:00.000,"1 - Cars, Pickups and Vans"
5035,Peak,2025-10-25T00:00:00.000,2 - Single-Unit Trucks
254,Peak,2025-10-25T00:00:00.000,3 - Multi-Unit Trucks
3253,Peak,2025-10-25T00:00:00.000,4 - Buses
1049,Peak,2025-10-25T00:00:00.000,5 - Motorcycles
118549,Peak,2025-10-25T00:00:00.000,TLC Taxi/FHV
80536,Overnight,2025-10-26T00:00:00.000,"1 - Cars, Pickups and Vans"
2409,Overnight,2025-10-26T00:00:00.000,2 - Single-Unit Trucks
243,Overnight,2025-10-26T00:00:00.000,3 - Multi-Unit Trucks
1264,Overnight,2025-10-26T00:00:00.000,4 - Buses
351,Overnight,2025-10-26T00:00:00.000,5 - Motorcycles
87585,Overnight,2025-10-26T00:00:00.000,TLC Taxi/FHV
193780,Peak,2025-10-26T00:00:00.000,"1 - Cars, Pickups and Vans"
3169,Peak,2025-10-26T00:00:00.000,2 - Single-Unit Trucks
139,Peak,2025-10-26T00:00:00.000,3 - Multi-Unit Trucks
2780,Peak,2025-10-26T00:00:00.000,4 - Buses
1051,Peak,2025-10-26T00:00:00.000,5 - Motorcycles
109653,Peak,2025-10-26T00:00:00.000,TLC Taxi/FHV
38180,Overnight,2025-10-27T00:00:00.000,"1 - Cars, Pickups and Vans"
2760,Overnight,2025-10-27T00:00:00.000,2 - Single-Unit Trucks
349,Overnight,2025-10-27T00:00:00.000,3 - Multi-Unit Trucks
737,Overnight,2025-10-27T00:00:00.000,4 - Buses
194,Overnight,2025-10-27T00:00:00.000,5 - Motorcycles
41270,Overnight,2025-10-27T00:00:00.000,TLC Taxi/FHV
235997,Peak,2025-10-27T00:00:00.000,"1 - Cars, Pickups and Vans"
18906,Peak,2025-10-27T00:00:00.000,2 - Single-Unit Trucks
850,Peak,2025-10-27T00:00:00.000,3 - Multi-Unit Trucks
8877,Peak,2025-10-27T00:00:00.000,4 - Buses
1319,Peak,2025-10-27T00:00:00.000,5 - Motorcycles
139184,Peak,2025-10-27T00:00:00.000,TLC Taxi/FHV
38661,Overnight,2025-10-28T00:00:00.000,"1 - Cars, Pickups and Vans"
3053,Overnight,2025-10-28T00:00:00.000,2 - Single-Unit Trucks
369,Overnight,2025-10-28T00:00:00.000,3 - Multi-Unit Trucks
761,Overnight,2025-10-28T00:00:00.000,4 - Buses
204,Overnight,2025-10-28T00:00:00.000,5 - Motorcycles
47893,Overnight,2025-10-28T00:00:00.000,TLC Taxi/FHV
243843,Peak,2025-10-28T00:00:00.000,"1 - Cars, Pickups and Vans"
19683,Peak,2025-10-28T00:00:00.000,2 - Single-Unit Trucks
930,Peak,2025-10-28T00:00:00.000,3 - Multi-Unit Trucks
9019,Peak,2025-10-28T00:00:00.000,4 - Buses
1423,Peak,2025-10-28T00:00:00.000,5 - Motorcycles
143519,Peak,2025-10-28T00:00:00.000,TLC Taxi/FHV
38816,Overnight,2025-10-29T00:00:00.000,"1 - Cars, Pickups and Vans"
3051,Overnight,2025-10-29T00:00:00.000,2 - Single-Unit Trucks
353,Overnight,2025-10-29T00:00:00.000,3 - Multi-Unit Trucks
830,Overnight,2025-10-29T00:00:00.000,4 - Buses
177,Overnight,2025-10-29T00:00:00.000,5 - Motorcycles
52467,Overnight,2025-10-29T00:00:00.000,TLC Taxi/FHV
246207,Peak,2025-10-29T00:00:00.000,"1 - Cars, Pickups and Vans"
20078,Peak,2025-10-29T00:00:00.000,2 - Single-Unit Trucks
810,Peak,2025-10-29T00:00:00.000,3 - Multi-Unit Trucks
9155,Peak,2025-10-29T00:00:00.000,4 - Buses
1439,Peak,2025-10-29T00:00:00.000,5 - Motorcycles
150336,Peak,2025-10-29T00:00:00.000,TLC Taxi/FHV
40766,Overnight,2025-10-30T00:00:00.000,"1 - Cars, Pickups and Vans"
3113,Overnight,2025-10-30T00:00:00.000,2 - Single-Unit Trucks
336,Overnight,2025-10-30T00:00:00.000,3 - Multi-Unit Trucks
927,Overnight,2025-10-30T00:00:00.000,4 - Buses
164,Overnight,2025-10-30T00:00:00.000,5 - Motorcycles
54918,Overnight,2025-10-30T00:00:00.000,TLC Taxi/FHV
240448,Peak,2025-10-30T00:00:00.000,"1 - Cars, Pickups and Vans"
18453,Peak,2025-10-30T00:00:00.000,2 - Single-Unit Trucks
857,Peak,2025-10-30T00:00:00.000,3 - Multi-Unit Trucks
8303,Peak,2025-10-30T00:00:00.000,4 - Buses
587,Peak,2025-10-30T00:00:00.000,5 - Motorcycles
142563,Peak,2025-10-30T00:00:00.000,TLC Taxi/FHV
55928,Overnight,2025-10-31T00:00:00.000,"1 - Cars, Pickups and Vans"
2780,Overnight,2025-10-31T00:00:00.000,2 - Single-Unit Trucks
342,Overnight,2025-10-31T00:00:00.000,3 - Multi-Unit Trucks
804,Overnight,2025-10-31T00:00:00.000,4 - Buses
198,Overnight,2025-10-31T00:00:00.000,5 - Motorcycles
63904,Overnight,2025-10-31T00:00:00.000,TLC Taxi/FHV
237243,Peak,2025-10-31T00:00:00.000,"1 - Cars, Pickups and Vans"
19256,Peak,2025-10-31T00:00:00.000,2 - Single-Unit Trucks
914,Peak,2025-10-31T00:00:00.000,3 - Multi-Unit Trucks
8048,Peak,2025-10-31T00:00:00.000,4 - Buses
1311,Peak,2025-10-31T00:00:00.000,5 - Motorcycles
141858,Peak,2025-10-31T00:00:00.000,TLC Taxi/FHV
105348,Overnight,2025-11-01T00:00:00.000,"1 - Cars, Pickups and Vans"
4940,Overnight,2025-11-01T00:00:00.000,2 - Single-Unit Trucks
422,Overnight,2025-11-01T00:00:00.000,3 - Multi-Unit Trucks
1473,Overnight,2025-11-01T00:00:00.000,4 - Buses
398,Overnight,2025-11-01T00:00:00.000,5 - Motorcycles
117187,Overnight,2025-11-01T00:00:00.000,TLC Taxi/FHV
199287,Peak,2025-11-01T00:00:00.000,"1 - Cars, Pickups and Vans"
5449,Peak,2025-11-01T00:00:00.000,2 - Single-Unit Trucks
254,Peak,2025-11-01T00:00:00.000,3 - Multi-Unit Trucks
3145,Peak,2025-11-01T00:00:00.000,4 - Buses
1044,Peak,2025-11-01T00:00:00.000,5 - Motorcycles
118636,Peak,2025-11-01T00:00:00.000,TLC Taxi/FHV
83746,Overnight,2025-11-02T00:00:00.000,"1 - Cars, Pickups and Vans"
2677,Overnight,2025-11-02T00:00:00.000,2 - Single-Unit Trucks
244,Overnight,2025-11-02T00:00:00.000,3 - Multi-Unit Trucks
1952,Overnight,2025-11-02T00:00:00.000,4 - Buses
372,Overnight,2025-11-02T00:00:00.000,5 - Motorcycles
101022,Overnight,2025-11-02T00:00:00.000,TLC Taxi/FHV
175000,Peak,2025-11-02T00:00:00.000,"1 - Cars, Pickups and Vans"
3546,Peak,2025-11-02T00:00:00.000,2 - Single-Unit Trucks
164,Peak,2025-11-02T00:00:00.000,3 - Multi-Unit Trucks
2720,Peak,2025-11-02T00:00:00.000,4 - Buses
1067,Peak,2025-11-02T00:00:00.000,5 - Motorcycles
98780,Peak,2025-11-02T00:00:00.000,TLC Taxi/FHV
36986,Overnight,2025-11-03T00:00:00.000,"1 - Cars, Pickups and Vans"
2781,Overnight,2025-11-03T00:00:00.000,2 - Single-Unit Trucks
332,Overnight,2025-11-03T00:00:00.000,3 - Multi-Unit Trucks
736,Overnight,2025-11-03T00:00:00.000,4 - Buses
189,Overnight,2025-11-03T00:00:00.000,5 - Motorcycles
40268,Overnight,2025-11-03T00:00:00.000,TLC Taxi/FHV
235348,Peak,2025-11-03T00:00:00.000,"1 - Cars, Pickups and Vans"
18524,Peak,2025-11-03T00:00:00.000,2 - Single-Unit Trucks
849,Peak,2025-11-03T00:00:00.000,3 - Multi-Unit Trucks
8642,Peak,2025-11-03T00:00:00.000,4 - Buses
1268,Peak,2025-11-03T00:00:00.000,5 - Motorcycles
142732,Peak,2025-11-03T00:00:00.000,TLC Taxi/FHV
36475,Overnight,2025-11-04T00:00:00.000,"1 - Cars, Pickups and Vans"
2812,Overnight,2025-11-04T00:00:00.000,2 - Single-Unit Trucks
375,Overnight,2025-11-04T00:00:00.000,3 - Multi-Unit Trucks
701,Overnight,2025-11-04T00:00:00.000,4 - Buses
178,Overnight,2025-11-04T00:00:00.000,5 - Motorcycles
43223,Overnight,2025-11-04T00:00:00.000,TLC Taxi/FHV
231020,Peak,2025-11-04T00:00:00.000,"1 - Cars, Pickups and Vans"
18740,Peak,2025-11-04T00:00:00.000,2 - Single-Unit Trucks
885,Peak,2025-11-04T00:00:00.000,3 - Multi-Unit Trucks
7708,Peak,2025-11-04T00:00:00.000,4 - Buses
1319,Peak,2025-11-04T00:00:00.000,5 - Motorcycles
140603,Peak,2025-11-04T00:00:00.000,TLC Taxi/FHV
37816,Overnight,2025-11-05T00:00:00.000,"1 - Cars, Pickups and Vans"
2907,Overnight,2025-11-05T00:00:00.000,2 - Single-Unit Trucks
342,Overnight,2025-11-05T00:00:00.000,3 - Multi-Unit Trucks
793,Overnight,2025-11-05T00:00:00.000,4 - Buses
206,Overnight,2025-11-05T00:00:00.000,5 - Motorcycles
50919,Overnight,2025-11-05T00:00:00.000,TLC Taxi/FHV
243793,Peak,2025-11-05T00:00:00.000,"1 - Cars, Pickups and Vans"
19342,Peak,2025-11-05T00:00:00.000,2 - Single-Unit Trucks
954,Peak,2025-11-05T00:00:00.000,3 - Multi-Unit Trucks
8737,Peak,2025-11-05T00:00:00.000,4 - Buses
1583,Peak,2025-11-05T00:00:00.000,5 - Motorcycles
149331,Peak,2025-11-05T00:00:00.000,TLC Taxi/FHV
39750,Overnight,2025-11-06T00:00:00.000,"1 - Cars, Pickups and Vans"
3089,Overnight,2025-11-06T00:00:00.000,2 - Single-Unit Trucks
348,Overnight,2025-11-06T00:00:00.000,3 - Multi-Unit Trucks
735,Overnight,2025-11-06T00:00:00.000,4 - Buses
196,Overnight,2025-11-06T00:00:00.000,5 - Motorcycles
55853,Overnight,2025-11-06T00:00:00.000,TLC Taxi/FHV
245924,Peak,2025-11-06T00:00:00.000,"1 - Cars, Pickups and Vans"
19815,Peak,2025-11-06T00:00:00.000,2 - Single-Unit Trucks
900,Peak,2025-11-06T00:00:00.000,3 - Multi-Unit Trucks
8702,Peak,2025-11-06T00:00:00.000,4 - Buses
1275,Peak,2025-11-06T00:00:00.000,5 - Motorcycles
155993,Peak,2025-11-06T00:00:00.000,TLC Taxi/FHV
46755,Overnight,2025-11-07T00:00:00.000,"1 - Cars, Pickups and Vans"
2998,Overnight,2025-11-07T00:00:00.000,2 - Single-Unit Trucks
363,Overnight,2025-11-07T00:00:00.000,3 - Multi-Unit Trucks
779,Overnight,2025-11-07T00:00:00.000,4 - Buses
211,Overnight,2025-11-07T00:00:00.000,5 - Motorcycles
58193,Overnight,2025-11-07T00:00:00.000,TLC Taxi/FHV
244159,Peak,2025-11-07T00:00:00.000,"1 - Cars, Pickups and Vans"
19064,Peak,2025-11-07T00:00:00.000,2 - Single-Unit Trucks
919,Peak,2025-11-07T00:00:00.000,3 - Multi-Unit Trucks
8406,Peak,2025-11-07T00:00:00.000,4 - Buses
1219,Peak,2025-11-07T00:00:00.000,5 - Motorcycles
149972,Peak,2025-11-07T00:00:00.000,TLC Taxi/FHV
94011,Overnight,2025-11-08T00:00:00.000,"1 - Cars, Pickups and Vans"
4819,Overnight,2025-11-08T00:00:00.000,2 - Single-Unit Trucks
435,Overnight,2025-11-08T00:00:00.000,3 - Multi-Unit Trucks
1476,Overnight,2025-11-08T00:00:00.000,4 - Buses
323,Overnight,2025-11-08T00:00:00.000,5 - Motorcycles
91635,Overnight,2025-11-08T00:00:00.000,TLC Taxi/FHV
200866,Peak,2025-11-08T00:00:00.000,"1 - Cars, Pickups and Vans"
4706,Peak,2025-11-08T00:00:00.000,2 - Single-Unit Trucks
243,Peak,2025-11-08T00:00:00.000,3 - Multi-Unit Trucks
3096,Peak,2025-11-08T00:00:00.000,4 - Buses
1158,Peak,2025-11-08T00:00:00.000,5 - Motorcycles
117973,Peak,2025-11-08T00:00:00.000,TLC Taxi/FHV
74251,Overnight,2025-11-09T00:00:00.000,"1 - Cars, Pickups and Vans"
2186,Overnight,2025-11-09T00:00:00.000,2 - Single-Unit Trucks
228,Overnight,2025-11-09T00:00:00.000,3 - Multi-Unit Trucks
1149,Overnight,2025-11-09T00:00:00.000,4 - Buses
298,Overnight,2025-11-09T00:00:00.000,5 - Motorcycles
83231,Overnight,2025-11-09T00:00:00.000,TLC Taxi/FHV
184761,Peak,2025-11-09T00:00:00.000,"1 - Cars, Pickups and Vans"
2797,Peak,2025-11-09T00:00:00.000,2 - Single-Unit Trucks
151,Peak,2025-11-09T00:00:00.000,3 - Multi-Unit Trucks
2767,Peak,2025-11-09T00:00:00.000,4 - Buses
784,Peak,2025-11-09T00:00:00.000,5 - Motorcycles
111079,Peak,2025-11-09T00:00:00.000,TLC Taxi/FHV
36727,Overnight,2025-11-10T00:00:00.000,"1 - Cars, Pickups and Vans"
2697,Overnight,2025-11-10T00:00:00.000,2 - Single-Unit Trucks
304,Overnight,2025-11-10T00:00:00.000,3 - Multi-Unit Trucks
698,Overnight,2025-11-10T00:00:00.000,4 - Buses
110,Overnight,2025-11-10T00:00:00.000,5 - Motorcycles
43145,Overnight,2025-11-10T00:00:00.000,TLC Taxi/FHV
231261,Peak,2025-11-10T00:00:00.000,"1 - Cars, Pickups and Vans"
18091,Peak,2025-11-10T00:00:00.000,2 - Single-Unit Trucks
851,Peak,2025-11-10T00:00:00.000,3 - Multi-Unit Trucks
8617,Peak,2025-11-10T00:00:00.000,4 - Buses
940,Peak,2025-11-10T00:00:00.000,5 - Motorcycles
142024,Peak,2025-11-10T00:00:00.000,TLC Taxi/FHV
35854,Overnight,2025-11-11T00:00:00.000,"1 - Cars, Pickups and Vans"
2731,Overnight,2025-11-11T00:00:00.000,2 - Single-Unit Trucks
308,Overnight,2025-11-11T00:00:00.000,3 - Multi-Unit Trucks
714,Overnight,2025-11-11T00:00:00.000,4 - Buses
119,Overnight,2025-11-11T00:00:00.000,5 - Motorcycles
45700,Overnight,2025-11-11T00:00:00.000,TLC Taxi/FHV
223339,Peak,2025-11-11T00:00:00.000,"1 - Cars, Pickups and Vans"
16880,Peak,2025-11-11T00:00:00.000,2 - Single-Unit Trucks
786,Peak,2025-11-11T00:00:00.000,3 - Multi-Unit Trucks
6651,Peak,2025-11-11T00:00:00.000,4 - Buses
800,Peak,2025-11-11T00:00:00.000,5 - Motorcycles
142635,Peak,2025-11-11T00:00:00.000,TLC Taxi/FHV
37706,Overnight,2025-11-12T00:00:00.000,"1 - Cars, Pickups and Vans"
2939,Overnight,2025-11-12T00:00:00.000,2 - Single-Unit Trucks
352,Overnight,2025-11-12T00:00:00.000,3 - Multi-Unit Trucks
786,Overnight,2025-11-12T00:00:00.000,4 - Buses
154,Overnight,2025-11-12T00:00:00.000,5 - Motorcycles
51147,Overnight,2025-11-12T00:00:00.000,TLC Taxi/FHV
244268,Peak,2025-11-12T00:00:00.000,"1 - Cars, Pickups and Vans"
18907,Peak,2025-11-12T00:00:00.000,2 - Single-Unit Trucks
873,Peak,2025-11-12T00:00:00.000,3 - Multi-Unit Trucks
8706,Peak,2025-11-12T00:00:00.000,4 - Buses
1116,Peak,2025-11-12T00:00:00.000,5 - Motorcycles
149051,Peak,2025-11-12T00:00:00.000,TLC Taxi/FHV
41211,Overnight,2025-11-13T00:00:00.000,"1 - Cars, Pickups and Vans"
3144,Overnight,2025-11-13T00:00:00.000,2 - Single-Unit Trucks
358,Overnight,2025-11-13T00:00:00.000,3 - Multi-Unit Trucks
828,Overnight,2025-11-13T00:00:00.000,4 - Buses
172,Overnight,2025-11-13T00:00:00.000,5 - Motorcycles
56836,Overnight,2025-11-13T00:00:00.000,TLC Taxi/FHV
245530,Peak,2025-11-13T00:00:00.000,"1 - Cars, Pickups and Vans"
19007,Peak,2025-11-13T00:00:00.000,2 - Single-Unit Trucks
910,Peak,2025-11-13T00:00:00.000,3 - Multi-Unit Trucks
8638,Peak,2025-11-13T00:00:00.000,4 - Buses
1173,Peak,2025-11-13T00:00:00.000,5 - Motorcycles
152976,Peak,2025-11-13T00:00:00.000,TLC Taxi/FHV
47116,Overnight,2025-11-14T00:00:00.000,"1 - Cars, Pickups and Vans"
3026,Overnight,2025-11-14T00:00:00.000,2 - Single-Unit Trucks
354,Overnight,2025-11-14T00:00:00.000,3 - Multi-Unit Trucks
799,Overnight,2025-11-14T00:00:00.000,4 - Buses
203,Overnight,2025-11-14T00:00:00.000,5 - Motorcycles
59386,Overnight,2025-11-14T00:00:00.000,TLC Taxi/FHV
249738,Peak,2025-11-14T00:00:00.000,"1 - Cars, Pickups and Vans"
19739,Peak,2025-11-14T00:00:00.000,2 - Single-Unit Trucks
1017,Peak,2025-11-14T00:00:00.000,3 - Multi-Unit Trucks
8403,Peak,2025-11-14T00:00:00.000,4 - Buses
1210,Peak,2025-11-14T00:00:00.000,5 - Motorcycles
149069,Peak,2025-11-14T00:00:00.000,TLC Taxi/FHV
93454,Overnight,2025-11-15T00:00:00.000,"1 - Cars, Pickups and Vans"
4858,Overnight,2025-11-15T00:00:00.000,2 - Single-Unit Trucks
421,Overnight,2025-11-15T00:00:00.000,3 - Multi-Unit Trucks
1432,Overnight,2025-11-15T00:00:00.000,4 - Buses
286,Overnight,2025-11-15T00:00:00.000,5 - Motorcycles
94526,Overnight,2025-11-15T00:00:00.000,TLC Taxi/FHV
199298,Peak,2025-11-15T00:00:00.000,"1 - Cars, Pickups and Vans"
4755,Peak,2025-11-15T00:00:00.000,2 - Single-Unit Trucks
227,Peak,2025-11-15T00:00:00.000,3 - Multi-Unit Trucks
3145,Peak,2025-11-15T00:00:00.000,4 - Buses
840,Peak,2025-11-15T00:00:00.000,5 - Motorcycles
118702,Peak,2025-11-15T00:00:00.000,TLC Taxi/FHV
77046,Overnight,2025-11-16T00:00:00.000,"1 - Cars, Pickups and Vans"
2327,Overnight,2025-11-16T00:00:00.000,2 - Single-Unit Trucks
219,Overnight,2025-11-16T00:00:00.000,3 - Multi-Unit Trucks
1212,Overnight,2025-11-16T00:00:00.000,4 - Buses
241,Overnight,2025-11-16T00:00:00.000,5 - Motorcycles
86401,Overnight,2025-11-16T00:00:00.000,TLC Taxi/FHV
190036,Peak,2025-11-16T00:00:00.000,"1 - Cars, Pickups and Vans"
2987,Peak,2025-11-16T00:00:00.000,2 - Single-Unit Trucks
157,Peak,2025-11-16T00:00:00.000,3 - Multi-Unit Trucks
2845,Peak,2025-11-16T00:00:00.000,4 - Buses
875,Peak,2025-11-16T00:00:00.000,5 - Motorcycles
112424,Peak,2025-11-16T00:00:00.000,TLC Taxi/FHV
36432,Overnight,2025-11-17T00:00:00.000,"1 - Cars, Pickups and Vans"
2647,Overnight,2025-11-17T00:00:00.000,2 - Single-Unit Trucks
336,Overnight,2025-11-17T00:00:00.000,3 - Multi-Unit Trucks
773,Overnight,2025-11-17T00:00:00.000,4 - Buses
120,Overnight,2025-11-17T00:00:00.000,5 - Motorcycles
42332,Overnight,2025-11-17T00:00:00.000,TLC Taxi/FHV
234410,Peak,2025-11-17T00:00:00.000,"1 - Cars, Pickups and Vans"
18456,Peak,2025-11-17T00:00:00.000,2 - Single-Unit Trucks
865,Peak,2025-11-17T00:00:00.000,3 - Multi-Unit Trucks
8605,Peak,2025-11-17T00:00:00.000,4 - Buses
942,Peak,2025-11-17T00:00:00.000,5 - Motorcycles
143315,Peak,2025-11-17T00:00:00.000,TLC Taxi/FHV
38111,Overnight,2025-11-18T00:00:00.000,"1 - Cars, Pickups and Vans"
3089,Overnight,2025-11-18T00:00:00.000,2 - Single-Unit Trucks
375,Overnight,2025-11-18T00:00:00.000,3 - Multi-Unit Trucks
824,Overnight,2025-11-18T00:00:00.000,4 - Buses
174,Overnight,2025-11-18T00:00:00.000,5 - Motorcycles
47804,Overnight,2025-11-18T00:00:00.000,TLC Taxi/FHV
243547,Peak,2025-11-18T00:00:00.000,"1 - Cars, Pickups and Vans"
19100,Peak,2025-11-18T00:00:00.000,2 - Single-Unit Trucks
881,Peak,2025-11-18T00:00:00.000,3 - Multi-Unit Trucks
8816,Peak,2025-11-18T00:00:00.000,4 - Buses
1063,Peak,2025-11-18T00:00:00.000,5 - Motorcycles
144983,Peak,2025-11-18T00:00:00.000,TLC Taxi/FHV
39239,Overnight,2025-11-19T00:00:00.000,"1 - Cars, Pickups and Vans"
2943,Overnight,2025-11-19T00:00:00.000,2 - Single-Unit Trucks
380,Overnight,2025-11-19T00:00:00.000,3 - Multi-Unit Trucks
782,Overnight,2025-11-19T00:00:00.000,4 - Buses
150,Overnight,2025-11-19T00:00:00.000,5 - Motorcycles
52829,Overnight,2025-11-19T00:00:00.000,TLC Taxi/FHV
243093,Peak,2025-11-19T00:00:00.000,"1 - Cars, Pickups and Vans"
18854,Peak,2025-11-19T00:00:00.000,2 - Single-Unit Trucks
847,Peak,2025-11-19T00:00:00.000,3 - Multi-Unit Trucks
8757,Peak,2025-11-19T00:00:00.000,4 - Buses
905,Peak,2025-11-19T00:00:00.000,5 - Motorcycles
150220,Peak,2025-11-19T00:00:00.000,TLC Taxi/FHV
41617,Overnight,2025-11-20T00:00:00.000,"1 - Cars, Pickups and Vans"
3038,Overnight,2025-11-20T00:00:00.000,2 - Single-Unit Trucks
343,Overnight,2025-11-20T00:00:00.000,3 - Multi-Unit Trucks
748,Overnight,2025-11-20T00:00:00.000,4 - Buses
178,Overnight,2025-11-20T00:00:00.000,5 - Motorcycles
58444,Overnight,2025-11-20T00:00:00.000,TLC Taxi/FHV
249431,Peak,2025-11-20T00:00:00.000,"1 - Cars, Pickups and Vans"
19201,Peak,2025-11-20T00:00:00.000,2 - Single-Unit Trucks
914,Peak,2025-11-20T00:00:00.000,3 - Multi-Unit Trucks
8735,Peak,2025-11-20T00:00:00.000,4 - Buses
1173,Peak,2025-11-20T00:00:00.000,5 - Motorcycles
154273,Peak,2025-11-20T00:00:00.000,TLC Taxi/FHV
48393,Overnight,2025-11-21T00:00:00.000,"1 - Cars, Pickups and Vans"
2966,Overnight,2025-11-21T00:00:00.000,2 - Single-Unit Trucks
369,Overnight,2025-11-21T00:00:00.000,3 - Multi-Unit Trucks
835,Overnight,2025-11-21T00:00:00.000,4 - Buses
207,Overnight,2025-11-21T00:00:00.000,5 - Motorcycles
59586,Overnight,2025-11-21T00:00:00.000,TLC Taxi/FHV
248525,Peak,2025-11-21T00:00:00.000,"1 - Cars, Pickups and Vans"
19849,Peak,2025-11-21T00:00:00.000,2 - Single-Unit Trucks
989,Peak,2025-11-21T00:00:00.000,3 - Multi-Unit Trucks
8245,Peak,2025-11-21T00:00:00.000,4 - Buses
1216,Peak,2025-11-21T00:00:00.000,5 - Motorcycles
147223,Peak,2025-11-21T00:00:00.000,TLC Taxi/FHV
93140,Overnight,2025-11-22T00:00:00.000,"1 - Cars, Pickups and Vans"
4687,Overnight,2025-11-22T00:00:00.000,2 - Single-Unit Trucks
417,Overnight,2025-11-22T00:00:00.000,3 - Multi-Unit Trucks
1604,Overnight,2025-11-22T00:00:00.000,4 - Buses
247,Overnight,2025-11-22T00:00:00.000,5 - Motorcycles
93546,Overnight,2025-11-22T00:00:00.000,TLC Taxi/FHV
195112,Peak,2025-11-22T00:00:00.000,"1 - Cars, Pickups and Vans"
4926,Peak,2025-11-22T00:00:00.000,2 - Single-Unit Trucks
286,Peak,2025-11-22T00:00:00.000,3 - Multi-Unit Trucks
3139,Peak,2025-11-22T00:00:00.000,4 - Buses
804,Peak,2025-11-22T00:00:00.000,5 - Motorcycles
120499,Peak,2025-11-22T00:00:00.000,TLC Taxi/FHV
76421,Overnight,2025-11-23T00:00:00.000,"1 - Cars, Pickups and Vans"
2309,Overnight,2025-11-23T00:00:00.000,2 - Single-Unit Trucks
222,Overnight,2025-11-23T00:00:00.000,3 - Multi-Unit Trucks
1238,Overnight,2025-11-23T00:00:00.000,4 - Buses
255,Overnight,2025-11-23T00:00:00.000,5 - Motorcycles
82703,Overnight,2025-11-23T00:00:00.000,TLC Taxi/FHV
187022,Peak,2025-11-23T00:00:00.000,"1 - Cars, Pickups and Vans"
3080,Peak,2025-11-23T00:00:00.000,2 - Single-Unit Trucks
165,Peak,2025-11-23T00:00:00.000,3 - Multi-Unit Trucks
2720,Peak,2025-11-23T00:00:00.000,4 - Buses
832,Peak,2025-11-23T00:00:00.000,5 - Motorcycles
107564,Peak,2025-11-23T00:00:00.000,TLC Taxi/FHV
37664,Overnight,2025-11-24T00:00:00.000,"1 - Cars, Pickups and Vans"
2716,Overnight,2025-11-24T00:00:00.000,2 - Single-Unit Trucks
310,Overnight,2025-11-24T00:00:00.000,3 - Multi-Unit Trucks
752,Overnight,2025-11-24T00:00:00.000,4 - Buses
153,Overnight,2025-11-24T00:00:00.000,5 - Motorcycles
37374,Overnight,2025-11-24T00:00:00.000,TLC Taxi/FHV
239907,Peak,2025-11-24T00:00:00.000,"1 - Cars, Pickups and Vans"
19172,Peak,2025-11-24T00:00:00.000,2 - Single-Unit Trucks
881,Peak,2025-11-24T00:00:00.000,3 - Multi-Unit Trucks
8839,Peak,2025-11-24T00:00:00.000,4 - Buses
1148,Peak,2025-11-24T00:00:00.000,5 - Motorcycles
134751,Peak,2025-11-24T00:00:00.000,TLC Taxi/FHV
39290,Overnight,2025-11-25T00:00:00.000,"1 - Cars, Pickups and Vans"
2852,Overnight,2025-11-25T00:00:00.000,2 - Single-Unit Trucks
369,Overnight,2025-11-25T00:00:00.000,3 - Multi-Unit Trucks
831,Overnight,2025-11-25T00:00:00.000,4 - Buses
127,Overnight,2025-11-25T00:00:00.000,5 - Motorcycles
41587,Overnight,2025-11-25T00:00:00.000,TLC Taxi/FHV
245897,Peak,2025-11-25T00:00:00.000,"1 - Cars, Pickups and Vans"
19263,Peak,2025-11-25T00:00:00.000,2 - Single-Unit Trucks
904,Peak,2025-11-25T00:00:00.000,3 - Multi-Unit Trucks
8521,Peak,2025-11-25T00:00:00.000,4 - Buses
905,Peak,2025-11-25T00:00:00.000,5 - Motorcycles
137123,Peak,2025-11-25T00:00:00.000,TLC Taxi/FHV
44025,Overnight,2025-11-26T00:00:00.000,"1 - Cars, Pickups and Vans"
2912,Overnight,2025-11-26T00:00:00.000,2 - Single-Unit Trucks
311,Overnight,2025-11-26T00:00:00.000,3 - Multi-Unit Trucks
876,Overnight,2025-11-26T00:00:00.000,4 - Buses
168,Overnight,2025-11-26T00:00:00.000,5 - Motorcycles
41386,Overnight,2025-11-26T00:00:00.000,TLC Taxi/FHV
241219,Peak,2025-11-26T00:00:00.000,"1 - Cars, Pickups and Vans"
17976,Peak,2025-11-26T00:00:00.000,2 - Single-Unit Trucks
817,Peak,2025-11-26T00:00:00.000,3 - Multi-Unit Trucks
8167,Peak,2025-11-26T00:00:00.000,4 - Buses
1066,Peak,2025-11-26T00:00:00.000,5 - Motorcycles
136618,Peak,2025-11-26T00:00:00.000,TLC Taxi/FHV
54726,Overnight,2025-11-27T00:00:00.000,"1 - Cars, Pickups and Vans"
1138,Overnight,2025-11-27T00:00:00.000,2 - Single-Unit Trucks
122,Overnight,2025-11-27T00:00:00.000,3 - Multi-Unit Trucks
717,Overnight,2025-11-27T00:00:00.000,4 - Buses
133,Overnight,2025-11-27T00:00:00.000,5 - Motorcycles
43081,Overnight,2025-11-27T00:00:00.000,TLC Taxi/FHV
178598,Peak,2025-11-27T00:00:00.000,"1 - Cars, Pickups and Vans"
2592,Peak,2025-11-27T00:00:00.000,2 - Single-Unit Trucks
145,Peak,2025-11-27T00:00:00.000,3 - Multi-Unit Trucks
3295,Peak,2025-11-27T00:00:00.000,4 - Buses
585,Peak,2025-11-27T00:00:00.000,5 - Motorcycles
105423,Peak,2025-11-27T00:00:00.000,TLC Taxi/FHV
43387,Overnight,2025-11-28T00:00:00.000,"1 - Cars, Pickups and Vans"
1631,Overnight,2025-11-28T00:00:00.000,2 - Single-Unit Trucks
192,Overnight,2025-11-28T00:00:00.000,3 - Multi-Unit Trucks
689,Overnight,2025-11-28T00:00:00.000,4 - Buses
107,Overnight,2025-11-28T00:00:00.000,5 - Motorcycles
40671,Overnight,2025-11-28T00:00:00.000,TLC Taxi/FHV
206525,Peak,2025-11-28T00:00:00.000,"1 - Cars, Pickups and Vans"
9939,Peak,2025-11-28T00:00:00.000,2 - Single-Unit Trucks
580,Peak,2025-11-28T00:00:00.000,3 - Multi-Unit Trucks
5009,Peak,2025-11-28T00:00:00.000,4 - Buses
616,Peak,2025-11-28T00:00:00.000,5 - Motorcycles
116596,Peak,2025-11-28T00:00:00.000,TLC Taxi/FHV
83582,Overnight,2025-11-29T00:00:00.000,"1 - Cars, Pickups and Vans"
3737,Overnight,2025-11-29T00:00:00.000,2 - Single-Unit Trucks
325,Overnight,2025-11-29T00:00:00.000,3 - Multi-Unit Trucks
1441,Overnight,2025-11-29T00:00:00.000,4 - Buses
186,Overnight,2025-11-29T00:00:00.000,5 - Motorcycles
69995,Overnight,2025-11-29T00:00:00.000,TLC Taxi/FHV
192357,Peak,2025-11-29T00:00:00.000,"1 - Cars, Pickups and Vans"
4474,Peak,2025-11-29T00:00:00.000,2 - Single-Unit Trucks
220,Peak,2025-11-29T00:00:00.000,3 - Multi-Unit Trucks
3126,Peak,2025-11-29T00:00:00.000,4 - Buses
611,Peak,2025-11-29T00:00:00.000,5 - Motorcycles
108327,Peak,2025-11-29T00:00:00.000,TLC Taxi/FHV
74779,Overnight,2025-11-30T00:00:00.000,"1 - Cars, Pickups and Vans"
2151,Overnight,2025-11-30T00:00:00.000,2 - Single-Unit Trucks
190,Overnight,2025-11-30T00:00:00.000,3 - Multi-Unit Trucks
1275,Overnight,2025-11-30T00:00:00.000,4 - Buses
194,Overnight,2025-11-30T00:00:00.000,5 - Motorcycles
72177,Overnight,2025-11-30T00:00:00.000,TLC Taxi/FHV
184207,Peak,2025-11-30T00:00:00.000,"1 - Cars, Pickups and Vans"
3012,Peak,2025-11-30T00:00:00.000,2 - Single-Unit Trucks
161,Peak,2025-11-30T00:00:00.000,3 - Multi-Unit Trucks
2999,Peak,2025-11-30T00:00:00.000,4 - Buses
472,Peak,2025-11-30T00:00:00.000,5 - Motorcycles
107266,Peak,2025-11-30T00:00:00.000,TLC Taxi/FHV
40218,Overnight,2025-12-01T00:00:00.000,"1 - Cars, Pickups and Vans"
2656,Overnight,2025-12-01T00:00:00.000,2 - Single-Unit Trucks
310,Overnight,2025-12-01T00:00:00.000,3 - Multi-Unit Trucks
794,Overnight,2025-12-01T00:00:00.000,4 - Buses
130,Overnight,2025-12-01T00:00:00.000,5 - Motorcycles
42892,Overnight,2025-12-01T00:00:00.000,TLC Taxi/FHV
236097,Peak,2025-12-01T00:00:00.000,"1 - Cars, Pickups and Vans"
18126,Peak,2025-12-01T00:00:00.000,2 - Single-Unit Trucks
800,Peak,2025-12-01T00:00:00.000,3 - Multi-Unit Trucks
8690,Peak,2025-12-01T00:00:00.000,4 - Buses
899,Peak,2025-12-01T00:00:00.000,5 - Motorcycles
139424,Peak,2025-12-01T00:00:00.000,TLC Taxi/FHV
36625,Overnight,2025-12-02T00:00:00.000,"1 - Cars, Pickups and Vans"
2975,Overnight,2025-12-02T00:00:00.000,2 - Single-Unit Trucks
381,Overnight,2025-12-02T00:00:00.000,3 - Multi-Unit Trucks
802,Overnight,2025-12-02T00:00:00.000,4 - Buses
112,Overnight,2025-12-02T00:00:00.000,5 - Motorcycles
49477,Overnight,2025-12-02T00:00:00.000,TLC Taxi/FHV
224022,Peak,2025-12-02T00:00:00.000,"1 - Cars, Pickups and Vans"
17709,Peak,2025-12-02T00:00:00.000,2 - Single-Unit Trucks
826,Peak,2025-12-02T00:00:00.000,3 - Multi-Unit Trucks
8329,Peak,2025-12-02T00:00:00.000,4 - Buses
473,Peak,2025-12-02T00:00:00.000,5 - Motorcycles
146395,Peak,2025-12-02T00:00:00.000,TLC Taxi/FHV
38035,Overnight,2025-12-03T00:00:00.000,"1 - Cars, Pickups and Vans"
2930,Overnight,2025-12-03T00:00:00.000,2 - Single-Unit Trucks
365,Overnight,2025-12-03T00:00:00.000,3 - Multi-Unit Trucks
748,Overnight,2025-12-03T00:00:00.000,4 - Buses
139,Overnight,2025-12-03T00:00:00.000,5 - Motorcycles
53779,Overnight,2025-12-03T00:00:00.000,TLC Taxi/FHV
244216,Peak,2025-12-03T00:00:00.000,"1 - Cars, Pickups and Vans"
19070,Peak,2025-12-03T00:00:00.000,2 - Single-Unit Trucks
800,Peak,2025-12-03T00:00:00.000,3 - Multi-Unit Trucks
8820,Peak,2025-12-03T00:00:00.000,4 - Buses
950,Peak,2025-12-03T00:00:00.000,5 - Motorcycles
147697,Peak,2025-12-03T00:00:00.000,TLC Taxi/FHV
40858,Overnight,2025-12-04T00:00:00.000,"1 - Cars, Pickups and Vans"
3041,Overnight,2025-12-04T00:00:00.000,2 - Single-Unit Trucks
336,Overnight,2025-12-04T00:00:00.000,3 - Multi-Unit Trucks
761,Overnight,2025-12-04T00:00:00.000,4 - Buses
139,Overnight,2025-12-04T00:00:00.000,5 - Motorcycles
62190,Overnight,2025-12-04T00:00:00.000,TLC Taxi/FHV
246920,Peak,2025-12-04T00:00:00.000,"1 - Cars, Pickups and Vans"
18883,Peak,2025-12-04T00:00:00.000,2 - Single-Unit Trucks
882,Peak,2025-12-04T00:00:00.000,3 - Multi-Unit Trucks
8769,Peak,2025-12-04T00:00:00.000,4 - Buses
842,Peak,2025-12-04T00:00:00.000,5 - Motorcycles
153764,Peak,2025-12-04T00:00:00.000,TLC Taxi/FHV
46216,Overnight,2025-12-05T00:00:00.000,"1 - Cars, Pickups and Vans"
2910,Overnight,2025-12-05T00:00:00.000,2 - Single-Unit Trucks
350,Overnight,2025-12-05T00:00:00.000,3 - Multi-Unit Trucks
790,Overnight,2025-12-05T00:00:00.000,4 - Buses
140,Overnight,2025-12-05T00:00:00.000,5 - Motorcycles
64912,Overnight,2025-12-05T00:00:00.000,TLC Taxi/FHV
245102,Peak,2025-12-05T00:00:00.000,"1 - Cars, Pickups and Vans"
19038,Peak,2025-12-05T00:00:00.000,2 - Single-Unit Trucks
884,Peak,2025-12-05T00:00:00.000,3 - Multi-Unit Trucks
8611,Peak,2025-12-05T00:00:00.000,4 - Buses
690,Peak,2025-12-05T00:00:00.000,5 - Motorcycles
151148,Peak,2025-12-05T00:00:00.000,TLC Taxi/FHV
91910,Overnight,2025-12-06T00:00:00.000,"1 - Cars, Pickups and Vans"
4643,Overnight,2025-12-06T00:00:00.000,2 - Single-Unit Trucks
433,Overnight,2025-12-06T00:00:00.000,3 - Multi-Unit Trucks
1618,Overnight,2025-12-06T00:00:00.000,4 - Buses
245,Overnight,2025-12-06T00:00:00.000,5 - Motorcycles
97273,Overnight,2025-12-06T00:00:00.000,TLC Taxi/FHV
198644,Peak,2025-12-06T00:00:00.000,"1 - Cars, Pickups and Vans"
5223,Peak,2025-12-06T00:00:00.000,2 - Single-Unit Trucks
232,Peak,2025-12-06T00:00:00.000,3 - Multi-Unit Trucks
3540,Peak,2025-12-06T00:00:00.000,4 - Buses
749,Peak,2025-12-06T00:00:00.000,5 - Motorcycles
120280,Peak,2025-12-06T00:00:00.000,TLC Taxi/FHV
76065,Overnight,2025-12-07T00:00:00.000,"1 - Cars, Pickups and Vans"
2229,Overnight,2025-12-07T00:00:00.000,2 - Single-Unit Trucks
202,Overnight,2025-12-07T00:00:00.000,3 - Multi-Unit Trucks
1232,Overnight,2025-12-07T00:00:00.000,4 - Buses
254,Overnight,2025-12-07T00:00:00.000,5 - Motorcycles
90726,Overnight,2025-12-07T00:00:00.000,TLC Taxi/FHV
189392,Peak,2025-12-07T00:00:00.000,"1 - Cars, Pickups and Vans"
3214,Peak,2025-12-07T00:00:00.000,2 - Single-Unit Trucks
158,Peak,2025-12-07T00:00:00.000,3 - Multi-Unit Trucks
2932,Peak,2025-12-07T00:00:00.000,4 - Buses
738,Peak,2025-12-07T00:00:00.000,5 - Motorcycles
114536,Peak,2025-12-07T00:00:00.000,TLC Taxi/FHV
36710,Overnight,2025-12-08T00:00:00.000,"1 - Cars, Pickups and Vans"
2722,Overnight,2025-12-08T00:00:00.000,2 - Single-Unit Trucks
310,Overnight,2025-12-08T00:00:00.000,3 - Multi-Unit Trucks
726,Overnight,2025-12-08T00:00:00.000,4 - Buses
118,Overnight,2025-12-08T00:00:00.000,5 - Motorcycles
44774,Overnight,2025-12-08T00:00:00.000,TLC Taxi/FHV
235591,Peak,2025-12-08T00:00:00.000,"1 - Cars, Pickups and Vans"
18406,Peak,2025-12-08T00:00:00.000,2 - Single-Unit Trucks
774,Peak,2025-12-08T00:00:00.000,3 - Multi-Unit Trucks
8896,Peak,2025-12-08T00:00:00.000,4 - Buses
803,Peak,2025-12-08T00:00:00.000,5 - Motorcycles
146571,Peak,2025-12-08T00:00:00.000,TLC Taxi/FHV
37459,Overnight,2025-12-09T00:00:00.000,"1 - Cars, Pickups and Vans"
2826,Overnight,2025-12-09T00:00:00.000,2 - Single-Unit Trucks
297,Overnight,2025-12-09T00:00:00.000,3 - Multi-Unit Trucks
719,Overnight,2025-12-09T00:00:00.000,4 - Buses
113,Overnight,2025-12-09T00:00:00.000,5 - Motorcycles
53768,Overnight,2025-12-09T00:00:00.000,TLC Taxi/FHV
246015,Peak,2025-12-09T00:00:00.000,"1 - Cars, Pickups and Vans"
18945,Peak,2025-12-09T00:00:00.000,2 - Single-Unit Trucks
826,Peak,2025-12-09T00:00:00.000,3 - Multi-Unit Trucks
8779,Peak,2025-12-09T00:00:00.000,4 - Buses
720,Peak,2025-12-09T00:00:00.000,5 - Motorcycles
149553,Peak,2025-12-09T00:00:00.000,TLC Taxi/FHV
38566,Overnight,2025-12-10T00:00:00.000,"1 - Cars, Pickups and Vans"
2989,Overnight,2025-12-10T00:00:00.000,2 - Single-Unit Trucks
321,Overnight,2025-12-10T00:00:00.000,3 - Multi-Unit Trucks
741,Overnight,2025-12-10T00:00:00.000,4 - Buses
129,Overnight,2025-12-10T00:00:00.000,5 - Motorcycles
60425,Overnight,2025-12-10T00:00:00.000,TLC Taxi/FHV
244924,Peak,2025-12-10T00:00:00.000,"1 - Cars, Pickups and Vans"
18900,Peak,2025-12-10T00:00:00.000,2 - Single-Unit Trucks
750,Peak,2025-12-10T00:00:00.000,3 - Multi-Unit Trucks
8797,Peak,2025-12-10T00:00:00.000,4 - Buses
789,Peak,2025-12-10T00:00:00.000,5 - Motorcycles
150083,Peak,2025-12-10T00:00:00.000,TLC Taxi/FHV
40915,Overnight,2025-12-11T00:00:00.000,"1 - Cars, Pickups and Vans"
2950,Overnight,2025-12-11T00:00:00.000,2 - Single-Unit Trucks
322,Overnight,2025-12-11T00:00:00.000,3 - Multi-Unit Trucks
736,Overnight,2025-12-11T00:00:00.000,4 - Buses
128,Overnight,2025-12-11T00:00:00.000,5 - Motorcycles
66601,Overnight,2025-12-11T00:00:00.000,TLC Taxi/FHV
251043,Peak,2025-12-11T00:00:00.000,"1 - Cars, Pickups and Vans"
18979,Peak,2025-12-11T00:00:00.000,2 - Single-Unit Trucks
819,Peak,2025-12-11T00:00:00.000,3 - Multi-Unit Trucks
8824,Peak,2025-12-11T00:00:00.000,4 - Buses
811,Peak,2025-12-11T00:00:00.000,5 - Motorcycles
155177,Peak,2025-12-11T00:00:00.000,TLC Taxi/FHV
49108,Overnight,2025-12-12T00:00:00.000,"1 - Cars, Pickups and Vans"
2872,Overnight,2025-12-12T00:00:00.000,2 - Single-Unit Trucks
299,Overnight,2025-12-12T00:00:00.000,3 - Multi-Unit Trucks
800,Overnight,2025-12-12T00:00:00.000,4 - Buses
157,Overnight,2025-12-12T00:00:00.000,5 - Motorcycles
70946,Overnight,2025-12-12T00:00:00.000,TLC Taxi/FHV
253323,Peak,2025-12-12T00:00:00.000,"1 - Cars, Pickups and Vans"
18799,Peak,2025-12-12T00:00:00.000,2 - Single-Unit Trucks
833,Peak,2025-12-12T00:00:00.000,3 - Multi-Unit Trucks
8525,Peak,2025-12-12T00:00:00.000,4 - Buses
759,Peak,2025-12-12T00:00:00.000,5 - Motorcycles
148336,Peak,2025-12-12T00:00:00.000,TLC Taxi/FHV
94650,Overnight,2025-12-13T00:00:00.000,"1 - Cars, Pickups and Vans"
4685,Overnight,2025-12-13T00:00:00.000,2 - Single-Unit Trucks
394,Overnight,2025-12-13T00:00:00.000,3 - Multi-Unit Trucks
1646,Overnight,2025-12-13T00:00:00.000,4 - Buses
208,Overnight,2025-12-13T00:00:00.000,5 - Motorcycles
100588,Overnight,2025-12-13T00:00:00.000,TLC Taxi/FHV
203342,Peak,2025-12-13T00:00:00.000,"1 - Cars, Pickups and Vans"
5354,Peak,2025-12-13T00:00:00.000,2 - Single-Unit Trucks
238,Peak,2025-12-13T00:00:00.000,3 - Multi-Unit Trucks
3655,Peak,2025-12-13T00:00:00.000,4 - Buses
671,Peak,2025-12-13T00:00:00.000,5 - Motorcycles
119303,Peak,2025-12-13T00:00:00.000,TLC Taxi/FHV
61299,Overnight,2025-12-14T00:00:00.000,"1 - Cars, Pickups and Vans"
2073,Overnight,2025-12-14T00:00:00.000,2 - Single-Unit Trucks
160,Overnight,2025-12-14T00:00:00.000,3 - Multi-Unit Trucks
1158,Overnight,2025-12-14T00:00:00.000,4 - Buses
95,Overnight,2025-12-14T00:00:00.000,5 - Motorcycles
77774,Overnight,2025-12-14T00:00:00.000,TLC Taxi/FHV
152689,Peak,2025-12-14T00:00:00.000,"1 - Cars, Pickups and Vans"
3118,Peak,2025-12-14T00:00:00.000,2 - Single-Unit Trucks
131,Peak,2025-12-14T00:00:00.000,3 - Multi-Unit Trucks
2715,Peak,2025-12-14T00:00:00.000,4 - Buses
262,Peak,2025-12-14T00:00:00.000,5 - Motorcycles
100047,Peak,2025-12-14T00:00:00.000,TLC Taxi/FHV
36228,Overnight,2025-12-15T00:00:00.000,"1 - Cars, Pickups and Vans"
2303,Overnight,2025-12-15T00:00:00.000,2 - Single-Unit Trucks
241,Overnight,2025-12-15T00:00:00.000,3 - Multi-Unit Trucks
751,Overnight,2025-12-15T00:00:00.000,4 - Buses
88,Overnight,2025-12-15T00:00:00.000,5 - Motorcycles
43922,Overnight,2025-12-15T00:00:00.000,TLC Taxi/FHV
228544,Peak,2025-12-15T00:00:00.000,"1 - Cars, Pickups and Vans"
17392,Peak,2025-12-15T00:00:00.000,2 - Single-Unit Trucks
695,Peak,2025-12-15T00:00:00.000,3 - Multi-Unit Trucks
8554,Peak,2025-12-15T00:00:00.000,4 - Buses
482,Peak,2025-12-15T00:00:00.000,5 - Motorcycles
135745,Peak,2025-12-15T00:00:00.000,TLC Taxi/FHV
38335,Overnight,2025-12-16T00:00:00.000,"1 - Cars, Pickups and Vans"
2701,Overnight,2025-12-16T00:00:00.000,2 - Single-Unit Trucks
276,Overnight,2025-12-16T00:00:00.000,3 - Multi-Unit Trucks
725,Overnight,2025-12-16T00:00:00.000,4 - Buses
97,Overnight,2025-12-16T00:00:00.000,5 - Motorcycles
49978,Overnight,2025-12-16T00:00:00.000,TLC Taxi/FHV
243831,Peak,2025-12-16T00:00:00.000,"1 - Cars, Pickups and Vans"
18315,Peak,2025-12-16T00:00:00.000,2 - Single-Unit Trucks
792,Peak,2025-12-16T00:00:00.000,3 - Multi-Unit Trucks
8573,Peak,2025-12-16T00:00:00.000,4 - Buses
634,Peak,2025-12-16T00:00:00.000,5 - Motorcycles
139603,Peak,2025-12-16T00:00:00.000,TLC Taxi/FHV
39618,Overnight,2025-12-17T00:00:00.000,"1 - Cars, Pickups and Vans"
2798,Overnight,2025-12-17T00:00:00.000,2 - Single-Unit Trucks
311,Overnight,2025-12-17T00:00:00.000,3 - Multi-Unit Trucks
723,Overnight,2025-12-17T00:00:00.000,4 - Buses
148,Overnight,2025-12-17T00:00:00.000,5 - Motorcycles
55741,Overnight,2025-12-17T00:00:00.000,TLC Taxi/FHV
245973,Peak,2025-12-17T00:00:00.000,"1 - Cars, Pickups and Vans"
18589,Peak,2025-12-17T00:00:00.000,2 - Single-Unit Trucks
711,Peak,2025-12-17T00:00:00.000,3 - Multi-Unit Trucks
8583,Peak,2025-12-17T00:00:00.000,4 - Buses
796,Peak,2025-12-17T00:00:00.000,5 - Motorcycles
144564,Peak,2025-12-17T00:00:00.000,TLC Taxi/FHV
43314,Overnight,2025-12-18T00:00:00.000,"1 - Cars, Pickups and Vans"
2956,Overnight,2025-12-18T00:00:00.000,2 - Single-Unit Trucks
306,Overnight,2025-12-18T00:00:00.000,3 - Multi-Unit Trucks
797,Overnight,2025-12-18T00:00:00.000,4 - Buses
142,Overnight,2025-12-18T00:00:00.000,5 - Motorcycles
60256,Overnight,2025-12-18T00:00:00.000,TLC Taxi/FHV
252305,Peak,2025-12-18T00:00:00.000,"1 - Cars, Pickups and Vans"
18536,Peak,2025-12-18T00:00:00.000,2 - Single-Unit Trucks
779,Peak,2025-12-18T00:00:00.000,3 - Multi-Unit Trucks
8689,Peak,2025-12-18T00:00:00.000,4 - Buses
839,Peak,2025-12-18T00:00:00.000,5 - Motorcycles
143970,Peak,2025-12-18T00:00:00.000,TLC Taxi/FHV
47488,Overnight,2025-12-19T00:00:00.000,"1 - Cars, Pickups and Vans"
2863,Overnight,2025-12-19T00:00:00.000,2 - Single-Unit Trucks
303,Overnight,2025-12-19T00:00:00.000,3 - Multi-Unit Trucks
773,Overnight,2025-12-19T00:00:00.000,4 - Buses
115,Overnight,2025-12-19T00:00:00.000,5 - Motorcycles
64350,Overnight,2025-12-19T00:00:00.000,TLC Taxi/FHV
241414,Peak,2025-12-19T00:00:00.000,"1 - Cars, Pickups and Vans"
17503,Peak,2025-12-19T00:00:00.000,2 - Single-Unit Trucks
817,Peak,2025-12-19T00:00:00.000,3 - Multi-Unit Trucks
7992,Peak,2025-12-19T00:00:00.000,4 - Buses
534,Peak,2025-12-19T00:00:00.000,5 - Motorcycles
144389,Peak,2025-12-19T00:00:00.000,TLC Taxi/FHV
92551,Overnight,2025-12-20T00:00:00.000,"1 - Cars, Pickups and Vans"
4553,Overnight,2025-12-20T00:00:00.000,2 - Single-Unit Trucks
389,Overnight,2025-12-20T00:00:00.000,3 - Multi-Unit Trucks
1479,Overnight,2025-12-20T00:00:00.000,4 - Buses
200,Overnight,2025-12-20T00:00:00.000,5 - Motorcycles
91299,Overnight,2025-12-20T00:00:00.000,TLC Taxi/FHV
199050,Peak,2025-12-20T00:00:00.000,"1 - Cars, Pickups and Vans"
4875,Peak,2025-12-20T00:00:00.000,2 - Single-Unit Trucks
217,Peak,2025-12-20T00:00:00.000,3 - Multi-Unit Trucks
3111,Peak,2025-12-20T00:00:00.000,4 - Buses
619,Peak,2025-12-20T00:00:00.000,5 - Motorcycles
114893,Peak,2025-12-20T00:00:00.000,TLC Taxi/FHV
76297,Overnight,2025-12-21T00:00:00.000,"1 - Cars, Pickups and Vans"
2093,Overnight,2025-12-21T00:00:00.000,2 - Single-Unit Trucks
210,Overnight,2025-12-21T00:00:00.000,3 - Multi-Unit Trucks
1134,Overnight,2025-12-21T00:00:00.000,4 - Buses
178,Overnight,2025-12-21T00:00:00.000,5 - Motorcycles
79033,Overnight,2025-12-21T00:00:00.000,TLC Taxi/FHV
195510,Peak,2025-12-21T00:00:00.000,"1 - Cars, Pickups and Vans"
3082,Peak,2025-12-21T00:00:00.000,2 - Single-Unit Trucks
162,Peak,2025-12-21T00:00:00.000,3 - Multi-Unit Trucks
2648,Peak,2025-12-21T00:00:00.000,4 - Buses
581,Peak,2025-12-21T00:00:00.000,5 - Motorcycles
102971,Peak,2025-12-21T00:00:00.000,TLC Taxi/FHV
38659,Overnight,2025-12-22T00:00:00.000,"1 - Cars, Pickups and Vans"
2508,Overnight,2025-12-22T00:00:00.000,2 - Single-Unit Trucks
259,Overnight,2025-12-22T00:00:00.000,3 - Multi-Unit Trucks
737,Overnight,2025-12-22T00:00:00.000,4 - Buses
111,Overnight,2025-12-22T00:00:00.000,5 - Motorcycles
35579,Overnight,2025-12-22T00:00:00.000,TLC Taxi/FHV
240723,Peak,2025-12-22T00:00:00.000,"1 - Cars, Pickups and Vans"
17563,Peak,2025-12-22T00:00:00.000,2 - Single-Unit Trucks
768,Peak,2025-12-22T00:00:00.000,3 - Multi-Unit Trucks
7784,Peak,2025-12-22T00:00:00.000,4 - Buses
683,Peak,2025-12-22T00:00:00.000,5 - Motorcycles
126001,Peak,2025-12-22T00:00:00.000,TLC Taxi/FHV
40552,Overnight,2025-12-23T00:00:00.000,"1 - Cars, Pickups and Vans"
2653,Overnight,2025-12-23T00:00:00.000,2 - Single-Unit Trucks
295,Overnight,2025-12-23T00:00:00.000,3 - Multi-Unit Trucks
748,Overnight,2025-12-23T00:00:00.000,4 - Buses
110,Overnight,2025-12-23T00:00:00.000,5 - Motorcycles
35906,Overnight,2025-12-23T00:00:00.000,TLC Taxi/FHV
232499,Peak,2025-12-23T00:00:00.000,"1 - Cars, Pickups and Vans"
17273,Peak,2025-12-23T00:00:00.000,2 - Single-Unit Trucks
762,Peak,2025-12-23T00:00:00.000,3 - Multi-Unit Trucks
7502,Peak,2025-12-23T00:00:00.000,4 - Buses
488,Peak,2025-12-23T00:00:00.000,5 - Motorcycles
128159,Peak,2025-12-23T00:00:00.000,TLC Taxi/FHV
45271,Overnight,2025-12-24T00:00:00.000,"1 - Cars, Pickups and Vans"
2161,Overnight,2025-12-24T00:00:00.000,2 - Single-Unit Trucks
186,Overnight,2025-12-24T00:00:00.000,3 - Multi-Unit Trucks
721,Overnight,2025-12-24T00:00:00.000,4 - Buses
89,Overnight,2025-12-24T00:00:00.000,5 - Motorcycles
36707,Overnight,2025-12-24T00:00:00.000,TLC Taxi/FHV
220093,Peak,2025-12-24T00:00:00.000,"1 - Cars, Pickups and Vans"
11955,Peak,2025-12-24T00:00:00.000,2 - Single-Unit Trucks
512,Peak,2025-12-24T00:00:00.000,3 - Multi-Unit Trucks
6033,Peak,2025-12-24T00:00:00.000,4 - Buses
634,Peak,2025-12-24T00:00:00.000,5 - Motorcycles
116922,Peak,2025-12-24T00:00:00.000,TLC Taxi/FHV
44664,Overnight,2025-12-25T00:00:00.000,"1 - Cars, Pickups and Vans"
757,Overnight,2025-12-25T00:00:00.000,2 - Single-Unit Trucks
54,Overnight,2025-12-25T00:00:00.000,3 - Multi-Unit Trucks
586,Overnight,2025-12-25T00:00:00.000,4 - Buses
72,Overnight,2025-12-25T00:00:00.000,5 - Motorcycles
33601,Overnight,2025-12-25T00:00:00.000,TLC Taxi/FHV
170113,Peak,2025-12-25T00:00:00.000,"1 - Cars, Pickups and Vans"
1987,Peak,2025-12-25T00:00:00.000,2 - Single-Unit Trucks
140,Peak,2025-12-25T00:00:00.000,3 - Multi-Unit Trucks
2936,Peak,2025-12-25T00:00:00.000,4 - Buses
423,Peak,2025-12-25T00:00:00.000,5 - Motorcycles
90224,Peak,2025-12-25T00:00:00.000,TLC Taxi/FHV
26812,Overnight,2025-12-26T00:00:00.000,"1 - Cars, Pickups and Vans"
1698,Overnight,2025-12-26T00:00:00.000,2 - Single-Unit Trucks
145,Overnight,2025-12-26T00:00:00.000,3 - Multi-Unit Trucks
582,Overnight,2025-12-26T00:00:00.000,4 - Buses
43,Overnight,2025-12-26T00:00:00.000,5 - Motorcycles
23714,Overnight,2025-12-26T00:00:00.000,TLC Taxi/FHV
195695,Peak,2025-12-26T00:00:00.000,"1 - Cars, Pickups and Vans"
10242,Peak,2025-12-26T00:00:00.000,2 - Single-Unit Trucks
506,Peak,2025-12-26T00:00:00.000,3 - Multi-Unit Trucks
5319,Peak,2025-12-26T00:00:00.000,4 - Buses
409,Peak,2025-12-26T00:00:00.000,5 - Motorcycles
109203,Peak,2025-12-26T00:00:00.000,TLC Taxi/FHV
52411,Overnight,2025-12-27T00:00:00.000,"1 - Cars, Pickups and Vans"
2617,Overnight,2025-12-27T00:00:00.000,2 - Single-Unit Trucks
169,Overnight,2025-12-27T00:00:00.000,3 - Multi-Unit Trucks
1210,Overnight,2025-12-27T00:00:00.000,4 - Buses
65,Overnight,2025-12-27T00:00:00.000,5 - Motorcycles
42816,Overnight,2025-12-27T00:00:00.000,TLC Taxi/FHV
132841,Peak,2025-12-27T00:00:00.000,"1 - Cars, Pickups and Vans"
3951,Peak,2025-12-27T00:00:00.000,2 - Single-Unit Trucks
243,Peak,2025-12-27T00:00:00.000,3 - Multi-Unit Trucks
2662,Peak,2025-12-27T00:00:00.000,4 - Buses
255,Peak,2025-12-27T00:00:00.000,5 - Motorcycles
92278,Peak,2025-12-27T00:00:00.000,TLC Taxi/FHV
62321,Overnight,2025-12-28T00:00:00.000,"1 - Cars, Pickups and Vans"
2177,Overnight,2025-12-28T00:00:00.000,2 - Single-Unit Trucks
169,Overnight,2025-12-28T00:00:00.000,3 - Multi-Unit Trucks
1136,Overnight,2025-12-28T00:00:00.000,4 - Buses
103,Overnight,2025-12-28T00:00:00.000,5 - Motorcycles
56292,Overnight,2025-12-28T00:00:00.000,TLC Taxi/FHV
175210,Peak,2025-12-28T00:00:00.000,"1 - Cars, Pickups and Vans"
3311,Peak,2025-12-28T00:00:00.000,2 - Single-Unit Trucks
185,Peak,2025-12-28T00:00:00.000,3 - Multi-Unit Trucks
2630,Peak,2025-12-28T00:00:00.000,4 - Buses
341,Peak,2025-12-28T00:00:00.000,5 - Motorcycles
93542,Peak,2025-12-28T00:00:00.000,TLC Taxi/FHV
36728,Overnight,2025-12-29T00:00:00.000,"1 - Cars, Pickups and Vans"
2507,Overnight,2025-12-29T00:00:00.000,2 - Single-Unit Trucks
273,Overnight,2025-12-29T00:00:00.000,3 - Multi-Unit Trucks
661,Overnight,2025-12-29T00:00:00.000,4 - Buses
69,Overnight,2025-12-29T00:00:00.000,5 - Motorcycles
34506,Overnight,2025-12-29T00:00:00.000,TLC Taxi/FHV
217026,Peak,2025-12-29T00:00:00.000,"1 - Cars, Pickups and Vans"
15532,Peak,2025-12-29T00:00:00.000,2 - Single-Unit Trucks
721,Peak,2025-12-29T00:00:00.000,3 - Multi-Unit Trucks
6125,Peak,2025-12-29T00:00:00.000,4 - Buses
420,Peak,2025-12-29T00:00:00.000,5 - Motorcycles
118684,Peak,2025-12-29T00:00:00.000,TLC Taxi/FHV
41143,Overnight,2025-12-30T00:00:00.000,"1 - Cars, Pickups and Vans"
2612,Overnight,2025-12-30T00:00:00.000,2 - Single-Unit Trucks
262,Overnight,2025-12-30T00:00:00.000,3 - Multi-Unit Trucks
729,Overnight,2025-12-30T00:00:00.000,4 - Buses
89,Overnight,2025-12-30T00:00:00.000,5 - Motorcycles
38144,Overnight,2025-12-30T00:00:00.000,TLC Taxi/FHV
232646,Peak,2025-12-30T00:00:00.000,"1 - Cars, Pickups and Vans"
16086,Peak,2025-12-30T00:00:00.000,2 - Single-Unit Trucks
772,Peak,2025-12-30T00:00:00.000,3 - Multi-Unit Trucks
6135,Peak,2025-12-30T00:00:00.000,4 - Buses
513,Peak,2025-12-30T00:00:00.000,5 - Motorcycles
121962,Peak,2025-12-30T00:00:00.000,TLC Taxi/FHV
43882,Overnight,2025-12-31T00:00:00.000,"1 - Cars, Pickups and Vans"
2012,Overnight,2025-12-31T00:00:00.000,2 - Single-Unit Trucks
208,Overnight,2025-12-31T00:00:00.000,3 - Multi-Unit Trucks
659,Overnight,2025-12-31T00:00:00.000,4 - Buses
113,Overnight,2025-12-31T00:00:00.000,5 - Motorcycles
49557,Overnight,2025-12-31T00:00:00.000,TLC Taxi/FHV
200358,Peak,2025-12-31T00:00:00.000,"1 - Cars, Pickups and Vans"
12227,Peak,2025-12-31T00:00:00.000,2 - Single-Unit Trucks
495,Peak,2025-12-31T00:00:00.000,3 - Multi-Unit Trucks
5732,Peak,2025-12-31T00:00:00.000,4 - Buses
568,Peak,2025-12-31T00:00:00.000,5 - Motorcycles
115856,Peak,2025-12-31T00:00:00.000,TLC Taxi/FHV
46842,Overnight,2026-01-01T00:00:00.000,"1 - Cars, Pickups and Vans"
949,Overnight,2026-01-01T00:00:00.000,2 - Single-Unit Trucks
66,Overnight,2026-01-01T00:00:00.000,3 - Multi-Unit Trucks
585,Overnight,2026-01-01T00:00:00.000,4 - Buses
110,Overnight,2026-01-01T00:00:00.000,5 - Motorcycles
71017,Overnight,2026-01-01T00:00:00.000,TLC Taxi/FHV
153537,Peak,2026-01-01T00:00:00.000,"1 - Cars, Pickups and Vans"
2569,Peak,2026-01-01T00:00:00.000,2 - Single-Unit Trucks
175,Peak,2026-01-01T00:00:00.000,3 - Multi-Unit Trucks
2760,Peak,2026-01-01T00:00:00.000,4 - Buses
313,Peak,2026-01-01T00:00:00.000,5 - Motorcycles
91192,Peak,2026-01-01T00:00:00.000,TLC Taxi/FHV
38011,Overnight,2026-01-02T00:00:00.000,"1 - Cars, Pickups and Vans"
1943,Overnight,2026-01-02T00:00:00.000,2 - Single-Unit Trucks
176,Overnight,2026-01-02T00:00:00.000,3 - Multi-Unit Trucks
650,Overnight,2026-01-02T00:00:00.000,4 - Buses
72,Overnight,2026-01-02T00:00:00.000,5 - Motorcycles
34790,Overnight,2026-01-02T00:00:00.000,TLC Taxi/FHV
210825,Peak,2026-01-02T00:00:00.000,"1 - Cars, Pickups and Vans"
12240,Peak,2026-01-02T00:00:00.000,2 - Single-Unit Trucks
599,Peak,2026-01-02T00:00:00.000,3 - Multi-Unit Trucks
5942,Peak,2026-01-02T00:00:00.000,4 - Buses
504,Peak,2026-01-02T00:00:00.000,5 - Motorcycles
116762,Peak,2026-01-02T00:00:00.000,TLC Taxi/FHV
75243,Overnight,2026-01-03T00:00:00.000,"1 - Cars, Pickups and Vans"
3571,Overnight,2026-01-03T00:00:00.000,2 - Single-Unit Trucks
290,Overnight,2026-01-03T00:00:00.000,3 - Multi-Unit Trucks
1272,Overnight,2026-01-03T00:00:00.000,4 - Buses
135,Overnight,2026-01-03T00:00:00.000,5 - Motorcycles
64358,Overnight,2026-01-03T00:00:00.000,TLC Taxi/FHV
183214,Peak,2026-01-03T00:00:00.000,"1 - Cars, Pickups and Vans"
4132,Peak,2026-01-03T00:00:00.000,2 - Single-Unit Trucks
226,Peak,2026-01-03T00:00:00.000,3 - Multi-Unit Trucks
2783,Peak,2026-01-03T00:00:00.000,4 - Buses
389,Peak,2026-01-03T00:00:00.000,5 - Motorcycles
101033,Peak,2026-01-03T00:00:00.000,TLC Taxi/FHV
65424,Overnight,2026-01-04T00:00:00.000,"1 - Cars, Pickups and Vans"
1865,Overnight,2026-01-04T00:00:00.000,2 - Single-Unit Trucks
176,Overnight,2026-01-04T00:00:00.000,3 - Multi-Unit Trucks
1041,Overnight,2026-01-04T00:00:00.000,4 - Buses
138,Overnight,2026-01-04T00:00:00.000,5 - Motorcycles
60906,Overnight,2026-01-04T00:00:00.000,TLC Taxi/FHV
171405,Peak,2026-01-04T00:00:00.000,"1 - Cars, Pickups and Vans"
2692,Peak,2026-01-04T00:00:00.000,2 - Single-Unit Trucks
138,Peak,2026-01-04T00:00:00.000,3 - Multi-Unit Trucks
2520,Peak,2026-01-04T00:00:00.000,4 - Buses
490,Peak,2026-01-04T00:00:00.000,5 - Motorcycles
95063,Peak,2026-01-04T00:00:00.000,TLC Taxi/FHV
35421,Overnight,2026-01-05T00:00:00.000,"1 - Cars, Pickups and Vans"
2435,Overnight,2026-01-05T00:00:00.000,2 - Single-Unit Trucks
266,Overnight,2026-01-05T00:00:00.000,3 - Multi-Unit Trucks
694,Overnight,2026-01-05T00:00:00.000,4 - Buses
94,Overnight,2026-01-05T00:00:00.000,5 - Motorcycles
32873,Overnight,2026-01-05T00:00:00.000,TLC Taxi/FHV
218651,Peak,2026-01-05T00:00:00.000,"1 - Cars, Pickups and Vans"
16375,Peak,2026-01-05T00:00:00.000,2 - Single-Unit Trucks
713,Peak,2026-01-05T00:00:00.000,3 - Multi-Unit Trucks
8265,Peak,2026-01-05T00:00:00.000,4 - Buses
668,Peak,2026-01-05T00:00:00.000,5 - Motorcycles
126050,Peak,2026-01-05T00:00:00.000,TLC Taxi/FHV
34528,Overnight,2026-01-06T00:00:00.000,"1 - Cars, Pickups and Vans"
2716,Overnight,2026-01-06T00:00:00.000,2 - Single-Unit Trucks
314,Overnight,2026-01-06T00:00:00.000,3 - Multi-Unit Trucks
767,Overnight,2026-01-06T00:00:00.000,4 - Buses
88,Overnight,2026-01-06T00:00:00.000,5 - Motorcycles
35443,Overnight,2026-01-06T00:00:00.000,TLC Taxi/FHV
224863,Peak,2026-01-06T00:00:00.000,"1 - Cars, Pickups and Vans"
17106,Peak,2026-01-06T00:00:00.000,2 - Single-Unit Trucks
755,Peak,2026-01-06T00:00:00.000,3 - Multi-Unit Trucks
8423,Peak,2026-01-06T00:00:00.000,4 - Buses
735,Peak,2026-01-06T00:00:00.000,5 - Motorcycles
127084,Peak,2026-01-06T00:00:00.000,TLC Taxi/FHV
34907,Overnight,2026-01-07T00:00:00.000,"1 - Cars, Pickups and Vans"
2644,Overnight,2026-01-07T00:00:00.000,2 - Single-Unit Trucks
313,Overnight,2026-01-07T00:00:00.000,3 - Multi-Unit Trucks
771,Overnight,2026-01-07T00:00:00.000,4 - Buses
125,Overnight,2026-01-07T00:00:00.000,5 - Motorcycles
38649,Overnight,2026-01-07T00:00:00.000,TLC Taxi/FHV
229636,Peak,2026-01-07T00:00:00.000,"1 - Cars, Pickups and Vans"
17230,Peak,2026-01-07T00:00:00.000,2 - Single-Unit Trucks
785,Peak,2026-01-07T00:00:00.000,3 - Multi-Unit Trucks
8481,Peak,2026-01-07T00:00:00.000,4 - Buses
914,Peak,2026-01-07T00:00:00.000,5 - Motorcycles
130705,Peak,2026-01-07T00:00:00.000,TLC Taxi/FHV
36827,Overnight,2026-01-08T00:00:00.000,"1 - Cars, Pickups and Vans"
2611,Overnight,2026-01-08T00:00:00.000,2 - Single-Unit Trucks
295,Overnight,2026-01-08T00:00:00.000,3 - Multi-Unit Trucks
794,Overnight,2026-01-08T00:00:00.000,4 - Buses
156,Overnight,2026-01-08T00:00:00.000,5 - Motorcycles
43531,Overnight,2026-01-08T00:00:00.000,TLC Taxi/FHV
235027,Peak,2026-01-08T00:00:00.000,"1 - Cars, Pickups and Vans"
17693,Peak,2026-01-08T00:00:00.000,2 - Single-Unit Trucks
852,Peak,2026-01-08T00:00:00.000,3 - Multi-Unit Trucks
8616,Peak,2026-01-08T00:00:00.000,4 - Buses
963,Peak,2026-01-08T00:00:00.000,5 - Motorcycles
136237,Peak,2026-01-08T00:00:00.000,TLC Taxi/FHV
42944,Overnight,2026-01-09T00:00:00.000,"1 - Cars, Pickups and Vans"
2704,Overnight,2026-01-09T00:00:00.000,2 - Single-Unit Trucks
293,Overnight,2026-01-09T00:00:00.000,3 - Multi-Unit Trucks
774,Overnight,2026-01-09T00:00:00.000,4 - Buses
145,Overnight,2026-01-09T00:00:00.000,5 - Motorcycles
47061,Overnight,2026-01-09T00:00:00.000,TLC Taxi/FHV
226587,Peak,2026-01-09T00:00:00.000,"1 - Cars, Pickups and Vans"
17826,Peak,2026-01-09T00:00:00.000,2 - Single-Unit Trucks
799,Peak,2026-01-09T00:00:00.000,3 - Multi-Unit Trucks
8281,Peak,2026-01-09T00:00:00.000,4 - Buses
875,Peak,2026-01-09T00:00:00.000,5 - Motorcycles
133120,Peak,2026-01-09T00:00:00.000,TLC Taxi/FHV
83242,Overnight,2026-01-10T00:00:00.000,"1 - Cars, Pickups and Vans"
4248,Overnight,2026-01-10T00:00:00.000,2 - Single-Unit Trucks
349,Overnight,2026-01-10T00:00:00.000,3 - Multi-Unit Trucks
1399,Overnight,2026-01-10T00:00:00.000,4 - Buses
198,Overnight,2026-01-10T00:00:00.000,5 - Motorcycles
80891,Overnight,2026-01-10T00:00:00.000,TLC Taxi/FHV
179755,Peak,2026-01-10T00:00:00.000,"1 - Cars, Pickups and Vans"
4365,Peak,2026-01-10T00:00:00.000,2 - Single-Unit Trucks
220,Peak,2026-01-10T00:00:00.000,3 - Multi-Unit Trucks
2883,Peak,2026-01-10T00:00:00.000,4 - Buses
513,Peak,2026-01-10T00:00:00.000,5 - Motorcycles
113259,Peak,2026-01-10T00:00:00.000,TLC Taxi/FHV
67410,Overnight,2026-01-11T00:00:00.000,"1 - Cars, Pickups and Vans"
2105,Overnight,2026-01-11T00:00:00.000,2 - Single-Unit Trucks
170,Overnight,2026-01-11T00:00:00.000,3 - Multi-Unit Trucks
1155,Overnight,2026-01-11T00:00:00.000,4 - Buses
184,Overnight,2026-01-11T00:00:00.000,5 - Motorcycles
73583,Overnight,2026-01-11T00:00:00.000,TLC Taxi/FHV
178786,Peak,2026-01-11T00:00:00.000,"1 - Cars, Pickups and Vans"
2856,Peak,2026-01-11T00:00:00.000,2 - Single-Unit Trucks
134,Peak,2026-01-11T00:00:00.000,3 - Multi-Unit Trucks
2584,Peak,2026-01-11T00:00:00.000,4 - Buses
715,Peak,2026-01-11T00:00:00.000,5 - Motorcycles
103781,Peak,2026-01-11T00:00:00.000,TLC Taxi/FHV
33468,Overnight,2026-01-12T00:00:00.000,"1 - Cars, Pickups and Vans"
2603,Overnight,2026-01-12T00:00:00.000,2 - Single-Unit Trucks
236,Overnight,2026-01-12T00:00:00.000,3 - Multi-Unit Trucks
769,Overnight,2026-01-12T00:00:00.000,4 - Buses
108,Overnight,2026-01-12T00:00:00.000,5 - Motorcycles
35592,Overnight,2026-01-12T00:00:00.000,TLC Taxi/FHV
224793,Peak,2026-01-12T00:00:00.000,"1 - Cars, Pickups and Vans"
17686,Peak,2026-01-12T00:00:00.000,2 - Single-Unit Trucks
670,Peak,2026-01-12T00:00:00.000,3 - Multi-Unit Trucks
8817,Peak,2026-01-12T00:00:00.000,4 - Buses
873,Peak,2026-01-12T00:00:00.000,5 - Motorcycles
132238,Peak,2026-01-12T00:00:00.000,TLC Taxi/FHV
34285,Overnight,2026-01-13T00:00:00.000,"1 - Cars, Pickups and Vans"
2773,Overnight,2026-01-13T00:00:00.000,2 - Single-Unit Trucks
272,Overnight,2026-01-13T00:00:00.000,3 - Multi-Unit Trucks
817,Overnight,2026-01-13T00:00:00.000,4 - Buses
120,Overnight,2026-01-13T00:00:00.000,5 - Motorcycles
39631,Overnight,2026-01-13T00:00:00.000,TLC Taxi/FHV
232769,Peak,2026-01-13T00:00:00.000,"1 - Cars, Pickups and Vans"
18051,Peak,2026-01-13T00:00:00.000,2 - Single-Unit Trucks
721,Peak,2026-01-13T00:00:00.000,3 - Multi-Unit Trucks
8607,Peak,2026-01-13T00:00:00.000,4 - Buses
884,Peak,2026-01-13T00:00:00.000,5 - Motorcycles
138514,Peak,2026-01-13T00:00:00.000,TLC Taxi/FHV
34903,Overnight,2026-01-14T00:00:00.000,"1 - Cars, Pickups and Vans"
2753,Overnight,2026-01-14T00:00:00.000,2 - Single-Unit Trucks
300,Overnight,2026-01-14T00:00:00.000,3 - Multi-Unit Trucks
772,Overnight,2026-01-14T00:00:00.000,4 - Buses
153,Overnight,2026-01-14T00:00:00.000,5 - Motorcycles
43622,Overnight,2026-01-14T00:00:00.000,TLC Taxi/FHV
231667,Peak,2026-01-14T00:00:00.000,"1 - Cars, Pickups and Vans"
18020,Peak,2026-01-14T00:00:00.000,2 - Single-Unit Trucks
779,Peak,2026-01-14T00:00:00.000,3 - Multi-Unit Trucks
8728,Peak,2026-01-14T00:00:00.000,4 - Buses
1053,Peak,2026-01-14T00:00:00.000,5 - Motorcycles
138887,Peak,2026-01-14T00:00:00.000,TLC Taxi/FHV
37385,Overnight,2026-01-15T00:00:00.000,"1 - Cars, Pickups and Vans"
2701,Overnight,2026-01-15T00:00:00.000,2 - Single-Unit Trucks
299,Overnight,2026-01-15T00:00:00.000,3 - Multi-Unit Trucks
756,Overnight,2026-01-15T00:00:00.000,4 - Buses
139,Overnight,2026-01-15T00:00:00.000,5 - Motorcycles
48912,Overnight,2026-01-15T00:00:00.000,TLC Taxi/FHV
234616,Peak,2026-01-15T00:00:00.000,"1 - Cars, Pickups and Vans"
18168,Peak,2026-01-15T00:00:00.000,2 - Single-Unit Trucks
822,Peak,2026-01-15T00:00:00.000,3 - Multi-Unit Trucks
8723,Peak,2026-01-15T00:00:00.000,4 - Buses
895,Peak,2026-01-15T00:00:00.000,5 - Motorcycles
147432,Peak,2026-01-15T00:00:00.000,TLC Taxi/FHV
43392,Overnight,2026-01-16T00:00:00.000,"1 - Cars, Pickups and Vans"
2568,Overnight,2026-01-16T00:00:00.000,2 - Single-Unit Trucks
280,Overnight,2026-01-16T00:00:00.000,3 - Multi-Unit Trucks
748,Overnight,2026-01-16T00:00:00.000,4 - Buses
120,Overnight,2026-01-16T00:00:00.000,5 - Motorcycles
50152,Overnight,2026-01-16T00:00:00.000,TLC Taxi/FHV
237026,Peak,2026-01-16T00:00:00.000,"1 - Cars, Pickups and Vans"
17803,Peak,2026-01-16T00:00:00.000,2 - Single-Unit Trucks
758,Peak,2026-01-16T00:00:00.000,3 - Multi-Unit Trucks
8291,Peak,2026-01-16T00:00:00.000,4 - Buses
804,Peak,2026-01-16T00:00:00.000,5 - Motorcycles
141343,Peak,2026-01-16T00:00:00.000,TLC Taxi/FHV
79405,Overnight,2026-01-17T00:00:00.000,"1 - Cars, Pickups and Vans"
4202,Overnight,2026-01-17T00:00:00.000,2 - Single-Unit Trucks
307,Overnight,2026-01-17T00:00:00.000,3 - Multi-Unit Trucks
1346,Overnight,2026-01-17T00:00:00.000,4 - Buses
164,Overnight,2026-01-17T00:00:00.000,5 - Motorcycles
81116,Overnight,2026-01-17T00:00:00.000,TLC Taxi/FHV
162558,Peak,2026-01-17T00:00:00.000,"1 - Cars, Pickups and Vans"
4379,Peak,2026-01-17T00:00:00.000,2 - Single-Unit Trucks
184,Peak,2026-01-17T00:00:00.000,3 - Multi-Unit Trucks
2938,Peak,2026-01-17T00:00:00.000,4 - Buses
410,Peak,2026-01-17T00:00:00.000,5 - Motorcycles
109693,Peak,2026-01-17T00:00:00.000,TLC Taxi/FHV
62284,Overnight,2026-01-18T00:00:00.000,"1 - Cars, Pickups and Vans"
2023,Overnight,2026-01-18T00:00:00.000,2 - Single-Unit Trucks
135,Overnight,2026-01-18T00:00:00.000,3 - Multi-Unit Trucks
1033,Overnight,2026-01-18T00:00:00.000,4 - Buses
114,Overnight,2026-01-18T00:00:00.000,5 - Motorcycles
70919,Overnight,2026-01-18T00:00:00.000,TLC Taxi/FHV
134960,Peak,2026-01-18T00:00:00.000,"1 - Cars, Pickups and Vans"
2635,Peak,2026-01-18T00:00:00.000,2 - Single-Unit Trucks
122,Peak,2026-01-18T00:00:00.000,3 - Multi-Unit Trucks
2290,Peak,2026-01-18T00:00:00.000,4 - Buses
248,Peak,2026-01-18T00:00:00.000,5 - Motorcycles
92049,Peak,2026-01-18T00:00:00.000,TLC Taxi/FHV
35531,Overnight,2026-01-19T00:00:00.000,"1 - Cars, Pickups and Vans"
1823,Overnight,2026-01-19T00:00:00.000,2 - Single-Unit Trucks
173,Overnight,2026-01-19T00:00:00.000,3 - Multi-Unit Trucks
681,Overnight,2026-01-19T00:00:00.000,4 - Buses
110,Overnight,2026-01-19T00:00:00.000,5 - Motorcycles
37813,Overnight,2026-01-19T00:00:00.000,TLC Taxi/FHV
205859,Peak,2026-01-19T00:00:00.000,"1 - Cars, Pickups and Vans"
11897,Peak,2026-01-19T00:00:00.000,2 - Single-Unit Trucks
533,Peak,2026-01-19T00:00:00.000,3 - Multi-Unit Trucks
4853,Peak,2026-01-19T00:00:00.000,4 - Buses
542,Peak,2026-01-19T00:00:00.000,5 - Motorcycles
117545,Peak,2026-01-19T00:00:00.000,TLC Taxi/FHV
34368,Overnight,2026-01-20T00:00:00.000,"1 - Cars, Pickups and Vans"
2465,Overnight,2026-01-20T00:00:00.000,2 - Single-Unit Trucks
243,Overnight,2026-01-20T00:00:00.000,3 - Multi-Unit Trucks
724,Overnight,2026-01-20T00:00:00.000,4 - Buses
104,Overnight,2026-01-20T00:00:00.000,5 - Motorcycles
41034,Overnight,2026-01-20T00:00:00.000,TLC Taxi/FHV
229828,Peak,2026-01-20T00:00:00.000,"1 - Cars, Pickups and Vans"
17425,Peak,2026-01-20T00:00:00.000,2 - Single-Unit Trucks
667,Peak,2026-01-20T00:00:00.000,3 - Multi-Unit Trucks
8132,Peak,2026-01-20T00:00:00.000,4 - Buses
569,Peak,2026-01-20T00:00:00.000,5 - Motorcycles
137232,Peak,2026-01-20T00:00:00.000,TLC Taxi/FHV
34661,Overnight,2026-01-21T00:00:00.000,"1 - Cars, Pickups and Vans"
2563,Overnight,2026-01-21T00:00:00.000,2 - Single-Unit Trucks
254,Overnight,2026-01-21T00:00:00.000,3 - Multi-Unit Trucks
728,Overnight,2026-01-21T00:00:00.000,4 - Buses
87,Overnight,2026-01-21T00:00:00.000,5 - Motorcycles
43362,Overnight,2026-01-21T00:00:00.000,TLC Taxi/FHV
234810,Peak,2026-01-21T00:00:00.000,"1 - Cars, Pickups and Vans"
17482,Peak,2026-01-21T00:00:00.000,2 - Single-Unit Trucks
708,Peak,2026-01-21T00:00:00.000,3 - Multi-Unit Trucks
8465,Peak,2026-01-21T00:00:00.000,4 - Buses
671,Peak,2026-01-21T00:00:00.000,5 - Motorcycles
143572,Peak,2026-01-21T00:00:00.000,TLC Taxi/FHV
36492,Overnight,2026-01-22T00:00:00.000,"1 - Cars, Pickups and Vans"
2685,Overnight,2026-01-22T00:00:00.000,2 - Single-Unit Trucks
273,Overnight,2026-01-22T00:00:00.000,3 - Multi-Unit Trucks
812,Overnight,2026-01-22T00:00:00.000,4 - Buses
141,Overnight,2026-01-22T00:00:00.000,5 - Motorcycles
48247,Overnight,2026-01-22T00:00:00.000,TLC Taxi/FHV
239903,Peak,2026-01-22T00:00:00.000,"1 - Cars, Pickups and Vans"
18355,Peak,2026-01-22T00:00:00.000,2 - Single-Unit Trucks
757,Peak,2026-01-22T00:00:00.000,3 - Multi-Unit Trucks
8582,Peak,2026-01-22T00:00:00.000,4 - Buses
896,Peak,2026-01-22T00:00:00.000,5 - Motorcycles
146326,Peak,2026-01-22T00:00:00.000,TLC Taxi/FHV
43202,Overnight,2026-01-23T00:00:00.000,"1 - Cars, Pickups and Vans"
2687,Overnight,2026-01-23T00:00:00.000,2 - Single-Unit Trucks
274,Overnight,2026-01-23T00:00:00.000,3 - Multi-Unit Trucks
772,Overnight,2026-01-23T00:00:00.000,4 - Buses
122,Overnight,2026-01-23T00:00:00.000,5 - Motorcycles
51495,Overnight,2026-01-23T00:00:00.000,TLC Taxi/FHV
238592,Peak,2026-01-23T00:00:00.000,"1 - Cars, Pickups and Vans"
19003,Peak,2026-01-23T00:00:00.000,2 - Single-Unit Trucks
735,Peak,2026-01-23T00:00:00.000,3 - Multi-Unit Trucks
8328,Peak,2026-01-23T00:00:00.000,4 - Buses
736,Peak,2026-01-23T00:00:00.000,5 - Motorcycles
139271,Peak,2026-01-23T00:00:00.000,TLC Taxi/FHV
80918,Overnight,2026-01-24T00:00:00.000,"1 - Cars, Pickups and Vans"
4364,Overnight,2026-01-24T00:00:00.000,2 - Single-Unit Trucks
317,Overnight,2026-01-24T00:00:00.000,3 - Multi-Unit Trucks
1453,Overnight,2026-01-24T00:00:00.000,4 - Buses
141,Overnight,2026-01-24T00:00:00.000,5 - Motorcycles
85295,Overnight,2026-01-24T00:00:00.000,TLC Taxi/FHV
177741,Peak,2026-01-24T00:00:00.000,"1 - Cars, Pickups and Vans"
4890,Peak,2026-01-24T00:00:00.000,2 - Single-Unit Trucks
234,Peak,2026-01-24T00:00:00.000,3 - Multi-Unit Trucks
2700,Peak,2026-01-24T00:00:00.000,4 - Buses
391,Peak,2026-01-24T00:00:00.000,5 - Motorcycles
118461,Peak,2026-01-24T00:00:00.000,TLC Taxi/FHV
31144,Overnight,2026-01-25T00:00:00.000,"1 - Cars, Pickups and Vans"
1521,Overnight,2026-01-25T00:00:00.000,2 - Single-Unit Trucks
64,Overnight,2026-01-25T00:00:00.000,3 - Multi-Unit Trucks
711,Overnight,2026-01-25T00:00:00.000,4 - Buses
31,Overnight,2026-01-25T00:00:00.000,5 - Motorcycles
45896,Overnight,2026-01-25T00:00:00.000,TLC Taxi/FHV
20077,Peak,2026-01-25T00:00:00.000,"1 - Cars, Pickups and Vans"
1513,Peak,2026-01-25T00:00:00.000,2 - Single-Unit Trucks
49,Peak,2026-01-25T00:00:00.000,3 - Multi-Unit Trucks
1106,Peak,2026-01-25T00:00:00.000,4 - Buses
24,Peak,2026-01-25T00:00:00.000,5 - Motorcycles
15412,Peak,2026-01-25T00:00:00.000,TLC Taxi/FHV
15668,Overnight,2026-01-26T00:00:00.000,"1 - Cars, Pickups and Vans"
921,Overnight,2026-01-26T00:00:00.000,2 - Single-Unit Trucks
52,Overnight,2026-01-26T00:00:00.000,3 - Multi-Unit Trucks
436,Overnight,2026-01-26T00:00:00.000,4 - Buses
35,Overnight,2026-01-26T00:00:00.000,5 - Motorcycles
15948,Overnight,2026-01-26T00:00:00.000,TLC Taxi/FHV
81042,Peak,2026-01-26T00:00:00.000,"1 - Cars, Pickups and Vans"
4370,Peak,2026-01-26T00:00:00.000,2 - Single-Unit Trucks
144,Peak,2026-01-26T00:00:00.000,3 - Multi-Unit Trucks
3825,Peak,2026-01-26T00:00:00.000,4 - Buses
216,Peak,2026-01-26T00:00:00.000,5 - Motorcycles
72967,Peak,2026-01-26T00:00:00.000,TLC Taxi/FHV
28134,Overnight,2026-01-27T00:00:00.000,"1 - Cars, Pickups and Vans"
2019,Overnight,2026-01-27T00:00:00.000,2 - Single-Unit Trucks
166,Overnight,2026-01-27T00:00:00.000,3 - Multi-Unit Trucks
739,Overnight,2026-01-27T00:00:00.000,4 - Buses
54,Overnight,2026-01-27T00:00:00.000,5 - Motorcycles
32943,Overnight,2026-01-27T00:00:00.000,TLC Taxi/FHV
185604,Peak,2026-01-27T00:00:00.000,"1 - Cars, Pickups and Vans"
14954,Peak,2026-01-27T00:00:00.000,2 - Single-Unit Trucks
643,Peak,2026-01-27T00:00:00.000,3 - Multi-Unit Trucks
7715,Peak,2026-01-27T00:00:00.000,4 - Buses
308,Peak,2026-01-27T00:00:00.000,5 - Motorcycles
105920,Peak,2026-01-27T00:00:00.000,TLC Taxi/FHV
30572,Overnight,2026-01-28T00:00:00.000,"1 - Cars, Pickups and Vans"
2332,Overnight,2026-01-28T00:00:00.000,2 - Single-Unit Trucks
212,Overnight,2026-01-28T00:00:00.000,3 - Multi-Unit Trucks
778,Overnight,2026-01-28T00:00:00.000,4 - Buses
77,Overnight,2026-01-28T00:00:00.000,5 - Motorcycles
38958,Overnight,2026-01-28T00:00:00.000,TLC Taxi/FHV
201206,Peak,2026-01-28T00:00:00.000,"1 - Cars, Pickups and Vans"
16342,Peak,2026-01-28T00:00:00.000,2 - Single-Unit Trucks
678,Peak,2026-01-28T00:00:00.000,3 - Multi-Unit Trucks
8045,Peak,2026-01-28T00:00:00.000,4 - Buses
412,Peak,2026-01-28T00:00:00.000,5 - Motorcycles
110372,Peak,2026-01-28T00:00:00.000,TLC Taxi/FHV
32414,Overnight,2026-01-29T00:00:00.000,"1 - Cars, Pickups and Vans"
2331,Overnight,2026-01-29T00:00:00.000,2 - Single-Unit Trucks
216,Overnight,2026-01-29T00:00:00.000,3 - Multi-Unit Trucks
813,Overnight,2026-01-29T00:00:00.000,4 - Buses
65,Overnight,2026-01-29T00:00:00.000,5 - Motorcycles
43085,Overnight,2026-01-29T00:00:00.000,TLC Taxi/FHV
208846,Peak,2026-01-29T00:00:00.000,"1 - Cars, Pickups and Vans"
16589,Peak,2026-01-29T00:00:00.000,2 - Single-Unit Trucks
699,Peak,2026-01-29T00:00:00.000,3 - Multi-Unit Trucks
8291,Peak,2026-01-29T00:00:00.000,4 - Buses
360,Peak,2026-01-29T00:00:00.000,5 - Motorcycles
116142,Peak,2026-01-29T00:00:00.000,TLC Taxi/FHV
37735,Overnight,2026-01-30T00:00:00.000,"1 - Cars, Pickups and Vans"
2297,Overnight,2026-01-30T00:00:00.000,2 - Single-Unit Trucks
216,Overnight,2026-01-30T00:00:00.000,3 - Multi-Unit Trucks
755,Overnight,2026-01-30T00:00:00.000,4 - Buses
66,Overnight,2026-01-30T00:00:00.000,5 - Motorcycles
46043,Overnight,2026-01-30T00:00:00.000,TLC Taxi/FHV
211438,Peak,2026-01-30T00:00:00.000,"1 - Cars, Pickups and Vans"
16640,Peak,2026-01-30T00:00:00.000,2 - Single-Unit Trucks
709,Peak,2026-01-30T00:00:00.000,3 - Multi-Unit Trucks
8105,Peak,2026-01-30T00:00:00.000,4 - Buses
360,Peak,2026-01-30T00:00:00.000,5 - Motorcycles
115244,Peak,2026-01-30T00:00:00.000,TLC Taxi/FHV
75073,Overnight,2026-01-31T00:00:00.000,"1 - Cars, Pickups and Vans"
3918,Overnight,2026-01-31T00:00:00.000,2 - Single-Unit Trucks
280,Overnight,2026-01-31T00:00:00.000,3 - Multi-Unit Trucks
1423,Overnight,2026-01-31T00:00:00.000,4 - Buses
73,Overnight,2026-01-31T00:00:00.000,5 - Motorcycles
75368,Overnight,2026-01-31T00:00:00.000,TLC Taxi/FHV
164990,Peak,2026-01-31T00:00:00.000,"1 - Cars, Pickups and Vans"
4601,Peak,2026-01-31T00:00:00.000,2 - Single-Unit Trucks
196,Peak,2026-01-31T00:00:00.000,3 - Multi-Unit Trucks
2806,Peak,2026-01-31T00:00:00.000,4 - Buses
305,Peak,2026-01-31T00:00:00.000,5 - Motorcycles
104880,Peak,2026-01-31T00:00:00.000,TLC Taxi/FHV
60797,Overnight,2026-02-01T00:00:00.000,"1 - Cars, Pickups and Vans"
1997,Overnight,2026-02-01T00:00:00.000,2 - Single-Unit Trucks
141,Overnight,2026-02-01T00:00:00.000,3 - Multi-Unit Trucks
1106,Overnight,2026-02-01T00:00:00.000,4 - Buses
85,Overnight,2026-02-01T00:00:00.000,5 - Motorcycles
70297,Overnight,2026-02-01T00:00:00.000,TLC Taxi/FHV
147577,Peak,2026-02-01T00:00:00.000,"1 - Cars, Pickups and Vans"
3069,Peak,2026-02-01T00:00:00.000,2 - Single-Unit Trucks
114,Peak,2026-02-01T00:00:00.000,3 - Multi-Unit Trucks
2503,Peak,2026-02-01T00:00:00.000,4 - Buses
264,Peak,2026-02-01T00:00:00.000,5 - Motorcycles
95505,Peak,2026-02-01T00:00:00.000,TLC Taxi/FHV
31207,Overnight,2026-02-02T00:00:00.000,"1 - Cars, Pickups and Vans"
2205,Overnight,2026-02-02T00:00:00.000,2 - Single-Unit Trucks
191,Overnight,2026-02-02T00:00:00.000,3 - Multi-Unit Trucks
700,Overnight,2026-02-02T00:00:00.000,4 - Buses
55,Overnight,2026-02-02T00:00:00.000,5 - Motorcycles
33978,Overnight,2026-02-02T00:00:00.000,TLC Taxi/FHV
206781,Peak,2026-02-02T00:00:00.000,"1 - Cars, Pickups and Vans"
16611,Peak,2026-02-02T00:00:00.000,2 - Single-Unit Trucks
641,Peak,2026-02-02T00:00:00.000,3 - Multi-Unit Trucks
8272,Peak,2026-02-02T00:00:00.000,4 - Buses
456,Peak,2026-02-02T00:00:00.000,5 - Motorcycles
116724,Peak,2026-02-02T00:00:00.000,TLC Taxi/FHV
33313,Overnight,2026-02-03T00:00:00.000,"1 - Cars, Pickups and Vans"
2426,Overnight,2026-02-03T00:00:00.000,2 - Single-Unit Trucks
225,Overnight,2026-02-03T00:00:00.000,3 - Multi-Unit Trucks
741,Overnight,2026-02-03T00:00:00.000,4 - Buses
81,Overnight,2026-02-03T00:00:00.000,5 - Motorcycles
38197,Overnight,2026-02-03T00:00:00.000,TLC Taxi/FHV
217661,Peak,2026-02-03T00:00:00.000,"1 - Cars, Pickups and Vans"
17072,Peak,2026-02-03T00:00:00.000,2 - Single-Unit Trucks
709,Peak,2026-02-03T00:00:00.000,3 - Multi-Unit Trucks
8506,Peak,2026-02-03T00:00:00.000,4 - Buses
505,Peak,2026-02-03T00:00:00.000,5 - Motorcycles
122730,Peak,2026-02-03T00:00:00.000,TLC Taxi/FHV
32740,Overnight,2026-02-04T00:00:00.000,"1 - Cars, Pickups and Vans"
2530,Overnight,2026-02-04T00:00:00.000,2 - Single-Unit Trucks
236,Overnight,2026-02-04T00:00:00.000,3 - Multi-Unit Trucks
791,Overnight,2026-02-04T00:00:00.000,4 - Buses
88,Overnight,2026-02-04T00:00:00.000,5 - Motorcycles
43593,Overnight,2026-02-04T00:00:00.000,TLC Taxi/FHV
220792,Peak,2026-02-04T00:00:00.000,"1 - Cars, Pickups and Vans"
17455,Peak,2026-02-04T00:00:00.000,2 - Single-Unit Trucks
738,Peak,2026-02-04T00:00:00.000,3 - Multi-Unit Trucks
8525,Peak,2026-02-04T00:00:00.000,4 - Buses
553,Peak,2026-02-04T00:00:00.000,5 - Motorcycles
128312,Peak,2026-02-04T00:00:00.000,TLC Taxi/FHV
35263,Overnight,2026-02-05T00:00:00.000,"1 - Cars, Pickups and Vans"
2516,Overnight,2026-02-05T00:00:00.000,2 - Single-Unit Trucks
258,Overnight,2026-02-05T00:00:00.000,3 - Multi-Unit Trucks
848,Overnight,2026-02-05T00:00:00.000,4 - Buses
78,Overnight,2026-02-05T00:00:00.000,5 - Motorcycles
48490,Overnight,2026-02-05T00:00:00.000,TLC Taxi/FHV
224045,Peak,2026-02-05T00:00:00.000,"1 - Cars, Pickups and Vans"
17342,Peak,2026-02-05T00:00:00.000,2 - Single-Unit Trucks
754,Peak,2026-02-05T00:00:00.000,3 - Multi-Unit Trucks
8581,Peak,2026-02-05T00:00:00.000,4 - Buses
526,Peak,2026-02-05T00:00:00.000,5 - Motorcycles
132817,Peak,2026-02-05T00:00:00.000,TLC Taxi/FHV
39314,Overnight,2026-02-06T00:00:00.000,"1 - Cars, Pickups and Vans"
2403,Overnight,2026-02-06T00:00:00.000,2 - Single-Unit Trucks
276,Overnight,2026-02-06T00:00:00.000,3 - Multi-Unit Trucks
790,Overnight,2026-02-06T00:00:00.000,4 - Buses
87,Overnight,2026-02-06T00:00:00.000,5 - Motorcycles
49001,Overnight,2026-02-06T00:00:00.000,TLC Taxi/FHV
222390,Peak,2026-02-06T00:00:00.000,"1 - Cars, Pickups and Vans"
17679,Peak,2026-02-06T00:00:00.000,2 - Single-Unit Trucks
774,Peak,2026-02-06T00:00:00.000,3 - Multi-Unit Trucks
8340,Peak,2026-02-06T00:00:00.000,4 - Buses
586,Peak,2026-02-06T00:00:00.000,5 - Motorcycles
130434,Peak,2026-02-06T00:00:00.000,TLC Taxi/FHV
76660,Overnight,2026-02-07T00:00:00.000,"1 - Cars, Pickups and Vans"
4022,Overnight,2026-02-07T00:00:00.000,2 - Single-Unit Trucks
273,Overnight,2026-02-07T00:00:00.000,3 - Multi-Unit Trucks
1426,Overnight,2026-02-07T00:00:00.000,4 - Buses
101,Overnight,2026-02-07T00:00:00.000,5 - Motorcycles
79810,Overnight,2026-02-07T00:00:00.000,TLC Taxi/FHV
163863,Peak,2026-02-07T00:00:00.000,"1 - Cars, Pickups and Vans"
4431,Peak,2026-02-07T00:00:00.000,2 - Single-Unit Trucks
174,Peak,2026-02-07T00:00:00.000,3 - Multi-Unit Trucks
2854,Peak,2026-02-07T00:00:00.000,4 - Buses
299,Peak,2026-02-07T00:00:00.000,5 - Motorcycles
110665,Peak,2026-02-07T00:00:00.000,TLC Taxi/FHV
66175,Overnight,2026-02-08T00:00:00.000,"1 - Cars, Pickups and Vans"
1863,Overnight,2026-02-08T00:00:00.000,2 - Single-Unit Trucks
132,Overnight,2026-02-08T00:00:00.000,3 - Multi-Unit Trucks
1036,Overnight,2026-02-08T00:00:00.000,4 - Buses
46,Overnight,2026-02-08T00:00:00.000,5 - Motorcycles
75287,Overnight,2026-02-08T00:00:00.000,TLC Taxi/FHV
140540,Peak,2026-02-08T00:00:00.000,"1 - Cars, Pickups and Vans"
2561,Peak,2026-02-08T00:00:00.000,2 - Single-Unit Trucks
110,Peak,2026-02-08T00:00:00.000,3 - Multi-Unit Trucks
2409,Peak,2026-02-08T00:00:00.000,4 - Buses
244,Peak,2026-02-08T00:00:00.000,5 - Motorcycles
103030,Peak,2026-02-08T00:00:00.000,TLC Taxi/FHV
33123,Overnight,2026-02-09T00:00:00.000,"1 - Cars, Pickups and Vans"
2174,Overnight,2026-02-09T00:00:00.000,2 - Single-Unit Trucks
194,Overnight,2026-02-09T00:00:00.000,3 - Multi-Unit Trucks
692,Overnight,2026-02-09T00:00:00.000,4 - Buses
73,Overnight,2026-02-09T00:00:00.000,5 - Motorcycles
37675,Overnight,2026-02-09T00:00:00.000,TLC Taxi/FHV
213543,Peak,2026-02-09T00:00:00.000,"1 - Cars, Pickups and Vans"
15950,Peak,2026-02-09T00:00:00.000,2 - Single-Unit Trucks
678,Peak,2026-02-09T00:00:00.000,3 - Multi-Unit Trucks
8423,Peak,2026-02-09T00:00:00.000,4 - Buses
426,Peak,2026-02-09T00:00:00.000,5 - Motorcycles
128562,Peak,2026-02-09T00:00:00.000,TLC Taxi/FHV
32570,Overnight,2026-02-10T00:00:00.000,"1 - Cars, Pickups and Vans"
2499,Overnight,2026-02-10T00:00:00.000,2 - Single-Unit Trucks
257,Overnight,2026-02-10T00:00:00.000,3 - Multi-Unit Trucks
763,Overnight,2026-02-10T00:00:00.000,4 - Buses
77,Overnight,2026-02-10T00:00:00.000,5 - Motorcycles
39887,Overnight,2026-02-10T00:00:00.000,TLC Taxi/FHV
223011,Peak,2026-02-10T00:00:00.000,"1 - Cars, Pickups and Vans"
17411,Peak,2026-02-10T00:00:00.000,2 - Single-Unit Trucks
734,Peak,2026-02-10T00:00:00.000,3 - Multi-Unit Trucks
8641,Peak,2026-02-10T00:00:00.000,4 - Buses
577,Peak,2026-02-10T00:00:00.000,5 - Motorcycles
132659,Peak,2026-02-10T00:00:00.000,TLC Taxi/FHV
34070,Overnight,2026-02-11T00:00:00.000,"1 - Cars, Pickups and Vans"
2521,Overnight,2026-02-11T00:00:00.000,2 - Single-Unit Trucks
286,Overnight,2026-02-11T00:00:00.000,3 - Multi-Unit Trucks
783,Overnight,2026-02-11T00:00:00.000,4 - Buses
74,Overnight,2026-02-11T00:00:00.000,5 - Motorcycles
44748,Overnight,2026-02-11T00:00:00.000,TLC Taxi/FHV
227195,Peak,2026-02-11T00:00:00.000,"1 - Cars, Pickups and Vans"
17777,Peak,2026-02-11T00:00:00.000,2 - Single-Unit Trucks
738,Peak,2026-02-11T00:00:00.000,3 - Multi-Unit Trucks
8755,Peak,2026-02-11T00:00:00.000,4 - Buses
667,Peak,2026-02-11T00:00:00.000,5 - Motorcycles
136547,Peak,2026-02-11T00:00:00.000,TLC Taxi/FHV
36928,Overnight,2026-02-12T00:00:00.000,"1 - Cars, Pickups and Vans"
2572,Overnight,2026-02-12T00:00:00.000,2 - Single-Unit Trucks
258,Overnight,2026-02-12T00:00:00.000,3 - Multi-Unit Trucks
881,Overnight,2026-02-12T00:00:00.000,4 - Buses
95,Overnight,2026-02-12T00:00:00.000,5 - Motorcycles
49635,Overnight,2026-02-12T00:00:00.000,TLC Taxi/FHV
232784,Peak,2026-02-12T00:00:00.000,"1 - Cars, Pickups and Vans"
17896,Peak,2026-02-12T00:00:00.000,2 - Single-Unit Trucks
701,Peak,2026-02-12T00:00:00.000,3 - Multi-Unit Trucks
8819,Peak,2026-02-12T00:00:00.000,4 - Buses
629,Peak,2026-02-12T00:00:00.000,5 - Motorcycles
142061,Peak,2026-02-12T00:00:00.000,TLC Taxi/FHV
45853,Overnight,2026-02-13T00:00:00.000,"1 - Cars, Pickups and Vans"
2662,Overnight,2026-02-13T00:00:00.000,2 - Single-Unit Trucks
268,Overnight,2026-02-13T00:00:00.000,3 - Multi-Unit Trucks
820,Overnight,2026-02-13T00:00:00.000,4 - Buses
102,Overnight,2026-02-13T00:00:00.000,5 - Motorcycles
52371,Overnight,2026-02-13T00:00:00.000,TLC Taxi/FHV
236374,Peak,2026-02-13T00:00:00.000,"1 - Cars, Pickups and Vans"
17985,Peak,2026-02-13T00:00:00.000,2 - Single-Unit Trucks
781,Peak,2026-02-13T00:00:00.000,3 - Multi-Unit Trucks
8230,Peak,2026-02-13T00:00:00.000,4 - Buses
687,Peak,2026-02-13T00:00:00.000,5 - Motorcycles
133425,Peak,2026-02-13T00:00:00.000,TLC Taxi/FHV
88292,Overnight,2026-02-14T00:00:00.000,"1 - Cars, Pickups and Vans"
4346,Overnight,2026-02-14T00:00:00.000,2 - Single-Unit Trucks
325,Overnight,2026-02-14T00:00:00.000,3 - Multi-Unit Trucks
1499,Overnight,2026-02-14T00:00:00.000,4 - Buses
156,Overnight,2026-02-14T00:00:00.000,5 - Motorcycles
85115,Overnight,2026-02-14T00:00:00.000,TLC Taxi/FHV
188736,Peak,2026-02-14T00:00:00.000,"1 - Cars, Pickups and Vans"
4504,Peak,2026-02-14T00:00:00.000,2 - Single-Unit Trucks
155,Peak,2026-02-14T00:00:00.000,3 - Multi-Unit Trucks
2812,Peak,2026-02-14T00:00:00.000,4 - Buses
625,Peak,2026-02-14T00:00:00.000,5 - Motorcycles
108418,Peak,2026-02-14T00:00:00.000,TLC Taxi/FHV
68853,Overnight,2026-02-15T00:00:00.000,"1 - Cars, Pickups and Vans"
2103,Overnight,2026-02-15T00:00:00.000,2 - Single-Unit Trucks
156,Overnight,2026-02-15T00:00:00.000,3 - Multi-Unit Trucks
1116,Overnight,2026-02-15T00:00:00.000,4 - Buses
123,Overnight,2026-02-15T00:00:00.000,5 - Motorcycles
73012,Overnight,2026-02-15T00:00:00.000,TLC Taxi/FHV
178895,Peak,2026-02-15T00:00:00.000,"1 - Cars, Pickups and Vans"
2808,Peak,2026-02-15T00:00:00.000,2 - Single-Unit Trucks
111,Peak,2026-02-15T00:00:00.000,3 - Multi-Unit Trucks
2541,Peak,2026-02-15T00:00:00.000,4 - Buses
476,Peak,2026-02-15T00:00:00.000,5 - Motorcycles
97307,Peak,2026-02-15T00:00:00.000,TLC Taxi/FHV
34038,Overnight,2026-02-16T00:00:00.000,"1 - Cars, Pickups and Vans"
1878,Overnight,2026-02-16T00:00:00.000,2 - Single-Unit Trucks
163,Overnight,2026-02-16T00:00:00.000,3 - Multi-Unit Trucks
684,Overnight,2026-02-16T00:00:00.000,4 - Buses
84,Overnight,2026-02-16T00:00:00.000,5 - Motorcycles
34331,Overnight,2026-02-16T00:00:00.000,TLC Taxi/FHV
184980,Peak,2026-02-16T00:00:00.000,"1 - Cars, Pickups and Vans"
11456,Peak,2026-02-16T00:00:00.000,2 - Single-Unit Trucks
492,Peak,2026-02-16T00:00:00.000,3 - Multi-Unit Trucks
4718,Peak,2026-02-16T00:00:00.000,4 - Buses
524,Peak,2026-02-16T00:00:00.000,5 - Motorcycles
115377,Peak,2026-02-16T00:00:00.000,TLC Taxi/FHV
34429,Overnight,2026-02-17T00:00:00.000,"1 - Cars, Pickups and Vans"
2423,Overnight,2026-02-17T00:00:00.000,2 - Single-Unit Trucks
269,Overnight,2026-02-17T00:00:00.000,3 - Multi-Unit Trucks
746,Overnight,2026-02-17T00:00:00.000,4 - Buses
105,Overnight,2026-02-17T00:00:00.000,5 - Motorcycles
37949,Overnight,2026-02-17T00:00:00.000,TLC Taxi/FHV
224100,Peak,2026-02-17T00:00:00.000,"1 - Cars, Pickups and Vans"
17546,Peak,2026-02-17T00:00:00.000,2 - Single-Unit Trucks
802,Peak,2026-02-17T00:00:00.000,3 - Multi-Unit Trucks
6711,Peak,2026-02-17T00:00:00.000,4 - Buses
769,Peak,2026-02-17T00:00:00.000,5 - Motorcycles
131106,Peak,2026-02-17T00:00:00.000,TLC Taxi/FHV
34298,Overnight,2026-02-18T00:00:00.000,"1 - Cars, Pickups and Vans"
2632,Overnight,2026-02-18T00:00:00.000,2 - Single-Unit Trucks
278,Overnight,2026-02-18T00:00:00.000,3 - Multi-Unit Trucks
750,Overnight,2026-02-18T00:00:00.000,4 - Buses
87,Overnight,2026-02-18T00:00:00.000,5 - Motorcycles
41498,Overnight,2026-02-18T00:00:00.000,TLC Taxi/FHV
218678,Peak,2026-02-18T00:00:00.000,"1 - Cars, Pickups and Vans"
17671,Peak,2026-02-18T00:00:00.000,2 - Single-Unit Trucks
763,Peak,2026-02-18T00:00:00.000,3 - Multi-Unit Trucks
7052,Peak,2026-02-18T00:00:00.000,4 - Buses
638,Peak,2026-02-18T00:00:00.000,5 - Motorcycles
131562,Peak,2026-02-18T00:00:00.000,TLC Taxi/FHV
36921,Overnight,2026-02-19T00:00:00.000,"1 - Cars, Pickups and Vans"
2675,Overnight,2026-02-19T00:00:00.000,2 - Single-Unit Trucks
253,Overnight,2026-02-19T00:00:00.000,3 - Multi-Unit Trucks
767,Overnight,2026-02-19T00:00:00.000,4 - Buses
105,Overnight,2026-02-19T00:00:00.000,5 - Motorcycles
47138,Overnight,2026-02-19T00:00:00.000,TLC Taxi/FHV
226124,Peak,2026-02-19T00:00:00.000,"1 - Cars, Pickups and Vans"
18083,Peak,2026-02-19T00:00:00.000,2 - Single-Unit Trucks
818,Peak,2026-02-19T00:00:00.000,3 - Multi-Unit Trucks
7131,Peak,2026-02-19T00:00:00.000,4 - Buses
725,Peak,2026-02-19T00:00:00.000,5 - Motorcycles
139691,Peak,2026-02-19T00:00:00.000,TLC Taxi/FHV
42022,Overnight,2026-02-20T00:00:00.000,"1 - Cars, Pickups and Vans"
2737,Overnight,2026-02-20T00:00:00.000,2 - Single-Unit Trucks
290,Overnight,2026-02-20T00:00:00.000,3 - Multi-Unit Trucks
755,Overnight,2026-02-20T00:00:00.000,4 - Buses
103,Overnight,2026-02-20T00:00:00.000,5 - Motorcycles
50331,Overnight,2026-02-20T00:00:00.000,TLC Taxi/FHV
221807,Peak,2026-02-20T00:00:00.000,"1 - Cars, Pickups and Vans"
17367,Peak,2026-02-20T00:00:00.000,2 - Single-Unit Trucks
754,Peak,2026-02-20T00:00:00.000,3 - Multi-Unit Trucks
6711,Peak,2026-02-20T00:00:00.000,4 - Buses
517,Peak,2026-02-20T00:00:00.000,5 - Motorcycles
138922,Peak,2026-02-20T00:00:00.000,TLC Taxi/FHV
89251,Overnight,2026-02-21T00:00:00.000,"1 - Cars, Pickups and Vans"
4663,Overnight,2026-02-21T00:00:00.000,2 - Single-Unit Trucks
336,Overnight,2026-02-21T00:00:00.000,3 - Multi-Unit Trucks
1519,Overnight,2026-02-21T00:00:00.000,4 - Buses
208,Overnight,2026-02-21T00:00:00.000,5 - Motorcycles
83387,Overnight,2026-02-21T00:00:00.000,TLC Taxi/FHV
188480,Peak,2026-02-21T00:00:00.000,"1 - Cars, Pickups and Vans"
4734,Peak,2026-02-21T00:00:00.000,2 - Single-Unit Trucks
181,Peak,2026-02-21T00:00:00.000,3 - Multi-Unit Trucks
2864,Peak,2026-02-21T00:00:00.000,4 - Buses
714,Peak,2026-02-21T00:00:00.000,5 - Motorcycles
110236,Peak,2026-02-21T00:00:00.000,TLC Taxi/FHV
47782,Overnight,2026-02-22T00:00:00.000,"1 - Cars, Pickups and Vans"
1804,Overnight,2026-02-22T00:00:00.000,2 - Single-Unit Trucks
121,Overnight,2026-02-22T00:00:00.000,3 - Multi-Unit Trucks
901,Overnight,2026-02-22T00:00:00.000,4 - Buses
106,Overnight,2026-02-22T00:00:00.000,5 - Motorcycles
64005,Overnight,2026-02-22T00:00:00.000,TLC Taxi/FHV
92320,Peak,2026-02-22T00:00:00.000,"1 - Cars, Pickups and Vans"
2496,Peak,2026-02-22T00:00:00.000,2 - Single-Unit Trucks
86,Peak,2026-02-22T00:00:00.000,3 - Multi-Unit Trucks
1850,Peak,2026-02-22T00:00:00.000,4 - Buses
186,Peak,2026-02-22T00:00:00.000,5 - Motorcycles
72011,Peak,2026-02-22T00:00:00.000,TLC Taxi/FHV
8214,Overnight,2026-02-23T00:00:00.000,"1 - Cars, Pickups and Vans"
579,Overnight,2026-02-23T00:00:00.000,2 - Single-Unit Trucks
37,Overnight,2026-02-23T00:00:00.000,3 - Multi-Unit Trucks
321,Overnight,2026-02-23T00:00:00.000,4 - Buses
21,Overnight,2026-02-23T00:00:00.000,5 - Motorcycles
7592,Overnight,2026-02-23T00:00:00.000,TLC Taxi/FHV
25169,Peak,2026-02-23T00:00:00.000,"1 - Cars, Pickups and Vans"
1640,Peak,2026-02-23T00:00:00.000,2 - Single-Unit Trucks
61,Peak,2026-02-23T00:00:00.000,3 - Multi-Unit Trucks
1876,Peak,2026-02-23T00:00:00.000,4 - Buses
54,Peak,2026-02-23T00:00:00.000,5 - Motorcycles
18603,Peak,2026-02-23T00:00:00.000,TLC Taxi/FHV
24431,Overnight,2026-02-24T00:00:00.000,"1 - Cars, Pickups and Vans"
1858,Overnight,2026-02-24T00:00:00.000,2 - Single-Unit Trucks
128,Overnight,2026-02-24T00:00:00.000,3 - Multi-Unit Trucks
560,Overnight,2026-02-24T00:00:00.000,4 - Buses
54,Overnight,2026-02-24T00:00:00.000,5 - Motorcycles
29288,Overnight,2026-02-24T00:00:00.000,TLC Taxi/FHV
162972,Peak,2026-02-24T00:00:00.000,"1 - Cars, Pickups and Vans"
12699,Peak,2026-02-24T00:00:00.000,2 - Single-Unit Trucks
591,Peak,2026-02-24T00:00:00.000,3 - Multi-Unit Trucks
6271,Peak,2026-02-24T00:00:00.000,4 - Buses
395,Peak,2026-02-24T00:00:00.000,5 - Motorcycles
118395,Peak,2026-02-24T00:00:00.000,TLC Taxi/FHV
32932,Overnight,2026-02-25T00:00:00.000,"1 - Cars, Pickups and Vans"
2612,Overnight,2026-02-25T00:00:00.000,2 - Single-Unit Trucks
241,Overnight,2026-02-25T00:00:00.000,3 - Multi-Unit Trucks
740,Overnight,2026-02-25T00:00:00.000,4 - Buses
68,Overnight,2026-02-25T00:00:00.000,5 - Motorcycles
43533,Overnight,2026-02-25T00:00:00.000,TLC Taxi/FHV
195166,Peak,2026-02-25T00:00:00.000,"1 - Cars, Pickups and Vans"
17044,Peak,2026-02-25T00:00:00.000,2 - Single-Unit Trucks
719,Peak,2026-02-25T00:00:00.000,3 - Multi-Unit Trucks
8153,Peak,2026-02-25T00:00:00.000,4 - Buses
496,Peak,2026-02-25T00:00:00.000,5 - Motorcycles
125334,Peak,2026-02-25T00:00:00.000,TLC Taxi/FHV
35911,Overnight,2026-02-26T00:00:00.000,"1 - Cars, Pickups and Vans"
2670,Overnight,2026-02-26T00:00:00.000,2 - Single-Unit Trucks
260,Overnight,2026-02-26T00:00:00.000,3 - Multi-Unit Trucks
747,Overnight,2026-02-26T00:00:00.000,4 - Buses
108,Overnight,2026-02-26T00:00:00.000,5 - Motorcycles
48912,Overnight,2026-02-26T00:00:00.000,TLC Taxi/FHV
222237,Peak,2026-02-26T00:00:00.000,"1 - Cars, Pickups and Vans"
18328,Peak,2026-02-26T00:00:00.000,2 - Single-Unit Trucks
783,Peak,2026-02-26T00:00:00.000,3 - Multi-Unit Trucks
8541,Peak,2026-02-26T00:00:00.000,4 - Buses
636,Peak,2026-02-26T00:00:00.000,5 - Motorcycles
133583,Peak,2026-02-26T00:00:00.000,TLC Taxi/FHV
43078,Overnight,2026-02-27T00:00:00.000,"1 - Cars, Pickups and Vans"
2744,Overnight,2026-02-27T00:00:00.000,2 - Single-Unit Trucks
276,Overnight,2026-02-27T00:00:00.000,3 - Multi-Unit Trucks
811,Overnight,2026-02-27T00:00:00.000,4 - Buses
112,Overnight,2026-02-27T00:00:00.000,5 - Motorcycles
51065,Overnight,2026-02-27T00:00:00.000,TLC Taxi/FHV
226576,Peak,2026-02-27T00:00:00.000,"1 - Cars, Pickups and Vans"
18797,Peak,2026-02-27T00:00:00.000,2 - Single-Unit Trucks
840,Peak,2026-02-27T00:00:00.000,3 - Multi-Unit Trucks
8077,Peak,2026-02-27T00:00:00.000,4 - Buses
689,Peak,2026-02-27T00:00:00.000,5 - Motorcycles
128395,Peak,2026-02-27T00:00:00.000,TLC Taxi/FHV
87544,Overnight,2026-02-28T00:00:00.000,"1 - Cars, Pickups and Vans"
4780,Overnight,2026-02-28T00:00:00.000,2 - Single-Unit Trucks
368,Overnight,2026-02-28T00:00:00.000,3 - Multi-Unit Trucks
1458,Overnight,2026-02-28T00:00:00.000,4 - Buses
220,Overnight,2026-02-28T00:00:00.000,5 - Motorcycles
84317,Overnight,2026-02-28T00:00:00.000,TLC Taxi/FHV
182704,Peak,2026-02-28T00:00:00.000,"1 - Cars, Pickups and Vans"
5163,Peak,2026-02-28T00:00:00.000,2 - Single-Unit Trucks
230,Peak,2026-02-28T00:00:00.000,3 - Multi-Unit Trucks
2819,Peak,2026-02-28T00:00:00.000,4 - Buses
682,Peak,2026-02-28T00:00:00.000,5 - Motorcycles
102911,Peak,2026-02-28T00:00:00.000,TLC Taxi/FHV
70022,Overnight,2026-03-01T00:00:00.000,"1 - Cars, Pickups and Vans"
2467,Overnight,2026-03-01T00:00:00.000,2 - Single-Unit Trucks
184,Overnight,2026-03-01T00:00:00.000,3 - Multi-Unit Trucks
1076,Overnight,2026-03-01T00:00:00.000,4 - Buses
171,Overnight,2026-03-01T00:00:00.000,5 - Motorcycles
75962,Overnight,2026-03-01T00:00:00.000,TLC Taxi/FHV
165073,Peak,2026-03-01T00:00:00.000,"1 - Cars, Pickups and Vans"
3347,Peak,2026-03-01T00:00:00.000,2 - Single-Unit Trucks
140,Peak,2026-03-01T00:00:00.000,3 - Multi-Unit Trucks
2520,Peak,2026-03-01T00:00:00.000,4 - Buses
478,Peak,2026-03-01T00:00:00.000,5 - Motorcycles
98202,Peak,2026-03-01T00:00:00.000,TLC Taxi/FHV
33976,Overnight,2026-03-02T00:00:00.000,"1 - Cars, Pickups and Vans"
2549,Overnight,2026-03-02T00:00:00.000,2 - Single-Unit Trucks
245,Overnight,2026-03-02T00:00:00.000,3 - Multi-Unit Trucks
709,Overnight,2026-03-02T00:00:00.000,4 - Buses
74,Overnight,2026-03-02T00:00:00.000,5 - Motorcycles
36633,Overnight,2026-03-02T00:00:00.000,TLC Taxi/FHV
222248,Peak,2026-03-02T00:00:00.000,"1 - Cars, Pickups and Vans"
17938,Peak,2026-03-02T00:00:00.000,2 - Single-Unit Trucks
753,Peak,2026-03-02T00:00:00.000,3 - Multi-Unit Trucks
8384,Peak,2026-03-02T00:00:00.000,4 - Buses
609,Peak,2026-03-02T00:00:00.000,5 - Motorcycles
130739,Peak,2026-03-02T00:00:00.000,TLC Taxi/FHV
34011,Overnight,2026-03-03T00:00:00.000,"1 - Cars, Pickups and Vans"
2685,Overnight,2026-03-03T00:00:00.000,2 - Single-Unit Trucks
280,Overnight,2026-03-03T00:00:00.000,3 - Multi-Unit Trucks
820,Overnight,2026-03-03T00:00:00.000,4 - Buses
77,Overnight,2026-03-03T00:00:00.000,5 - Motorcycles
41997,Overnight,2026-03-03T00:00:00.000,TLC Taxi/FHV
219287,Peak,2026-03-03T00:00:00.000,"1 - Cars, Pickups and Vans"
17677,Peak,2026-03-03T00:00:00.000,2 - Single-Unit Trucks
759,Peak,2026-03-03T00:00:00.000,3 - Multi-Unit Trucks
8252,Peak,2026-03-03T00:00:00.000,4 - Buses
454,Peak,2026-03-03T00:00:00.000,5 - Motorcycles
135577,Peak,2026-03-03T00:00:00.000,TLC Taxi/FHV
35042,Overnight,2026-03-04T00:00:00.000,"1 - Cars, Pickups and Vans"
2734,Overnight,2026-03-04T00:00:00.000,2 - Single-Unit Trucks
281,Overnight,2026-03-04T00:00:00.000,3 - Multi-Unit Trucks
845,Overnight,2026-03-04T00:00:00.000,4 - Buses
103,Overnight,2026-03-04T00:00:00.000,5 - Motorcycles
47101,Overnight,2026-03-04T00:00:00.000,TLC Taxi/FHV
231156,Peak,2026-03-04T00:00:00.000,"1 - Cars, Pickups and Vans"
18635,Peak,2026-03-04T00:00:00.000,2 - Single-Unit Trucks
850,Peak,2026-03-04T00:00:00.000,3 - Multi-Unit Trucks
8653,Peak,2026-03-04T00:00:00.000,4 - Buses
869,Peak,2026-03-04T00:00:00.000,5 - Motorcycles
140258,Peak,2026-03-04T00:00:00.000,TLC Taxi/FHV
36413,Overnight,2026-03-05T00:00:00.000,"1 - Cars, Pickups and Vans"
2745,Overnight,2026-03-05T00:00:00.000,2 - Single-Unit Trucks
274,Overnight,2026-03-05T00:00:00.000,3 - Multi-Unit Trucks
774,Overnight,2026-03-05T00:00:00.000,4 - Buses
83,Overnight,2026-03-05T00:00:00.000,5 - Motorcycles
50788,Overnight,2026-03-05T00:00:00.000,TLC Taxi/FHV
228304,Peak,2026-03-05T00:00:00.000,"1 - Cars, Pickups and Vans"
17587,Peak,2026-03-05T00:00:00.000,2 - Single-Unit Trucks
805,Peak,2026-03-05T00:00:00.000,3 - Multi-Unit Trucks
8112,Peak,2026-03-05T00:00:00.000,4 - Buses
542,Peak,2026-03-05T00:00:00.000,5 - Motorcycles
141322,Peak,2026-03-05T00:00:00.000,TLC Taxi/FHV
42889,Overnight,2026-03-06T00:00:00.000,"1 - Cars, Pickups and Vans"
2669,Overnight,2026-03-06T00:00:00.000,2 - Single-Unit Trucks
269,Overnight,2026-03-06T00:00:00.000,3 - Multi-Unit Trucks
783,Overnight,2026-03-06T00:00:00.000,4 - Buses
114,Overnight,2026-03-06T00:00:00.000,5 - Motorcycles
52257,Overnight,2026-03-06T00:00:00.000,TLC Taxi/FHV
232652,Peak,2026-03-06T00:00:00.000,"1 - Cars, Pickups and Vans"
18834,Peak,2026-03-06T00:00:00.000,2 - Single-Unit Trucks
864,Peak,2026-03-06T00:00:00.000,3 - Multi-Unit Trucks
8206,Peak,2026-03-06T00:00:00.000,4 - Buses
852,Peak,2026-03-06T00:00:00.000,5 - Motorcycles
135975,Peak,2026-03-06T00:00:00.000,TLC Taxi/FHV
89013,Overnight,2026-03-07T00:00:00.000,"1 - Cars, Pickups and Vans"
4372,Overnight,2026-03-07T00:00:00.000,2 - Single-Unit Trucks
326,Overnight,2026-03-07T00:00:00.000,3 - Multi-Unit Trucks
1334,Overnight,2026-03-07T00:00:00.000,4 - Buses
229,Overnight,2026-03-07T00:00:00.000,5 - Motorcycles
86262,Overnight,2026-03-07T00:00:00.000,TLC Taxi/FHV
188473,Peak,2026-03-07T00:00:00.000,"1 - Cars, Pickups and Vans"
4655,Peak,2026-03-07T00:00:00.000,2 - Single-Unit Trucks
210,Peak,2026-03-07T00:00:00.000,3 - Multi-Unit Trucks
3040,Peak,2026-03-07T00:00:00.000,4 - Buses
696,Peak,2026-03-07T00:00:00.000,5 - Motorcycles
110437,Peak,2026-03-07T00:00:00.000,TLC Taxi/FHV
71868,Overnight,2026-03-08T00:00:00.000,"1 - Cars, Pickups and Vans"
2135,Overnight,2026-03-08T00:00:00.000,2 - Single-Unit Trucks
194,Overnight,2026-03-08T00:00:00.000,3 - Multi-Unit Trucks
1115,Overnight,2026-03-08T00:00:00.000,4 - Buses
216,Overnight,2026-03-08T00:00:00.000,5 - Motorcycles
74794,Overnight,2026-03-08T00:00:00.000,TLC Taxi/FHV
177805,Peak,2026-03-08T00:00:00.000,"1 - Cars, Pickups and Vans"
2880,Peak,2026-03-08T00:00:00.000,2 - Single-Unit Trucks
148,Peak,2026-03-08T00:00:00.000,3 - Multi-Unit Trucks
2598,Peak,2026-03-08T00:00:00.000,4 - Buses
756,Peak,2026-03-08T00:00:00.000,5 - Motorcycles
98125,Peak,2026-03-08T00:00:00.000,TLC Taxi/FHV
38249,Overnight,2026-03-09T00:00:00.000,"1 - Cars, Pickups and Vans"
2678,Overnight,2026-03-09T00:00:00.000,2 - Single-Unit Trucks
260,Overnight,2026-03-09T00:00:00.000,3 - Multi-Unit Trucks
722,Overnight,2026-03-09T00:00:00.000,4 - Buses
164,Overnight,2026-03-09T00:00:00.000,5 - Motorcycles
39233,Overnight,2026-03-09T00:00:00.000,TLC Taxi/FHV
225403,Peak,2026-03-09T00:00:00.000,"1 - Cars, Pickups and Vans"
18030,Peak,2026-03-09T00:00:00.000,2 - Single-Unit Trucks
817,Peak,2026-03-09T00:00:00.000,3 - Multi-Unit Trucks
8580,Peak,2026-03-09T00:00:00.000,4 - Buses
1124,Peak,2026-03-09T00:00:00.000,5 - Motorcycles
128260,Peak,2026-03-09T00:00:00.000,TLC Taxi/FHV
37625,Overnight,2026-03-10T00:00:00.000,"1 - Cars, Pickups and Vans"
2908,Overnight,2026-03-10T00:00:00.000,2 - Single-Unit Trucks
305,Overnight,2026-03-10T00:00:00.000,3 - Multi-Unit Trucks
841,Overnight,2026-03-10T00:00:00.000,4 - Buses
172,Overnight,2026-03-10T00:00:00.000,5 - Motorcycles
44647,Overnight,2026-03-10T00:00:00.000,TLC Taxi/FHV
231736,Peak,2026-03-10T00:00:00.000,"1 - Cars, Pickups and Vans"
18587,Peak,2026-03-10T00:00:00.000,2 - Single-Unit Trucks
819,Peak,2026-03-10T00:00:00.000,3 - Multi-Unit Trucks
8611,Peak,2026-03-10T00:00:00.000,4 - Buses
1226,Peak,2026-03-10T00:00:00.000,5 - Motorcycles
130820,Peak,2026-03-10T00:00:00.000,TLC Taxi/FHV
37425,Overnight,2026-03-11T00:00:00.000,"1 - Cars, Pickups and Vans"
2824,Overnight,2026-03-11T00:00:00.000,2 - Single-Unit Trucks
302,Overnight,2026-03-11T00:00:00.000,3 - Multi-Unit Trucks
816,Overnight,2026-03-11T00:00:00.000,4 - Buses
150,Overnight,2026-03-11T00:00:00.000,5 - Motorcycles
49220,Overnight,2026-03-11T00:00:00.000,TLC Taxi/FHV
231693,Peak,2026-03-11T00:00:00.000,"1 - Cars, Pickups and Vans"
18749,Peak,2026-03-11T00:00:00.000,2 - Single-Unit Trucks
867,Peak,2026-03-11T00:00:00.000,3 - Multi-Unit Trucks
8529,Peak,2026-03-11T00:00:00.000,4 - Buses
1196,Peak,2026-03-11T00:00:00.000,5 - Motorcycles
137877,Peak,2026-03-11T00:00:00.000,TLC Taxi/FHV
38124,Overnight,2026-03-12T00:00:00.000,"1 - Cars, Pickups and Vans"
2884,Overnight,2026-03-12T00:00:00.000,2 - Single-Unit Trucks
311,Overnight,2026-03-12T00:00:00.000,3 - Multi-Unit Trucks
909,Overnight,2026-03-12T00:00:00.000,4 - Buses
123,Overnight,2026-03-12T00:00:00.000,5 - Motorcycles
53930,Overnight,2026-03-12T00:00:00.000,TLC Taxi/FHV
230677,Peak,2026-03-12T00:00:00.000,"1 - Cars, Pickups and Vans"
18530,Peak,2026-03-12T00:00:00.000,2 - Single-Unit Trucks
857,Peak,2026-03-12T00:00:00.000,3 - Multi-Unit Trucks
8153,Peak,2026-03-12T00:00:00.000,4 - Buses
656,Peak,2026-03-12T00:00:00.000,5 - Motorcycles
138033,Peak,2026-03-12T00:00:00.000,TLC Taxi/FHV
45677,Overnight,2026-03-13T00:00:00.000,"1 - Cars, Pickups and Vans"
2829,Overnight,2026-03-13T00:00:00.000,2 - Single-Unit Trucks
329,Overnight,2026-03-13T00:00:00.000,3 - Multi-Unit Trucks
879,Overnight,2026-03-13T00:00:00.000,4 - Buses
132,Overnight,2026-03-13T00:00:00.000,5 - Motorcycles
55555,Overnight,2026-03-13T00:00:00.000,TLC Taxi/FHV
234307,Peak,2026-03-13T00:00:00.000,"1 - Cars, Pickups and Vans"
19075,Peak,2026-03-13T00:00:00.000,2 - Single-Unit Trucks
905,Peak,2026-03-13T00:00:00.000,3 - Multi-Unit Trucks
8146,Peak,2026-03-13T00:00:00.000,4 - Buses
907,Peak,2026-03-13T00:00:00.000,5 - Motorcycles
135202,Peak,2026-03-13T00:00:00.000,TLC Taxi/FHV
90989,Overnight,2026-03-14T00:00:00.000,"1 - Cars, Pickups and Vans"
4475,Overnight,2026-03-14T00:00:00.000,2 - Single-Unit Trucks
371,Overnight,2026-03-14T00:00:00.000,3 - Multi-Unit Trucks
1465,Overnight,2026-03-14T00:00:00.000,4 - Buses
249,Overnight,2026-03-14T00:00:00.000,5 - Motorcycles
89199,Overnight,2026-03-14T00:00:00.000,TLC Taxi/FHV
189143,Peak,2026-03-14T00:00:00.000,"1 - Cars, Pickups and Vans"
4792,Peak,2026-03-14T00:00:00.000,2 - Single-Unit Trucks
213,Peak,2026-03-14T00:00:00.000,3 - Multi-Unit Trucks
3030,Peak,2026-03-14T00:00:00.000,4 - Buses
754,Peak,2026-03-14T00:00:00.000,5 - Motorcycles
112696,Peak,2026-03-14T00:00:00.000,TLC Taxi/FHV
76225,Overnight,2026-03-15T00:00:00.000,"1 - Cars, Pickups and Vans"
2450,Overnight,2026-03-15T00:00:00.000,2 - Single-Unit Trucks
171,Overnight,2026-03-15T00:00:00.000,3 - Multi-Unit Trucks
1277,Overnight,2026-03-15T00:00:00.000,4 - Buses
213,Overnight,2026-03-15T00:00:00.000,5 - Motorcycles
79272,Overnight,2026-03-15T00:00:00.000,TLC Taxi/FHV
175765,Peak,2026-03-15T00:00:00.000,"1 - Cars, Pickups and Vans"
3130,Peak,2026-03-15T00:00:00.000,2 - Single-Unit Trucks
160,Peak,2026-03-15T00:00:00.000,3 - Multi-Unit Trucks
2851,Peak,2026-03-15T00:00:00.000,4 - Buses
683,Peak,2026-03-15T00:00:00.000,5 - Motorcycles
100413,Peak,2026-03-15T00:00:00.000,TLC Taxi/FHV
34962,Overnight,2026-03-16T00:00:00.000,"1 - Cars, Pickups and Vans"
2451,Overnight,2026-03-16T00:00:00.000,2 - Single-Unit Trucks
267,Overnight,2026-03-16T00:00:00.000,3 - Multi-Unit Trucks
706,Overnight,2026-03-16T00:00:00.000,4 - Buses
69,Overnight,2026-03-16T00:00:00.000,5 - Motorcycles
39344,Overnight,2026-03-16T00:00:00.000,TLC Taxi/FHV
216086,Peak,2026-03-16T00:00:00.000,"1 - Cars, Pickups and Vans"
17782,Peak,2026-03-16T00:00:00.000,2 - Single-Unit Trucks
830,Peak,2026-03-16T00:00:00.000,3 - Multi-Unit Trucks
8531,Peak,2026-03-16T00:00:00.000,4 - Buses
550,Peak,2026-03-16T00:00:00.000,5 - Motorcycles
132061,Peak,2026-03-16T00:00:00.000,TLC Taxi/FHV
36233,Overnight,2026-03-17T00:00:00.000,"1 - Cars, Pickups and Vans"
2814,Overnight,2026-03-17T00:00:00.000,2 - Single-Unit Trucks
293,Overnight,2026-03-17T00:00:00.000,3 - Multi-Unit Trucks
742,Overnight,2026-03-17T00:00:00.000,4 - Buses
90,Overnight,2026-03-17T00:00:00.000,5 - Motorcycles
44800,Overnight,2026-03-17T00:00:00.000,TLC Taxi/FHV
226395,Peak,2026-03-17T00:00:00.000,"1 - Cars, Pickups and Vans"
18427,Peak,2026-03-17T00:00:00.000,2 - Single-Unit Trucks
842,Peak,2026-03-17T00:00:00.000,3 - Multi-Unit Trucks
8786,Peak,2026-03-17T00:00:00.000,4 - Buses
840,Peak,2026-03-17T00:00:00.000,5 - Motorcycles
130110,Peak,2026-03-17T00:00:00.000,TLC Taxi/FHV
38575,Overnight,2026-03-18T00:00:00.000,"1 - Cars, Pickups and Vans"
2759,Overnight,2026-03-18T00:00:00.000,2 - Single-Unit Trucks
265,Overnight,2026-03-18T00:00:00.000,3 - Multi-Unit Trucks
812,Overnight,2026-03-18T00:00:00.000,4 - Buses
131,Overnight,2026-03-18T00:00:00.000,5 - Motorcycles
52668,Overnight,2026-03-18T00:00:00.000,TLC Taxi/FHV
235807,Peak,2026-03-18T00:00:00.000,"1 - Cars, Pickups and Vans"
19114,Peak,2026-03-18T00:00:00.000,2 - Single-Unit Trucks
888,Peak,2026-03-18T00:00:00.000,3 - Multi-Unit Trucks
8983,Peak,2026-03-18T00:00:00.000,4 - Buses
866,Peak,2026-03-18T00:00:00.000,5 - Motorcycles
139395,Peak,2026-03-18T00:00:00.000,TLC Taxi/FHV
39915,Overnight,2026-03-19T00:00:00.000,"1 - Cars, Pickups and Vans"
2931,Overnight,2026-03-19T00:00:00.000,2 - Single-Unit Trucks
333,Overnight,2026-03-19T00:00:00.000,3 - Multi-Unit Trucks
846,Overnight,2026-03-19T00:00:00.000,4 - Buses
125,Overnight,2026-03-19T00:00:00.000,5 - Motorcycles
52152,Overnight,2026-03-19T00:00:00.000,TLC Taxi/FHV
235321,Peak,2026-03-19T00:00:00.000,"1 - Cars, Pickups and Vans"
18843,Peak,2026-03-19T00:00:00.000,2 - Single-Unit Trucks
915,Peak,2026-03-19T00:00:00.000,3 - Multi-Unit Trucks
8341,Peak,2026-03-19T00:00:00.000,4 - Buses
910,Peak,2026-03-19T00:00:00.000,5 - Motorcycles
140810,Peak,2026-03-19T00:00:00.000,TLC Taxi/FHV
47888,Overnight,2026-03-20T00:00:00.000,"1 - Cars, Pickups and Vans"
2783,Overnight,2026-03-20T00:00:00.000,2 - Single-Unit Trucks
297,Overnight,2026-03-20T00:00:00.000,3 - Multi-Unit Trucks
795,Overnight,2026-03-20T00:00:00.000,4 - Buses
111,Overnight,2026-03-20T00:00:00.000,5 - Motorcycles
49248,Overnight,2026-03-20T00:00:00.000,TLC Taxi/FHV
232825,Peak,2026-03-20T00:00:00.000,"1 - Cars, Pickups and Vans"
18591,Peak,2026-03-20T00:00:00.000,2 - Single-Unit Trucks
876,Peak,2026-03-20T00:00:00.000,3 - Multi-Unit Trucks
6784,Peak,2026-03-20T00:00:00.000,4 - Buses
932,Peak,2026-03-20T00:00:00.000,5 - Motorcycles
126372,Peak,2026-03-20T00:00:00.000,TLC Taxi/FHV
90774,Overnight,2026-03-21T00:00:00.000,"1 - Cars, Pickups and Vans"
4636,Overnight,2026-03-21T00:00:00.000,2 - Single-Unit Trucks
366,Overnight,2026-03-21T00:00:00.000,3 - Multi-Unit Trucks
1362,Overnight,2026-03-21T00:00:00.000,4 - Buses
275,Overnight,2026-03-21T00:00:00.000,5 - Motorcycles
83251,Overnight,2026-03-21T00:00:00.000,TLC Taxi/FHV
185089,Peak,2026-03-21T00:00:00.000,"1 - Cars, Pickups and Vans"
4818,Peak,2026-03-21T00:00:00.000,2 - Single-Unit Trucks
226,Peak,2026-03-21T00:00:00.000,3 - Multi-Unit Trucks
3180,Peak,2026-03-21T00:00:00.000,4 - Buses
941,Peak,2026-03-21T00:00:00.000,5 - Motorcycles
107917,Peak,2026-03-21T00:00:00.000,TLC Taxi/FHV
73867,Overnight,2026-03-22T00:00:00.000,"1 - Cars, Pickups and Vans"
2233,Overnight,2026-03-22T00:00:00.000,2 - Single-Unit Trucks
191,Overnight,2026-03-22T00:00:00.000,3 - Multi-Unit Trucks
1147,Overnight,2026-03-22T00:00:00.000,4 - Buses
211,Overnight,2026-03-22T00:00:00.000,5 - Motorcycles
78456,Overnight,2026-03-22T00:00:00.000,TLC Taxi/FHV
185030,Peak,2026-03-22T00:00:00.000,"1 - Cars, Pickups and Vans"
2983,Peak,2026-03-22T00:00:00.000,2 - Single-Unit Trucks
155,Peak,2026-03-22T00:00:00.000,3 - Multi-Unit Trucks
2693,Peak,2026-03-22T00:00:00.000,4 - Buses
718,Peak,2026-03-22T00:00:00.000,5 - Motorcycles
100435,Peak,2026-03-22T00:00:00.000,TLC Taxi/FHV
35498,Overnight,2026-03-23T00:00:00.000,"1 - Cars, Pickups and Vans"
2575,Overnight,2026-03-23T00:00:00.000,2 - Single-Unit Trucks
280,Overnight,2026-03-23T00:00:00.000,3 - Multi-Unit Trucks
791,Overnight,2026-03-23T00:00:00.000,4 - Buses
99,Overnight,2026-03-23T00:00:00.000,5 - Motorcycles
38800,Overnight,2026-03-23T00:00:00.000,TLC Taxi/FHV
218084,Peak,2026-03-23T00:00:00.000,"1 - Cars, Pickups and Vans"
17981,Peak,2026-03-23T00:00:00.000,2 - Single-Unit Trucks
808,Peak,2026-03-23T00:00:00.000,3 - Multi-Unit Trucks
8095,Peak,2026-03-23T00:00:00.000,4 - Buses
700,Peak,2026-03-23T00:00:00.000,5 - Motorcycles
132350,Peak,2026-03-23T00:00:00.000,TLC Taxi/FHV
36558,Overnight,2026-03-24T00:00:00.000,"1 - Cars, Pickups and Vans"
2877,Overnight,2026-03-24T00:00:00.000,2 - Single-Unit Trucks
303,Overnight,2026-03-24T00:00:00.000,3 - Multi-Unit Trucks
857,Overnight,2026-03-24T00:00:00.000,4 - Buses
116,Overnight,2026-03-24T00:00:00.000,5 - Motorcycles
45249,Overnight,2026-03-24T00:00:00.000,TLC Taxi/FHV
227183,Peak,2026-03-24T00:00:00.000,"1 - Cars, Pickups and Vans"
18711,Peak,2026-03-24T00:00:00.000,2 - Single-Unit Trucks
874,Peak,2026-03-24T00:00:00.000,3 - Multi-Unit Trucks
8157,Peak,2026-03-24T00:00:00.000,4 - Buses
986,Peak,2026-03-24T00:00:00.000,5 - Motorcycles
134780,Peak,2026-03-24T00:00:00.000,TLC Taxi/FHV
37261,Overnight,2026-03-25T00:00:00.000,"1 - Cars, Pickups and Vans"
2948,Overnight,2026-03-25T00:00:00.000,2 - Single-Unit Trucks
327,Overnight,2026-03-25T00:00:00.000,3 - Multi-Unit Trucks
825,Overnight,2026-03-25T00:00:00.000,4 - Buses
130,Overnight,2026-03-25T00:00:00.000,5 - Motorcycles
48175,Overnight,2026-03-25T00:00:00.000,TLC Taxi/FHV
226043,Peak,2026-03-25T00:00:00.000,"1 - Cars, Pickups and Vans"
18762,Peak,2026-03-25T00:00:00.000,2 - Single-Unit Trucks
877,Peak,2026-03-25T00:00:00.000,3 - Multi-Unit Trucks
8315,Peak,2026-03-25T00:00:00.000,4 - Buses
1140,Peak,2026-03-25T00:00:00.000,5 - Motorcycles
140462,Peak,2026-03-25T00:00:00.000,TLC Taxi/FHV
39777,Overnight,2026-03-26T00:00:00.000,"1 - Cars, Pickups and Vans"
2862,Overnight,2026-03-26T00:00:00.000,2 - Single-Unit Trucks
329,Overnight,2026-03-26T00:00:00.000,3 - Multi-Unit Trucks
770,Overnight,2026-03-26T00:00:00.000,4 - Buses
155,Overnight,2026-03-26T00:00:00.000,5 - Motorcycles
54000,Overnight,2026-03-26T00:00:00.000,TLC Taxi/FHV
233311,Peak,2026-03-26T00:00:00.000,"1 - Cars, Pickups and Vans"
19334,Peak,2026-03-26T00:00:00.000,2 - Single-Unit Trucks
869,Peak,2026-03-26T00:00:00.000,3 - Multi-Unit Trucks
8297,Peak,2026-03-26T00:00:00.000,4 - Buses
1274,Peak,2026-03-26T00:00:00.000,5 - Motorcycles
141485,Peak,2026-03-26T00:00:00.000,TLC Taxi/FHV
46076,Overnight,2026-03-27T00:00:00.000,"1 - Cars, Pickups and Vans"
2799,Overnight,2026-03-27T00:00:00.000,2 - Single-Unit Trucks
298,Overnight,2026-03-27T00:00:00.000,3 - Multi-Unit Trucks
784,Overnight,2026-03-27T00:00:00.000,4 - Buses
164,Overnight,2026-03-27T00:00:00.000,5 - Motorcycles
57121,Overnight,2026-03-27T00:00:00.000,TLC Taxi/FHV
229840,Peak,2026-03-27T00:00:00.000,"1 - Cars, Pickups and Vans"
19379,Peak,2026-03-27T00:00:00.000,2 - Single-Unit Trucks
1068,Peak,2026-03-27T00:00:00.000,3 - Multi-Unit Trucks
8139,Peak,2026-03-27T00:00:00.000,4 - Buses
1108,Peak,2026-03-27T00:00:00.000,5 - Motorcycles
138872,Peak,2026-03-27T00:00:00.000,TLC Taxi/FHV
90040,Overnight,2026-03-28T00:00:00.000,"1 - Cars, Pickups and Vans"
4772,Overnight,2026-03-28T00:00:00.000,2 - Single-Unit Trucks
376,Overnight,2026-03-28T00:00:00.000,3 - Multi-Unit Trucks
1613,Overnight,2026-03-28T00:00:00.000,4 - Buses
254,Overnight,2026-03-28T00:00:00.000,5 - Motorcycles
90050,Overnight,2026-03-28T00:00:00.000,TLC Taxi/FHV
184499,Peak,2026-03-28T00:00:00.000,"1 - Cars, Pickups and Vans"
4996,Peak,2026-03-28T00:00:00.000,2 - Single-Unit Trucks
233,Peak,2026-03-28T00:00:00.000,3 - Multi-Unit Trucks
3279,Peak,2026-03-28T00:00:00.000,4 - Buses
739,Peak,2026-03-28T00:00:00.000,5 - Motorcycles
110595,Peak,2026-03-28T00:00:00.000,TLC Taxi/FHV
75474,Overnight,2026-03-29T00:00:00.000,"1 - Cars, Pickups and Vans"
2388,Overnight,2026-03-29T00:00:00.000,2 - Single-Unit Trucks
207,Overnight,2026-03-29T00:00:00.000,3 - Multi-Unit Trucks
1155,Overnight,2026-03-29T00:00:00.000,4 - Buses
214,Overnight,2026-03-29T00:00:00.000,5 - Motorcycles
81062,Overnight,2026-03-29T00:00:00.000,TLC Taxi/FHV
178346,Peak,2026-03-29T00:00:00.000,"1 - Cars, Pickups and Vans"
3332,Peak,2026-03-29T00:00:00.000,2 - Single-Unit Trucks
173,Peak,2026-03-29T00:00:00.000,3 - Multi-Unit Trucks
2740,Peak,2026-03-29T00:00:00.000,4 - Buses
779,Peak,2026-03-29T00:00:00.000,5 - Motorcycles
102968,Peak,2026-03-29T00:00:00.000,TLC Taxi/FHV
35654,Overnight,2026-03-30T00:00:00.000,"1 - Cars, Pickups and Vans"
2551,Overnight,2026-03-30T00:00:00.000,2 - Single-Unit Trucks
285,Overnight,2026-03-30T00:00:00.000,3 - Multi-Unit Trucks
735,Overnight,2026-03-30T00:00:00.000,4 - Buses
167,Overnight,2026-03-30T00:00:00.000,5 - Motorcycles
38507,Overnight,2026-03-30T00:00:00.000,TLC Taxi/FHV
220665,Peak,2026-03-30T00:00:00.000,"1 - Cars, Pickups and Vans"
19026,Peak,2026-03-30T00:00:00.000,2 - Single-Unit Trucks
890,Peak,2026-03-30T00:00:00.000,3 - Multi-Unit Trucks
8170,Peak,2026-03-30T00:00:00.000,4 - Buses
1094,Peak,2026-03-30T00:00:00.000,5 - Motorcycles
134736,Peak,2026-03-30T00:00:00.000,TLC Taxi/FHV
37054,Overnight,2026-03-31T00:00:00.000,"1 - Cars, Pickups and Vans"
2924,Overnight,2026-03-31T00:00:00.000,2 - Single-Unit Trucks
329,Overnight,2026-03-31T00:00:00.000,3 - Multi-Unit Trucks
758,Overnight,2026-03-31T00:00:00.000,4 - Buses
208,Overnight,2026-03-31T00:00:00.000,5 - Motorcycles
42878,Overnight,2026-03-31T00:00:00.000,TLC Taxi/FHV
225291,Peak,2026-03-31T00:00:00.000,"1 - Cars, Pickups and Vans"
19925,Peak,2026-03-31T00:00:00.000,2 - Single-Unit Trucks
931,Peak,2026-03-31T00:00:00.000,3 - Multi-Unit Trucks
8074,Peak,2026-03-31T00:00:00.000,4 - Buses
1308,Peak,2026-03-31T00:00:00.000,5 - Motorcycles
133858,Peak,2026-03-31T00:00:00.000,TLC Taxi/FHV
40295,Overnight,2026-04-01T00:00:00.000,"1 - Cars, Pickups and Vans"
2702,Overnight,2026-04-01T00:00:00.000,2 - Single-Unit Trucks
274,Overnight,2026-04-01T00:00:00.000,3 - Multi-Unit Trucks
642,Overnight,2026-04-01T00:00:00.000,4 - Buses
131,Overnight,2026-04-01T00:00:00.000,5 - Motorcycles
46007,Overnight,2026-04-01T00:00:00.000,TLC Taxi/FHV
222169,Peak,2026-04-01T00:00:00.000,"1 - Cars, Pickups and Vans"
19244,Peak,2026-04-01T00:00:00.000,2 - Single-Unit Trucks
864,Peak,2026-04-01T00:00:00.000,3 - Multi-Unit Trucks
7789,Peak,2026-04-01T00:00:00.000,4 - Buses
1301,Peak,2026-04-01T00:00:00.000,5 - Motorcycles
138169,Peak,2026-04-01T00:00:00.000,TLC Taxi/FHV
40179,Overnight,2026-04-02T00:00:00.000,"1 - Cars, Pickups and Vans"
2640,Overnight,2026-04-02T00:00:00.000,2 - Single-Unit Trucks
301,Overnight,2026-04-02T00:00:00.000,3 - Multi-Unit Trucks
732,Overnight,2026-04-02T00:00:00.000,4 - Buses
140,Overnight,2026-04-02T00:00:00.000,5 - Motorcycles
49057,Overnight,2026-04-02T00:00:00.000,TLC Taxi/FHV
213126,Peak,2026-04-02T00:00:00.000,"1 - Cars, Pickups and Vans"
17704,Peak,2026-04-02T00:00:00.000,2 - Single-Unit Trucks
868,Peak,2026-04-02T00:00:00.000,3 - Multi-Unit Trucks
6379,Peak,2026-04-02T00:00:00.000,4 - Buses
959,Peak,2026-04-02T00:00:00.000,5 - Motorcycles
145757,Peak,2026-04-02T00:00:00.000,TLC Taxi/FHV
44456,Overnight,2026-04-03T00:00:00.000,"1 - Cars, Pickups and Vans"
2511,Overnight,2026-04-03T00:00:00.000,2 - Single-Unit Trucks
280,Overnight,2026-04-03T00:00:00.000,3 - Multi-Unit Trucks
761,Overnight,2026-04-03T00:00:00.000,4 - Buses
167,Overnight,2026-04-03T00:00:00.000,5 - Motorcycles
51106,Overnight,2026-04-03T00:00:00.000,TLC Taxi/FHV
211028,Peak,2026-04-03T00:00:00.000,"1 - Cars, Pickups and Vans"
15340,Peak,2026-04-03T00:00:00.000,2 - Single-Unit Trucks
817,Peak,2026-04-03T00:00:00.000,3 - Multi-Unit Trucks
6176,Peak,2026-04-03T00:00:00.000,4 - Buses
1064,Peak,2026-04-03T00:00:00.000,5 - Motorcycles
132914,Peak,2026-04-03T00:00:00.000,TLC Taxi/FHV
81531,Overnight,2026-04-04T00:00:00.000,"1 - Cars, Pickups and Vans"
4079,Overnight,2026-04-04T00:00:00.000,2 - Single-Unit Trucks
343,Overnight,2026-04-04T00:00:00.000,3 - Multi-Unit Trucks
1369,Overnight,2026-04-04T00:00:00.000,4 - Buses
295,Overnight,2026-04-04T00:00:00.000,5 - Motorcycles
83656,Overnight,2026-04-04T00:00:00.000,TLC Taxi/FHV
184549,Peak,2026-04-04T00:00:00.000,"1 - Cars, Pickups and Vans"
4493,Peak,2026-04-04T00:00:00.000,2 - Single-Unit Trucks
242,Peak,2026-04-04T00:00:00.000,3 - Multi-Unit Trucks
2943,Peak,2026-04-04T00:00:00.000,4 - Buses
985,Peak,2026-04-04T00:00:00.000,5 - Motorcycles
110433,Peak,2026-04-04T00:00:00.000,TLC Taxi/FHV
70505,Overnight,2026-04-05T00:00:00.000,"1 - Cars, Pickups and Vans"
1787,Overnight,2026-04-05T00:00:00.000,2 - Single-Unit Trucks
141,Overnight,2026-04-05T00:00:00.000,3 - Multi-Unit Trucks
1177,Overnight,2026-04-05T00:00:00.000,4 - Buses
190,Overnight,2026-04-05T00:00:00.000,5 - Motorcycles
73976,Overnight,2026-04-05T00:00:00.000,TLC Taxi/FHV
174864,Peak,2026-04-05T00:00:00.000,"1 - Cars, Pickups and Vans"
2474,Peak,2026-04-05T00:00:00.000,2 - Single-Unit Trucks
138,Peak,2026-04-05T00:00:00.000,3 - Multi-Unit Trucks
2610,Peak,2026-04-05T00:00:00.000,4 - Buses
473,Peak,2026-04-05T00:00:00.000,5 - Motorcycles
103926,Peak,2026-04-05T00:00:00.000,TLC Taxi/FHV
36290,Overnight,2026-04-06T00:00:00.000,"1 - Cars, Pickups and Vans"
2407,Overnight,2026-04-06T00:00:00.000,2 - Single-Unit Trucks
268,Overnight,2026-04-06T00:00:00.000,3 - Multi-Unit Trucks
816,Overnight,2026-04-06T00:00:00.000,4 - Buses
124,Overnight,2026-04-06T00:00:00.000,5 - Motorcycles
37709,Overnight,2026-04-06T00:00:00.000,TLC Taxi/FHV
224574,Peak,2026-04-06T00:00:00.000,"1 - Cars, Pickups and Vans"
17729,Peak,2026-04-06T00:00:00.000,2 - Single-Unit Trucks
876,Peak,2026-04-06T00:00:00.000,3 - Multi-Unit Trucks
7111,Peak,2026-04-06T00:00:00.000,4 - Buses
977,Peak,2026-04-06T00:00:00.000,5 - Motorcycles
133997,Peak,2026-04-06T00:00:00.000,TLC Taxi/FHV
36701,Overnight,2026-04-07T00:00:00.000,"1 - Cars, Pickups and Vans"
2838,Overnight,2026-04-07T00:00:00.000,2 - Single-Unit Trucks
285,Overnight,2026-04-07T00:00:00.000,3 - Multi-Unit Trucks
799,Overnight,2026-04-07T00:00:00.000,4 - Buses
118,Overnight,2026-04-07T00:00:00.000,5 - Motorcycles
44001,Overnight,2026-04-07T00:00:00.000,TLC Taxi/FHV
223016,Peak,2026-04-07T00:00:00.000,"1 - Cars, Pickups and Vans"
18655,Peak,2026-04-07T00:00:00.000,2 - Single-Unit Trucks
896,Peak,2026-04-07T00:00:00.000,3 - Multi-Unit Trucks
7220,Peak,2026-04-07T00:00:00.000,4 - Buses
1167,Peak,2026-04-07T00:00:00.000,5 - Motorcycles
142732,Peak,2026-04-07T00:00:00.000,TLC Taxi/FHV
35394,Overnight,2026-04-08T00:00:00.000,"1 - Cars, Pickups and Vans"
2703,Overnight,2026-04-08T00:00:00.000,2 - Single-Unit Trucks
288,Overnight,2026-04-08T00:00:00.000,3 - Multi-Unit Trucks
807,Overnight,2026-04-08T00:00:00.000,4 - Buses
127,Overnight,2026-04-08T00:00:00.000,5 - Motorcycles
47249,Overnight,2026-04-08T00:00:00.000,TLC Taxi/FHV
217893,Peak,2026-04-08T00:00:00.000,"1 - Cars, Pickups and Vans"
17723,Peak,2026-04-08T00:00:00.000,2 - Single-Unit Trucks
887,Peak,2026-04-08T00:00:00.000,3 - Multi-Unit Trucks
7124,Peak,2026-04-08T00:00:00.000,4 - Buses
990,Peak,2026-04-08T00:00:00.000,5 - Motorcycles
141836,Peak,2026-04-08T00:00:00.000,TLC Taxi/FHV
39550,Overnight,2026-04-09T00:00:00.000,"1 - Cars, Pickups and Vans"
2786,Overnight,2026-04-09T00:00:00.000,2 - Single-Unit Trucks
280,Overnight,2026-04-09T00:00:00.000,3 - Multi-Unit Trucks
818,Overnight,2026-04-09T00:00:00.000,4 - Buses
133,Overnight,2026-04-09T00:00:00.000,5 - Motorcycles
52327,Overnight,2026-04-09T00:00:00.000,TLC Taxi/FHV
223857,Peak,2026-04-09T00:00:00.000,"1 - Cars, Pickups and Vans"
18162,Peak,2026-04-09T00:00:00.000,2 - Single-Unit Trucks
869,Peak,2026-04-09T00:00:00.000,3 - Multi-Unit Trucks
7232,Peak,2026-04-09T00:00:00.000,4 - Buses
1047,Peak,2026-04-09T00:00:00.000,5 - Motorcycles
151069,Peak,2026-04-09T00:00:00.000,TLC Taxi/FHV
46406,Overnight,2026-04-10T00:00:00.000,"1 - Cars, Pickups and Vans"
2779,Overnight,2026-04-10T00:00:00.000,2 - Single-Unit Trucks
286,Overnight,2026-04-10T00:00:00.000,3 - Multi-Unit Trucks
758,Overnight,2026-04-10T00:00:00.000,4 - Buses
196,Overnight,2026-04-10T00:00:00.000,5 - Motorcycles
55447,Overnight,2026-04-10T00:00:00.000,TLC Taxi/FHV
233515,Peak,2026-04-10T00:00:00.000,"1 - Cars, Pickups and Vans"
18685,Peak,2026-04-10T00:00:00.000,2 - Single-Unit Trucks
927,Peak,2026-04-10T00:00:00.000,3 - Multi-Unit Trucks
7003,Peak,2026-04-10T00:00:00.000,4 - Buses
1305,Peak,2026-04-10T00:00:00.000,5 - Motorcycles
141105,Peak,2026-04-10T00:00:00.000,TLC Taxi/FHV
90898,Overnight,2026-04-11T00:00:00.000,"1 - Cars, Pickups and Vans"
4905,Overnight,2026-04-11T00:00:00.000,2 - Single-Unit Trucks
395,Overnight,2026-04-11T00:00:00.000,3 - Multi-Unit Trucks
1402,Overnight,2026-04-11T00:00:00.000,4 - Buses
367,Overnight,2026-04-11T00:00:00.000,5 - Motorcycles
89862,Overnight,2026-04-11T00:00:00.000,TLC Taxi/FHV
192093,Peak,2026-04-11T00:00:00.000,"1 - Cars, Pickups and Vans"
5087,Peak,2026-04-11T00:00:00.000,2 - Single-Unit Trucks
264,Peak,2026-04-11T00:00:00.000,3 - Multi-Unit Trucks
3201,Peak,2026-04-11T00:00:00.000,4 - Buses
964,Peak,2026-04-11T00:00:00.000,5 - Motorcycles
113759,Peak,2026-04-11T00:00:00.000,TLC Taxi/FHV
74667,Overnight,2026-04-12T00:00:00.000,"1 - Cars, Pickups and Vans"
2426,Overnight,2026-04-12T00:00:00.000,2 - Single-Unit Trucks
175,Overnight,2026-04-12T00:00:00.000,3 - Multi-Unit Trucks
1097,Overnight,2026-04-12T00:00:00.000,4 - Buses
216,Overnight,2026-04-12T00:00:00.000,5 - Motorcycles
83354,Overnight,2026-04-12T00:00:00.000,TLC Taxi/FHV
189420,Peak,2026-04-12T00:00:00.000,"1 - Cars, Pickups and Vans"
3281,Peak,2026-04-12T00:00:00.000,2 - Single-Unit Trucks
211,Peak,2026-04-12T00:00:00.000,3 - Multi-Unit Trucks
2670,Peak,2026-04-12T00:00:00.000,4 - Buses
826,Peak,2026-04-12T00:00:00.000,5 - Motorcycles
105477,Peak,2026-04-12T00:00:00.000,TLC Taxi/FHV
37126,Overnight,2026-04-13T00:00:00.000,"1 - Cars, Pickups and Vans"
2633,Overnight,2026-04-13T00:00:00.000,2 - Single-Unit Trucks
324,Overnight,2026-04-13T00:00:00.000,3 - Multi-Unit Trucks
726,Overnight,2026-04-13T00:00:00.000,4 - Buses
178,Overnight,2026-04-13T00:00:00.000,5 - Motorcycles
40626,Overnight,2026-04-13T00:00:00.000,TLC Taxi/FHV
221753,Peak,2026-04-13T00:00:00.000,"1 - Cars, Pickups and Vans"
19099,Peak,2026-04-13T00:00:00.000,2 - Single-Unit Trucks
948,Peak,2026-04-13T00:00:00.000,3 - Multi-Unit Trucks
8696,Peak,2026-04-13T00:00:00.000,4 - Buses
1372,Peak,2026-04-13T00:00:00.000,5 - Motorcycles
138093,Peak,2026-04-13T00:00:00.000,TLC Taxi/FHV
37452,Overnight,2026-04-14T00:00:00.000,"1 - Cars, Pickups and Vans"
2783,Overnight,2026-04-14T00:00:00.000,2 - Single-Unit Trucks
319,Overnight,2026-04-14T00:00:00.000,3 - Multi-Unit Trucks
790,Overnight,2026-04-14T00:00:00.000,4 - Buses
206,Overnight,2026-04-14T00:00:00.000,5 - Motorcycles
45599,Overnight,2026-04-14T00:00:00.000,TLC Taxi/FHV
234017,Peak,2026-04-14T00:00:00.000,"1 - Cars, Pickups and Vans"
19526,Peak,2026-04-14T00:00:00.000,2 - Single-Unit Trucks
977,Peak,2026-04-14T00:00:00.000,3 - Multi-Unit Trucks
8804,Peak,2026-04-14T00:00:00.000,4 - Buses
1365,Peak,2026-04-14T00:00:00.000,5 - Motorcycles
138579,Peak,2026-04-14T00:00:00.000,TLC Taxi/FHV
39972,Overnight,2026-04-15T00:00:00.000,"1 - Cars, Pickups and Vans"
2955,Overnight,2026-04-15T00:00:00.000,2 - Single-Unit Trucks
329,Overnight,2026-04-15T00:00:00.000,3 - Multi-Unit Trucks
907,Overnight,2026-04-15T00:00:00.000,4 - Buses
186,Overnight,2026-04-15T00:00:00.000,5 - Motorcycles
50811,Overnight,2026-04-15T00:00:00.000,TLC Taxi/FHV
234923,Peak,2026-04-15T00:00:00.000,"1 - Cars, Pickups and Vans"
19815,Peak,2026-04-15T00:00:00.000,2 - Single-Unit Trucks
944,Peak,2026-04-15T00:00:00.000,3 - Multi-Unit Trucks
8968,Peak,2026-04-15T00:00:00.000,4 - Buses
1426,Peak,2026-04-15T00:00:00.000,5 - Motorcycles
144938,Peak,2026-04-15T00:00:00.000,TLC Taxi/FHV
41084,Overnight,2026-04-16T00:00:00.000,"1 - Cars, Pickups and Vans"
2995,Overnight,2026-04-16T00:00:00.000,2 - Single-Unit Trucks
329,Overnight,2026-04-16T00:00:00.000,3 - Multi-Unit Trucks
955,Overnight,2026-04-16T00:00:00.000,4 - Buses
241,Overnight,2026-04-16T00:00:00.000,5 - Motorcycles
55613,Overnight,2026-04-16T00:00:00.000,TLC Taxi/FHV
240211,Peak,2026-04-16T00:00:00.000,"1 - Cars, Pickups and Vans"
19804,Peak,2026-04-16T00:00:00.000,2 - Single-Unit Trucks
999,Peak,2026-04-16T00:00:00.000,3 - Multi-Unit Trucks
8921,Peak,2026-04-16T00:00:00.000,4 - Buses
1592,Peak,2026-04-16T00:00:00.000,5 - Motorcycles
150054,Peak,2026-04-16T00:00:00.000,TLC Taxi/FHV
49218,Overnight,2026-04-17T00:00:00.000,"1 - Cars, Pickups and Vans"
2945,Overnight,2026-04-17T00:00:00.000,2 - Single-Unit Trucks
334,Overnight,2026-04-17T00:00:00.000,3 - Multi-Unit Trucks
844,Overnight,2026-04-17T00:00:00.000,4 - Buses
233,Overnight,2026-04-17T00:00:00.000,5 - Motorcycles
57234,Overnight,2026-04-17T00:00:00.000,TLC Taxi/FHV
240120,Peak,2026-04-17T00:00:00.000,"1 - Cars, Pickups and Vans"
20164,Peak,2026-04-17T00:00:00.000,2 - Single-Unit Trucks
1044,Peak,2026-04-17T00:00:00.000,3 - Multi-Unit Trucks
8569,Peak,2026-04-17T00:00:00.000,4 - Buses
1438,Peak,2026-04-17T00:00:00.000,5 - Motorcycles
141490,Peak,2026-04-17T00:00:00.000,TLC Taxi/FHV
96188,Overnight,2026-04-18T00:00:00.000,"1 - Cars, Pickups and Vans"
5067,Overnight,2026-04-18T00:00:00.000,2 - Single-Unit Trucks
419,Overnight,2026-04-18T00:00:00.000,3 - Multi-Unit Trucks
1539,Overnight,2026-04-18T00:00:00.000,4 - Buses
381,Overnight,2026-04-18T00:00:00.000,5 - Motorcycles
91014,Overnight,2026-04-18T00:00:00.000,TLC Taxi/FHV
198386,Peak,2026-04-18T00:00:00.000,"1 - Cars, Pickups and Vans"
5338,Peak,2026-04-18T00:00:00.000,2 - Single-Unit Trucks
260,Peak,2026-04-18T00:00:00.000,3 - Multi-Unit Trucks
3222,Peak,2026-04-18T00:00:00.000,4 - Buses
1058,Peak,2026-04-18T00:00:00.000,5 - Motorcycles
114368,Peak,2026-04-18T00:00:00.000,TLC Taxi/FHV
74904,Overnight,2026-04-19T00:00:00.000,"1 - Cars, Pickups and Vans"
2318,Overnight,2026-04-19T00:00:00.000,2 - Single-Unit Trucks
176,Overnight,2026-04-19T00:00:00.000,3 - Multi-Unit Trucks
1137,Overnight,2026-04-19T00:00:00.000,4 - Buses
197,Overnight,2026-04-19T00:00:00.000,5 - Motorcycles
84983,Overnight,2026-04-19T00:00:00.000,TLC Taxi/FHV
176171,Peak,2026-04-19T00:00:00.000,"1 - Cars, Pickups and Vans"
3075,Peak,2026-04-19T00:00:00.000,2 - Single-Unit Trucks
194,Peak,2026-04-19T00:00:00.000,3 - Multi-Unit Trucks
2673,Peak,2026-04-19T00:00:00.000,4 - Buses
501,Peak,2026-04-19T00:00:00.000,5 - Motorcycles
110297,Peak,2026-04-19T00:00:00.000,TLC Taxi/FHV
36742,Overnight,2026-04-20T00:00:00.000,"1 - Cars, Pickups and Vans"
2617,Overnight,2026-04-20T00:00:00.000,2 - Single-Unit Trucks
258,Overnight,2026-04-20T00:00:00.000,3 - Multi-Unit Trucks
759,Overnight,2026-04-20T00:00:00.000,4 - Buses
122,Overnight,2026-04-20T00:00:00.000,5 - Motorcycles
41253,Overnight,2026-04-20T00:00:00.000,TLC Taxi/FHV
228884,Peak,2026-04-20T00:00:00.000,"1 - Cars, Pickups and Vans"
18996,Peak,2026-04-20T00:00:00.000,2 - Single-Unit Trucks
902,Peak,2026-04-20T00:00:00.000,3 - Multi-Unit Trucks
8715,Peak,2026-04-20T00:00:00.000,4 - Buses
1055,Peak,2026-04-20T00:00:00.000,5 - Motorcycles
141368,Peak,2026-04-20T00:00:00.000,TLC Taxi/FHV
36369,Overnight,2026-04-21T00:00:00.000,"1 - Cars, Pickups and Vans"
2954,Overnight,2026-04-21T00:00:00.000,2 - Single-Unit Trucks
362,Overnight,2026-04-21T00:00:00.000,3 - Multi-Unit Trucks
880,Overnight,2026-04-21T00:00:00.000,4 - Buses
167,Overnight,2026-04-21T00:00:00.000,5 - Motorcycles
47721,Overnight,2026-04-21T00:00:00.000,TLC Taxi/FHV
232594,Peak,2026-04-21T00:00:00.000,"1 - Cars, Pickups and Vans"
19228,Peak,2026-04-21T00:00:00.000,2 - Single-Unit Trucks
990,Peak,2026-04-21T00:00:00.000,3 - Multi-Unit Trucks
8865,Peak,2026-04-21T00:00:00.000,4 - Buses
1130,Peak,2026-04-21T00:00:00.000,5 - Motorcycles
144199,Peak,2026-04-21T00:00:00.000,TLC Taxi/FHV
37023,Overnight,2026-04-22T00:00:00.000,"1 - Cars, Pickups and Vans"
2921,Overnight,2026-04-22T00:00:00.000,2 - Single-Unit Trucks
360,Overnight,2026-04-22T00:00:00.000,3 - Multi-Unit Trucks
821,Overnight,2026-04-22T00:00:00.000,4 - Buses
143,Overnight,2026-04-22T00:00:00.000,5 - Motorcycles
50124,Overnight,2026-04-22T00:00:00.000,TLC Taxi/FHV
235972,Peak,2026-04-22T00:00:00.000,"1 - Cars, Pickups and Vans"
19019,Peak,2026-04-22T00:00:00.000,2 - Single-Unit Trucks
804,Peak,2026-04-22T00:00:00.000,3 - Multi-Unit Trucks
9017,Peak,2026-04-22T00:00:00.000,4 - Buses
1096,Peak,2026-04-22T00:00:00.000,5 - Motorcycles
151197,Peak,2026-04-22T00:00:00.000,TLC Taxi/FHV
40859,Overnight,2026-04-23T00:00:00.000,"1 - Cars, Pickups and Vans"
3007,Overnight,2026-04-23T00:00:00.000,2 - Single-Unit Trucks
340,Overnight,2026-04-23T00:00:00.000,3 - Multi-Unit Trucks
770,Overnight,2026-04-23T00:00:00.000,4 - Buses
202,Overnight,2026-04-23T00:00:00.000,5 - Motorcycles
54971,Overnight,2026-04-23T00:00:00.000,TLC Taxi/FHV
244789,Peak,2026-04-23T00:00:00.000,"1 - Cars, Pickups and Vans"
19531,Peak,2026-04-23T00:00:00.000,2 - Single-Unit Trucks
919,Peak,2026-04-23T00:00:00.000,3 - Multi-Unit Trucks
9049,Peak,2026-04-23T00:00:00.000,4 - Buses
1596,Peak,2026-04-23T00:00:00.000,5 - Motorcycles
151735,Peak,2026-04-23T00:00:00.000,TLC Taxi/FHV
47613,Overnight,2026-04-24T00:00:00.000,"1 - Cars, Pickups and Vans"
2867,Overnight,2026-04-24T00:00:00.000,2 - Single-Unit Trucks
346,Overnight,2026-04-24T00:00:00.000,3 - Multi-Unit Trucks
793,Overnight,2026-04-24T00:00:00.000,4 - Buses
219,Overnight,2026-04-24T00:00:00.000,5 - Motorcycles
58250,Overnight,2026-04-24T00:00:00.000,TLC Taxi/FHV
239750,Peak,2026-04-24T00:00:00.000,"1 - Cars, Pickups and Vans"
19819,Peak,2026-04-24T00:00:00.000,2 - Single-Unit Trucks
1021,Peak,2026-04-24T00:00:00.000,3 - Multi-Unit Trucks
8667,Peak,2026-04-24T00:00:00.000,4 - Buses
1385,Peak,2026-04-24T00:00:00.000,5 - Motorcycles
145965,Peak,2026-04-24T00:00:00.000,TLC Taxi/FHV
88350,Overnight,2026-04-25T00:00:00.000,"1 - Cars, Pickups and Vans"
4799,Overnight,2026-04-25T00:00:00.000,2 - Single-Unit Trucks
386,Overnight,2026-04-25T00:00:00.000,3 - Multi-Unit Trucks
1355,Overnight,2026-04-25T00:00:00.000,4 - Buses
239,Overnight,2026-04-25T00:00:00.000,5 - Motorcycles
90682,Overnight,2026-04-25T00:00:00.000,TLC Taxi/FHV
179914,Peak,2026-04-25T00:00:00.000,"1 - Cars, Pickups and Vans"
4798,Peak,2026-04-25T00:00:00.000,2 - Single-Unit Trucks
208,Peak,2026-04-25T00:00:00.000,3 - Multi-Unit Trucks
3001,Peak,2026-04-25T00:00:00.000,4 - Buses
401,Peak,2026-04-25T00:00:00.000,5 - Motorcycles
116655,Peak,2026-04-25T00:00:00.000,TLC Taxi/FHV
76182,Overnight,2026-04-26T00:00:00.000,"1 - Cars, Pickups and Vans"
2329,Overnight,2026-04-26T00:00:00.000,2 - Single-Unit Trucks
179,Overnight,2026-04-26T00:00:00.000,3 - Multi-Unit Trucks
1113,Overnight,2026-04-26T00:00:00.000,4 - Buses
232,Overnight,2026-04-26T00:00:00.000,5 - Motorcycles
80215,Overnight,2026-04-26T00:00:00.000,TLC Taxi/FHV
187751,Peak,2026-04-26T00:00:00.000,"1 - Cars, Pickups and Vans"
3440,Peak,2026-04-26T00:00:00.000,2 - Single-Unit Trucks
174,Peak,2026-04-26T00:00:00.000,3 - Multi-Unit Trucks
2832,Peak,2026-04-26T00:00:00.000,4 - Buses
882,Peak,2026-04-26T00:00:00.000,5 - Motorcycles
106931,Peak,2026-04-26T00:00:00.000,TLC Taxi/FHV
35882,Overnight,2026-04-27T00:00:00.000,"1 - Cars, Pickups and Vans"
2814,Overnight,2026-04-27T00:00:00.000,2 - Single-Unit Trucks
274,Overnight,2026-04-27T00:00:00.000,3 - Multi-Unit Trucks
815,Overnight,2026-04-27T00:00:00.000,4 - Buses
174,Overnight,2026-04-27T00:00:00.000,5 - Motorcycles
40967,Overnight,2026-04-27T00:00:00.000,TLC Taxi/FHV
224118,Peak,2026-04-27T00:00:00.000,"1 - Cars, Pickups and Vans"
19026,Peak,2026-04-27T00:00:00.000,2 - Single-Unit Trucks
882,Peak,2026-04-27T00:00:00.000,3 - Multi-Unit Trucks
8803,Peak,2026-04-27T00:00:00.000,4 - Buses
1447,Peak,2026-04-27T00:00:00.000,5 - Motorcycles
139319,Peak,2026-04-27T00:00:00.000,TLC Taxi/FHV
36361,Overnight,2026-04-28T00:00:00.000,"1 - Cars, Pickups and Vans"
3048,Overnight,2026-04-28T00:00:00.000,2 - Single-Unit Trucks
351,Overnight,2026-04-28T00:00:00.000,3 - Multi-Unit Trucks
844,Overnight,2026-04-28T00:00:00.000,4 - Buses
184,Overnight,2026-04-28T00:00:00.000,5 - Motorcycles
46085,Overnight,2026-04-28T00:00:00.000,TLC Taxi/FHV
234337,Peak,2026-04-28T00:00:00.000,"1 - Cars, Pickups and Vans"
19726,Peak,2026-04-28T00:00:00.000,2 - Single-Unit Trucks
980,Peak,2026-04-28T00:00:00.000,3 - Multi-Unit Trucks
8776,Peak,2026-04-28T00:00:00.000,4 - Buses
1470,Peak,2026-04-28T00:00:00.000,5 - Motorcycles
144638,Peak,2026-04-28T00:00:00.000,TLC Taxi/FHV
36770,Overnight,2026-04-29T00:00:00.000,"1 - Cars, Pickups and Vans"
3034,Overnight,2026-04-29T00:00:00.000,2 - Single-Unit Trucks
323,Overnight,2026-04-29T00:00:00.000,3 - Multi-Unit Trucks
733,Overnight,2026-04-29T00:00:00.000,4 - Buses
153,Overnight,2026-04-29T00:00:00.000,5 - Motorcycles
51809,Overnight,2026-04-29T00:00:00.000,TLC Taxi/FHV
230768,Peak,2026-04-29T00:00:00.000,"1 - Cars, Pickups and Vans"
19702,Peak,2026-04-29T00:00:00.000,2 - Single-Unit Trucks
838,Peak,2026-04-29T00:00:00.000,3 - Multi-Unit Trucks
9024,Peak,2026-04-29T00:00:00.000,4 - Buses
1399,Peak,2026-04-29T00:00:00.000,5 - Motorcycles
146342,Peak,2026-04-29T00:00:00.000,TLC Taxi/FHV
39613,Overnight,2026-04-30T00:00:00.000,"1 - Cars, Pickups and Vans"
3070,Overnight,2026-04-30T00:00:00.000,2 - Single-Unit Trucks
347,Overnight,2026-04-30T00:00:00.000,3 - Multi-Unit Trucks
747,Overnight,2026-04-30T00:00:00.000,4 - Buses
154,Overnight,2026-04-30T00:00:00.000,5 - Motorcycles
55171,Overnight,2026-04-30T00:00:00.000,TLC Taxi/FHV
239536,Peak,2026-04-30T00:00:00.000,"1 - Cars, Pickups and Vans"
20592,Peak,2026-04-30T00:00:00.000,2 - Single-Unit Trucks
962,Peak,2026-04-30T00:00:00.000,3 - Multi-Unit Trucks
8902,Peak,2026-04-30T00:00:00.000,4 - Buses
1252,Peak,2026-04-30T00:00:00.000,5 - Motorcycles
156372,Peak,2026-04-30T00:00:00.000,TLC Taxi/FHV
46556,Overnight,2026-05-01T00:00:00.000,"1 - Cars, Pickups and Vans"
3022,Overnight,2026-05-01T00:00:00.000,2 - Single-Unit Trucks
305,Overnight,2026-05-01T00:00:00.000,3 - Multi-Unit Trucks
793,Overnight,2026-05-01T00:00:00.000,4 - Buses
228,Overnight,2026-05-01T00:00:00.000,5 - Motorcycles
58926,Overnight,2026-05-01T00:00:00.000,TLC Taxi/FHV
236064,Peak,2026-05-01T00:00:00.000,"1 - Cars, Pickups and Vans"
20206,Peak,2026-05-01T00:00:00.000,2 - Single-Unit Trucks
913,Peak,2026-05-01T00:00:00.000,3 - Multi-Unit Trucks
8550,Peak,2026-05-01T00:00:00.000,4 - Buses
1331,Peak,2026-05-01T00:00:00.000,5 - Motorcycles
143793,Peak,2026-05-01T00:00:00.000,TLC Taxi/FHV
93574,Overnight,2026-05-02T00:00:00.000,"1 - Cars, Pickups and Vans"
5196,Overnight,2026-05-02T00:00:00.000,2 - Single-Unit Trucks
430,Overnight,2026-05-02T00:00:00.000,3 - Multi-Unit Trucks
1370,Overnight,2026-05-02T00:00:00.000,4 - Buses
398,Overnight,2026-05-02T00:00:00.000,5 - Motorcycles
92721,Overnight,2026-05-02T00:00:00.000,TLC Taxi/FHV
186979,Peak,2026-05-02T00:00:00.000,"1 - Cars, Pickups and Vans"
5403,Peak,2026-05-02T00:00:00.000,2 - Single-Unit Trucks
272,Peak,2026-05-02T00:00:00.000,3 - Multi-Unit Trucks
3029,Peak,2026-05-02T00:00:00.000,4 - Buses
959,Peak,2026-05-02T00:00:00.000,5 - Motorcycles
117944,Peak,2026-05-02T00:00:00.000,TLC Taxi/FHV
76315,Overnight,2026-05-03T00:00:00.000,"1 - Cars, Pickups and Vans"
2498,Overnight,2026-05-03T00:00:00.000,2 - Single-Unit Trucks
200,Overnight,2026-05-03T00:00:00.000,3 - Multi-Unit Trucks
1181,Overnight,2026-05-03T00:00:00.000,4 - Buses
304,Overnight,2026-05-03T00:00:00.000,5 - Motorcycles
82976,Overnight,2026-05-03T00:00:00.000,TLC Taxi/FHV
180236,Peak,2026-05-03T00:00:00.000,"1 - Cars, Pickups and Vans"
3489,Peak,2026-05-03T00:00:00.000,2 - Single-Unit Trucks
151,Peak,2026-05-03T00:00:00.000,3 - Multi-Unit Trucks
2624,Peak,2026-05-03T00:00:00.000,4 - Buses
857,Peak,2026-05-03T00:00:00.000,5 - Motorcycles
100440,Peak,2026-05-03T00:00:00.000,TLC Taxi/FHV
36575,Overnight,2026-05-04T00:00:00.000,"1 - Cars, Pickups and Vans"
2909,Overnight,2026-05-04T00:00:00.000,2 - Single-Unit Trucks
289,Overnight,2026-05-04T00:00:00.000,3 - Multi-Unit Trucks
766,Overnight,2026-05-04T00:00:00.000,4 - Buses
205,Overnight,2026-05-04T00:00:00.000,5 - Motorcycles
40907,Overnight,2026-05-04T00:00:00.000,TLC Taxi/FHV
227013,Peak,2026-05-04T00:00:00.000,"1 - Cars, Pickups and Vans"
19621,Peak,2026-05-04T00:00:00.000,2 - Single-Unit Trucks
845,Peak,2026-05-04T00:00:00.000,3 - Multi-Unit Trucks
8753,Peak,2026-05-04T00:00:00.000,4 - Buses
1425,Peak,2026-05-04T00:00:00.000,5 - Motorcycles
139875,Peak,2026-05-04T00:00:00.000,TLC Taxi/FHV
39035,Overnight,2026-05-05T00:00:00.000,"1 - Cars, Pickups and Vans"
3300,Overnight,2026-05-05T00:00:00.000,2 - Single-Unit Trucks
319,Overnight,2026-05-05T00:00:00.000,3 - Multi-Unit Trucks
810,Overnight,2026-05-05T00:00:00.000,4 - Buses
244,Overnight,2026-05-05T00:00:00.000,5 - Motorcycles
47245,Overnight,2026-05-05T00:00:00.000,TLC Taxi/FHV
235869,Peak,2026-05-05T00:00:00.000,"1 - Cars, Pickups and Vans"
20213,Peak,2026-05-05T00:00:00.000,2 - Single-Unit Trucks
838,Peak,2026-05-05T00:00:00.000,3 - Multi-Unit Trucks
8954,Peak,2026-05-05T00:00:00.000,4 - Buses
1601,Peak,2026-05-05T00:00:00.000,5 - Motorcycles
144054,Peak,2026-05-05T00:00:00.000,TLC Taxi/FHV
37605,Overnight,2026-05-06T00:00:00.000,"1 - Cars, Pickups and Vans"
3088,Overnight,2026-05-06T00:00:00.000,2 - Single-Unit Trucks
270,Overnight,2026-05-06T00:00:00.000,3 - Multi-Unit Trucks
721,Overnight,2026-05-06T00:00:00.000,4 - Buses
145,Overnight,2026-05-06T00:00:00.000,5 - Motorcycles
52125,Overnight,2026-05-06T00:00:00.000,TLC Taxi/FHV
234477,Peak,2026-05-06T00:00:00.000,"1 - Cars, Pickups and Vans"
19669,Peak,2026-05-06T00:00:00.000,2 - Single-Unit Trucks
826,Peak,2026-05-06T00:00:00.000,3 - Multi-Unit Trucks
9127,Peak,2026-05-06T00:00:00.000,4 - Buses
1132,Peak,2026-05-06T00:00:00.000,5 - Motorcycles
151624,Peak,2026-05-06T00:00:00.000,TLC Taxi/FHV
39124,Overnight,2026-05-07T00:00:00.000,"1 - Cars, Pickups and Vans"
3110,Overnight,2026-05-07T00:00:00.000,2 - Single-Unit Trucks
308,Overnight,2026-05-07T00:00:00.000,3 - Multi-Unit Trucks
722,Overnight,2026-05-07T00:00:00.000,4 - Buses
203,Overnight,2026-05-07T00:00:00.000,5 - Motorcycles
54275,Overnight,2026-05-07T00:00:00.000,TLC Taxi/FHV
239278,Peak,2026-05-07T00:00:00.000,"1 - Cars, Pickups and Vans"
20095,Peak,2026-05-07T00:00:00.000,2 - Single-Unit Trucks
799,Peak,2026-05-07T00:00:00.000,3 - Multi-Unit Trucks
9096,Peak,2026-05-07T00:00:00.000,4 - Buses
1428,Peak,2026-05-07T00:00:00.000,5 - Motorcycles
153080,Peak,2026-05-07T00:00:00.000,TLC Taxi/FHV
46304,Overnight,2026-05-08T00:00:00.000,"1 - Cars, Pickups and Vans"
2905,Overnight,2026-05-08T00:00:00.000,2 - Single-Unit Trucks
299,Overnight,2026-05-08T00:00:00.000,3 - Multi-Unit Trucks
742,Overnight,2026-05-08T00:00:00.000,4 - Buses
214,Overnight,2026-05-08T00:00:00.000,5 - Motorcycles
57319,Overnight,2026-05-08T00:00:00.000,TLC Taxi/FHV
242155,Peak,2026-05-08T00:00:00.000,"1 - Cars, Pickups and Vans"
20010,Peak,2026-05-08T00:00:00.000,2 - Single-Unit Trucks
858,Peak,2026-05-08T00:00:00.000,3 - Multi-Unit Trucks
8681,Peak,2026-05-08T00:00:00.000,4 - Buses
1492,Peak,2026-05-08T00:00:00.000,5 - Motorcycles
146050,Peak,2026-05-08T00:00:00.000,TLC Taxi/FHV
89804,Overnight,2026-05-09T00:00:00.000,"1 - Cars, Pickups and Vans"
4960,Overnight,2026-05-09T00:00:00.000,2 - Single-Unit Trucks
383,Overnight,2026-05-09T00:00:00.000,3 - Multi-Unit Trucks
1372,Overnight,2026-05-09T00:00:00.000,4 - Buses
284,Overnight,2026-05-09T00:00:00.000,5 - Motorcycles
92113,Overnight,2026-05-09T00:00:00.000,TLC Taxi/FHV
188474,Peak,2026-05-09T00:00:00.000,"1 - Cars, Pickups and Vans"
5243,Peak,2026-05-09T00:00:00.000,2 - Single-Unit Trucks
249,Peak,2026-05-09T00:00:00.000,3 - Multi-Unit Trucks
2956,Peak,2026-05-09T00:00:00.000,4 - Buses
717,Peak,2026-05-09T00:00:00.000,5 - Motorcycles
119715,Peak,2026-05-09T00:00:00.000,TLC Taxi/FHV
80805,Overnight,2026-05-10T00:00:00.000,"1 - Cars, Pickups and Vans"
2337,Overnight,2026-05-10T00:00:00.000,2 - Single-Unit Trucks
227,Overnight,2026-05-10T00:00:00.000,3 - Multi-Unit Trucks
1142,Overnight,2026-05-10T00:00:00.000,4 - Buses
297,Overnight,2026-05-10T00:00:00.000,5 - Motorcycles
83478,Overnight,2026-05-10T00:00:00.000,TLC Taxi/FHV
199536,Peak,2026-05-10T00:00:00.000,"1 - Cars, Pickups and Vans"
2967,Peak,2026-05-10T00:00:00.000,2 - Single-Unit Trucks
155,Peak,2026-05-10T00:00:00.000,3 - Multi-Unit Trucks
2576,Peak,2026-05-10T00:00:00.000,4 - Buses
927,Peak,2026-05-10T00:00:00.000,5 - Motorcycles
105919,Peak,2026-05-10T00:00:00.000,TLC Taxi/FHV
37161,Overnight,2026-05-11T00:00:00.000,"1 - Cars, Pickups and Vans"
2939,Overnight,2026-05-11T00:00:00.000,2 - Single-Unit Trucks
276,Overnight,2026-05-11T00:00:00.000,3 - Multi-Unit Trucks
791,Overnight,2026-05-11T00:00:00.000,4 - Buses
192,Overnight,2026-05-11T00:00:00.000,5 - Motorcycles
42663,Overnight,2026-05-11T00:00:00.000,TLC Taxi/FHV
230273,Peak,2026-05-11T00:00:00.000,"1 - Cars, Pickups and Vans"
19629,Peak,2026-05-11T00:00:00.000,2 - Single-Unit Trucks
821,Peak,2026-05-11T00:00:00.000,3 - Multi-Unit Trucks
8999,Peak,2026-05-11T00:00:00.000,4 - Buses
1325,Peak,2026-05-11T00:00:00.000,5 - Motorcycles
143251,Peak,2026-05-11T00:00:00.000,TLC Taxi/FHV
36350,Overnight,2026-05-12T00:00:00.000,"1 - Cars, Pickups and Vans"
3216,Overnight,2026-05-12T00:00:00.000,2 - Single-Unit Trucks
314,Overnight,2026-05-12T00:00:00.000,3 - Multi-Unit Trucks
823,Overnight,2026-05-12T00:00:00.000,4 - Buses
182,Overnight,2026-05-12T00:00:00.000,5 - Motorcycles
47504,Overnight,2026-05-12T00:00:00.000,TLC Taxi/FHV
239035,Peak,2026-05-12T00:00:00.000,"1 - Cars, Pickups and Vans"
20165,Peak,2026-05-12T00:00:00.000,2 - Single-Unit Trucks
807,Peak,2026-05-12T00:00:00.000,3 - Multi-Unit Trucks
8945,Peak,2026-05-12T00:00:00.000,4 - Buses
1469,Peak,2026-05-12T00:00:00.000,5 - Motorcycles
144946,Peak,2026-05-12T00:00:00.000,TLC Taxi/FHV
39268,Overnight,2026-05-13T00:00:00.000,"1 - Cars, Pickups and Vans"
3147,Overnight,2026-05-13T00:00:00.000,2 - Single-Unit Trucks
300,Overnight,2026-05-13T00:00:00.000,3 - Multi-Unit Trucks
738,Overnight,2026-05-13T00:00:00.000,4 - Buses
175,Overnight,2026-05-13T00:00:00.000,5 - Motorcycles
54007,Overnight,2026-05-13T00:00:00.000,TLC Taxi/FHV
239226,Peak,2026-05-13T00:00:00.000,"1 - Cars, Pickups and Vans"
19888,Peak,2026-05-13T00:00:00.000,2 - Single-Unit Trucks
845,Peak,2026-05-13T00:00:00.000,3 - Multi-Unit Trucks
9280,Peak,2026-05-13T00:00:00.000,4 - Buses
1372,Peak,2026-05-13T00:00:00.000,5 - Motorcycles
150372,Peak,2026-05-13T00:00:00.000,TLC Taxi/FHV
41439,Overnight,2026-05-14T00:00:00.000,"1 - Cars, Pickups and Vans"
3033,Overnight,2026-05-14T00:00:00.000,2 - Single-Unit Trucks
316,Overnight,2026-05-14T00:00:00.000,3 - Multi-Unit Trucks
710,Overnight,2026-05-14T00:00:00.000,4 - Buses
151,Overnight,2026-05-14T00:00:00.000,5 - Motorcycles
57903,Overnight,2026-05-14T00:00:00.000,TLC Taxi/FHV
241152,Peak,2026-05-14T00:00:00.000,"1 - Cars, Pickups and Vans"
19991,Peak,2026-05-14T00:00:00.000,2 - Single-Unit Trucks
890,Peak,2026-05-14T00:00:00.000,3 - Multi-Unit Trucks
9135,Peak,2026-05-14T00:00:00.000,4 - Buses
1281,Peak,2026-05-14T00:00:00.000,5 - Motorcycles
158275,Peak,2026-05-14T00:00:00.000,TLC Taxi/FHV
49609,Overnight,2026-05-15T00:00:00.000,"1 - Cars, Pickups and Vans"
3219,Overnight,2026-05-15T00:00:00.000,2 - Single-Unit Trucks
361,Overnight,2026-05-15T00:00:00.000,3 - Multi-Unit Trucks
828,Overnight,2026-05-15T00:00:00.000,4 - Buses
260,Overnight,2026-05-15T00:00:00.000,5 - Motorcycles
60542,Overnight,2026-05-15T00:00:00.000,TLC Taxi/FHV
249053,Peak,2026-05-15T00:00:00.000,"1 - Cars, Pickups and Vans"
20764,Peak,2026-05-15T00:00:00.000,2 - Single-Unit Trucks
955,Peak,2026-05-15T00:00:00.000,3 - Multi-Unit Trucks
8927,Peak,2026-05-15T00:00:00.000,4 - Buses
1565,Peak,2026-05-15T00:00:00.000,5 - Motorcycles
144832,Peak,2026-05-15T00:00:00.000,TLC Taxi/FHV
103010,Overnight,2026-05-16T00:00:00.000,"1 - Cars, Pickups and Vans"
5411,Overnight,2026-05-16T00:00:00.000,2 - Single-Unit Trucks
472,Overnight,2026-05-16T00:00:00.000,3 - Multi-Unit Trucks
1661,Overnight,2026-05-16T00:00:00.000,4 - Buses
542,Overnight,2026-05-16T00:00:00.000,5 - Motorcycles
92679,Overnight,2026-05-16T00:00:00.000,TLC Taxi/FHV
200591,Peak,2026-05-16T00:00:00.000,"1 - Cars, Pickups and Vans"
5451,Peak,2026-05-16T00:00:00.000,2 - Single-Unit Trucks
212,Peak,2026-05-16T00:00:00.000,3 - Multi-Unit Trucks
3078,Peak,2026-05-16T00:00:00.000,4 - Buses
1148,Peak,2026-05-16T00:00:00.000,5 - Motorcycles
112205,Peak,2026-05-16T00:00:00.000,TLC Taxi/FHV
89729,Overnight,2026-05-17T00:00:00.000,"1 - Cars, Pickups and Vans"
2818,Overnight,2026-05-17T00:00:00.000,2 - Single-Unit Trucks
213,Overnight,2026-05-17T00:00:00.000,3 - Multi-Unit Trucks
1291,Overnight,2026-05-17T00:00:00.000,4 - Buses
561,Overnight,2026-05-17T00:00:00.000,5 - Motorcycles
88123,Overnight,2026-05-17T00:00:00.000,TLC Taxi/FHV
195469,Peak,2026-05-17T00:00:00.000,"1 - Cars, Pickups and Vans"
3493,Peak,2026-05-17T00:00:00.000,2 - Single-Unit Trucks
153,Peak,2026-05-17T00:00:00.000,3 - Multi-Unit Trucks
2793,Peak,2026-05-17T00:00:00.000,4 - Buses
1477,Peak,2026-05-17T00:00:00.000,5 - Motorcycles
106482,Peak,2026-05-17T00:00:00.000,TLC Taxi/FHV
40647,Overnight,2026-05-18T00:00:00.000,"1 - Cars, Pickups and Vans"
3059,Overnight,2026-05-18T00:00:00.000,2 - Single-Unit Trucks
303,Overnight,2026-05-18T00:00:00.000,3 - Multi-Unit Trucks
839,Overnight,2026-05-18T00:00:00.000,4 - Buses
251,Overnight,2026-05-18T00:00:00.000,5 - Motorcycles
42711,Overnight,2026-05-18T00:00:00.000,TLC Taxi/FHV
235573,Peak,2026-05-18T00:00:00.000,"1 - Cars, Pickups and Vans"
20151,Peak,2026-05-18T00:00:00.000,2 - Single-Unit Trucks
782,Peak,2026-05-18T00:00:00.000,3 - Multi-Unit Trucks
9146,Peak,2026-05-18T00:00:00.000,4 - Buses
1459,Peak,2026-05-18T00:00:00.000,5 - Motorcycles
138505,Peak,2026-05-18T00:00:00.000,TLC Taxi/FHV
40129,Overnight,2026-05-19T00:00:00.000,"1 - Cars, Pickups and Vans"
3316,Overnight,2026-05-19T00:00:00.000,2 - Single-Unit Trucks
298,Overnight,2026-05-19T00:00:00.000,3 - Multi-Unit Trucks
823,Overnight,2026-05-19T00:00:00.000,4 - Buses
242,Overnight,2026-05-19T00:00:00.000,5 - Motorcycles
48716,Overnight,2026-05-19T00:00:00.000,TLC Taxi/FHV
242930,Peak,2026-05-19T00:00:00.000,"1 - Cars, Pickups and Vans"
20078,Peak,2026-05-19T00:00:00.000,2 - Single-Unit Trucks
873,Peak,2026-05-19T00:00:00.000,3 - Multi-Unit Trucks
8960,Peak,2026-05-19T00:00:00.000,4 - Buses
1664,Peak,2026-05-19T00:00:00.000,5 - Motorcycles
140863,Peak,2026-05-19T00:00:00.000,TLC Taxi/FHV
39328,Overnight,2026-05-20T00:00:00.000,"1 - Cars, Pickups and Vans"
3359,Overnight,2026-05-20T00:00:00.000,2 - Single-Unit Trucks
310,Overnight,2026-05-20T00:00:00.000,3 - Multi-Unit Trucks
735,Overnight,2026-05-20T00:00:00.000,4 - Buses
209,Overnight,2026-05-20T00:00:00.000,5 - Motorcycles
54801,Overnight,2026-05-20T00:00:00.000,TLC Taxi/FHV
236982,Peak,2026-05-20T00:00:00.000,"1 - Cars, Pickups and Vans"
19777,Peak,2026-05-20T00:00:00.000,2 - Single-Unit Trucks
880,Peak,2026-05-20T00:00:00.000,3 - Multi-Unit Trucks
9124,Peak,2026-05-20T00:00:00.000,4 - Buses
1349,Peak,2026-05-20T00:00:00.000,5 - Motorcycles
143084,Peak,2026-05-20T00:00:00.000,TLC Taxi/FHV
40429,Overnight,2026-05-21T00:00:00.000,"1 - Cars, Pickups and Vans"
3282,Overnight,2026-05-21T00:00:00.000,2 - Single-Unit Trucks
327,Overnight,2026-05-21T00:00:00.000,3 - Multi-Unit Trucks
797,Overnight,2026-05-21T00:00:00.000,4 - Buses
197,Overnight,2026-05-21T00:00:00.000,5 - Motorcycles
55669,Overnight,2026-05-21T00:00:00.000,TLC Taxi/FHV
236756,Peak,2026-05-21T00:00:00.000,"1 - Cars, Pickups and Vans"
20111,Peak,2026-05-21T00:00:00.000,2 - Single-Unit Trucks
882,Peak,2026-05-21T00:00:00.000,3 - Multi-Unit Trucks
9129,Peak,2026-05-21T00:00:00.000,4 - Buses
1116,Peak,2026-05-21T00:00:00.000,5 - Motorcycles
148552,Peak,2026-05-21T00:00:00.000,TLC Taxi/FHV
45890,Overnight,2026-05-22T00:00:00.000,"1 - Cars, Pickups and Vans"
3003,Overnight,2026-05-22T00:00:00.000,2 - Single-Unit Trucks
298,Overnight,2026-05-22T00:00:00.000,3 - Multi-Unit Trucks
808,Overnight,2026-05-22T00:00:00.000,4 - Buses
204,Overnight,2026-05-22T00:00:00.000,5 - Motorcycles
54988,Overnight,2026-05-22T00:00:00.000,TLC Taxi/FHV
221103,Peak,2026-05-22T00:00:00.000,"1 - Cars, Pickups and Vans"
18491,Peak,2026-05-22T00:00:00.000,2 - Single-Unit Trucks
857,Peak,2026-05-22T00:00:00.000,3 - Multi-Unit Trucks
8786,Peak,2026-05-22T00:00:00.000,4 - Buses
1415,Peak,2026-05-22T00:00:00.000,5 - Motorcycles
142666,Peak,2026-05-22T00:00:00.000,TLC Taxi/FHV
77346,Overnight,2026-05-23T00:00:00.000,"1 - Cars, Pickups and Vans"
4225,Overnight,2026-05-23T00:00:00.000,2 - Single-Unit Trucks
322,Overnight,2026-05-23T00:00:00.000,3 - Multi-Unit Trucks
1439,Overnight,2026-05-23T00:00:00.000,4 - Buses
209,Overnight,2026-05-23T00:00:00.000,5 - Motorcycles
79491,Overnight,2026-05-23T00:00:00.000,TLC Taxi/FHV
161035,Peak,2026-05-23T00:00:00.000,"1 - Cars, Pickups and Vans"
4445,Peak,2026-05-23T00:00:00.000,2 - Single-Unit Trucks
229,Peak,2026-05-23T00:00:00.000,3 - Multi-Unit Trucks
2964,Peak,2026-05-23T00:00:00.000,4 - Buses
461,Peak,2026-05-23T00:00:00.000,5 - Motorcycles
110565,Peak,2026-05-23T00:00:00.000,TLC Taxi/FHV
66487,Overnight,2026-05-24T00:00:00.000,"1 - Cars, Pickups and Vans"
1923,Overnight,2026-05-24T00:00:00.000,2 - Single-Unit Trucks
174,Overnight,2026-05-24T00:00:00.000,3 - Multi-Unit Trucks
1158,Overnight,2026-05-24T00:00:00.000,4 - Buses
125,Overnight,2026-05-24T00:00:00.000,5 - Motorcycles
67676,Overnight,2026-05-24T00:00:00.000,TLC Taxi/FHV
161437,Peak,2026-05-24T00:00:00.000,"1 - Cars, Pickups and Vans"
2825,Peak,2026-05-24T00:00:00.000,2 - Single-Unit Trucks
151,Peak,2026-05-24T00:00:00.000,3 - Multi-Unit Trucks
2601,Peak,2026-05-24T00:00:00.000,4 - Buses
396,Peak,2026-05-24T00:00:00.000,5 - Motorcycles
98033,Peak,2026-05-24T00:00:00.000,TLC Taxi/FHV
39688,Overnight,2026-05-25T00:00:00.000,"1 - Cars, Pickups and Vans"
1382,Overnight,2026-05-25T00:00:00.000,2 - Single-Unit Trucks
134,Overnight,2026-05-25T00:00:00.000,3 - Multi-Unit Trucks
675,Overnight,2026-05-25T00:00:00.000,4 - Buses
167,Overnight,2026-05-25T00:00:00.000,5 - Motorcycles
40711,Overnight,2026-05-25T00:00:00.000,TLC Taxi/FHV
178565,Peak,2026-05-25T00:00:00.000,"1 - Cars, Pickups and Vans"
5372,Peak,2026-05-25T00:00:00.000,2 - Single-Unit Trucks
264,Peak,2026-05-25T00:00:00.000,3 - Multi-Unit Trucks
3524,Peak,2026-05-25T00:00:00.000,4 - Buses
852,Peak,2026-05-25T00:00:00.000,5 - Motorcycles
112724,Peak,2026-05-25T00:00:00.000,TLC Taxi/FHV
39260,Overnight,2026-05-26T00:00:00.000,"1 - Cars, Pickups and Vans"
2842,Overnight,2026-05-26T00:00:00.000,2 - Single-Unit Trucks
282,Overnight,2026-05-26T00:00:00.000,3 - Multi-Unit Trucks
760,Overnight,2026-05-26T00:00:00.000,4 - Buses
261,Overnight,2026-05-26T00:00:00.000,5 - Motorcycles
40759,Overnight,2026-05-26T00:00:00.000,TLC Taxi/FHV
233732,Peak,2026-05-26T00:00:00.000,"1 - Cars, Pickups and Vans"
19551,Peak,2026-05-26T00:00:00.000,2 - Single-Unit Trucks
758,Peak,2026-05-26T00:00:00.000,3 - Multi-Unit Trucks
9167,Peak,2026-05-26T00:00:00.000,4 - Buses
1673,Peak,2026-05-26T00:00:00.000,5 - Motorcycles
135487,Peak,2026-05-26T00:00:00.000,TLC Taxi/FHV
40936,Overnight,2026-05-27T00:00:00.000,"1 - Cars, Pickups and Vans"
3174,Overnight,2026-05-27T00:00:00.000,2 - Single-Unit Trucks
308,Overnight,2026-05-27T00:00:00.000,3 - Multi-Unit Trucks
731,Overnight,2026-05-27T00:00:00.000,4 - Buses
235,Overnight,2026-05-27T00:00:00.000,5 - Motorcycles
42714,Overnight,2026-05-27T00:00:00.000,TLC Taxi/FHV
233710,Peak,2026-05-27T00:00:00.000,"1 - Cars, Pickups and Vans"
20087,Peak,2026-05-27T00:00:00.000,2 - Single-Unit Trucks
796,Peak,2026-05-27T00:00:00.000,3 - Multi-Unit Trucks
7899,Peak,2026-05-27T00:00:00.000,4 - Buses
1620,Peak,2026-05-27T00:00:00.000,5 - Motorcycles
127530,Peak,2026-05-27T00:00:00.000,TLC Taxi/FHV
41795,Overnight,2026-05-28T00:00:00.000,"1 - Cars, Pickups and Vans"
3256,Overnight,2026-05-28T00:00:00.000,2 - Single-Unit Trucks
282,Overnight,2026-05-28T00:00:00.000,3 - Multi-Unit Trucks
821,Overnight,2026-05-28T00:00:00.000,4 - Buses
255,Overnight,2026-05-28T00:00:00.000,5 - Motorcycles
50241,Overnight,2026-05-28T00:00:00.000,TLC Taxi/FHV
242238,Peak,2026-05-28T00:00:00.000,"1 - Cars, Pickups and Vans"
20511,Peak,2026-05-28T00:00:00.000,2 - Single-Unit Trucks
867,Peak,2026-05-28T00:00:00.000,3 - Multi-Unit Trucks
9510,Peak,2026-05-28T00:00:00.000,4 - Buses
1746,Peak,2026-05-28T00:00:00.000,5 - Motorcycles
138569,Peak,2026-05-28T00:00:00.000,TLC Taxi/FHV
48461,Overnight,2026-05-29T00:00:00.000,"1 - Cars, Pickups and Vans"
3195,Overnight,2026-05-29T00:00:00.000,2 - Single-Unit Trucks
326,Overnight,2026-05-29T00:00:00.000,3 - Multi-Unit Trucks
837,Overnight,2026-05-29T00:00:00.000,4 - Buses
275,Overnight,2026-05-29T00:00:00.000,5 - Motorcycles
53954,Overnight,2026-05-29T00:00:00.000,TLC Taxi/FHV
240683,Peak,2026-05-29T00:00:00.000,"1 - Cars, Pickups and Vans"
20741,Peak,2026-05-29T00:00:00.000,2 - Single-Unit Trucks
826,Peak,2026-05-29T00:00:00.000,3 - Multi-Unit Trucks
9050,Peak,2026-05-29T00:00:00.000,4 - Buses
1691,Peak,2026-05-29T00:00:00.000,5 - Motorcycles
137345,Peak,2026-05-29T00:00:00.000,TLC Taxi/FHV
93095,Overnight,2026-05-30T00:00:00.000,"1 - Cars, Pickups and Vans"
5542,Overnight,2026-05-30T00:00:00.000,2 - Single-Unit Trucks
415,Overnight,2026-05-30T00:00:00.000,3 - Multi-Unit Trucks
1538,Overnight,2026-05-30T00:00:00.000,4 - Buses
453,Overnight,2026-05-30T00:00:00.000,5 - Motorcycles
88922,Overnight,2026-05-30T00:00:00.000,TLC Taxi/FHV
187596,Peak,2026-05-30T00:00:00.000,"1 - Cars, Pickups and Vans"
5775,Peak,2026-05-30T00:00:00.000,2 - Single-Unit Trucks
256,Peak,2026-05-30T00:00:00.000,3 - Multi-Unit Trucks
3158,Peak,2026-05-30T00:00:00.000,4 - Buses
1017,Peak,2026-05-30T00:00:00.000,5 - Motorcycles
112427,Peak,2026-05-30T00:00:00.000,TLC Taxi/FHV
82863,Overnight,2026-05-31T00:00:00.000,"1 - Cars, Pickups and Vans"
2916,Overnight,2026-05-31T00:00:00.000,2 - Single-Unit Trucks
213,Overnight,2026-05-31T00:00:00.000,3 - Multi-Unit Trucks
1276,Overnight,2026-05-31T00:00:00.000,4 - Buses
351,Overnight,2026-05-31T00:00:00.000,5 - Motorcycles
82044,Overnight,2026-05-31T00:00:00.000,TLC Taxi/FHV
186543,Peak,2026-05-31T00:00:00.000,"1 - Cars, Pickups and Vans"
4024,Peak,2026-05-31T00:00:00.000,2 - Single-Unit Trucks
150,Peak,2026-05-31T00:00:00.000,3 - Multi-Unit Trucks
3106,Peak,2026-05-31T00:00:00.000,4 - Buses
1209,Peak,2026-05-31T00:00:00.000,5 - Motorcycles
97080,Peak,2026-05-31T00:00:00.000,TLC Taxi/FHV
38772,Overnight,2026-06-01T00:00:00.000,"1 - Cars, Pickups and Vans"
3029,Overnight,2026-06-01T00:00:00.000,2 - Single-Unit Trucks
288,Overnight,2026-06-01T00:00:00.000,3 - Multi-Unit Trucks
727,Overnight,2026-06-01T00:00:00.000,4 - Buses
209,Overnight,2026-06-01T00:00:00.000,5 - Motorcycles
41076,Overnight,2026-06-01T00:00:00.000,TLC Taxi/FHV
231392,Peak,2026-06-01T00:00:00.000,"1 - Cars, Pickups and Vans"
20127,Peak,2026-06-01T00:00:00.000,2 - Single-Unit Trucks
815,Peak,2026-06-01T00:00:00.000,3 - Multi-Unit Trucks
9307,Peak,2026-06-01T00:00:00.000,4 - Buses
1559,Peak,2026-06-01T00:00:00.000,5 - Motorcycles
133100,Peak,2026-06-01T00:00:00.000,TLC Taxi/FHV
38188,Overnight,2026-06-02T00:00:00.000,"1 - Cars, Pickups and Vans"
3174,Overnight,2026-06-02T00:00:00.000,2 - Single-Unit Trucks
306,Overnight,2026-06-02T00:00:00.000,3 - Multi-Unit Trucks
787,Overnight,2026-06-02T00:00:00.000,4 - Buses
232,Overnight,2026-06-02T00:00:00.000,5 - Motorcycles
46794,Overnight,2026-06-02T00:00:00.000,TLC Taxi/FHV
235024,Peak,2026-06-02T00:00:00.000,"1 - Cars, Pickups and Vans"
20355,Peak,2026-06-02T00:00:00.000,2 - Single-Unit Trucks
855,Peak,2026-06-02T00:00:00.000,3 - Multi-Unit Trucks
9179,Peak,2026-06-02T00:00:00.000,4 - Buses
1617,Peak,2026-06-02T00:00:00.000,5 - Motorcycles
137924,Peak,2026-06-02T00:00:00.000,TLC Taxi/FHV
39239,Overnight,2026-06-03T00:00:00.000,"1 - Cars, Pickups and Vans"
3227,Overnight,2026-06-03T00:00:00.000,2 - Single-Unit Trucks
292,Overnight,2026-06-03T00:00:00.000,3 - Multi-Unit Trucks
759,Overnight,2026-06-03T00:00:00.000,4 - Buses
244,Overnight,2026-06-03T00:00:00.000,5 - Motorcycles
54388,Overnight,2026-06-03T00:00:00.000,TLC Taxi/FHV
239177,Peak,2026-06-03T00:00:00.000,"1 - Cars, Pickups and Vans"
19967,Peak,2026-06-03T00:00:00.000,2 - Single-Unit Trucks
786,Peak,2026-06-03T00:00:00.000,3 - Multi-Unit Trucks
9473,Peak,2026-06-03T00:00:00.000,4 - Buses
1670,Peak,2026-06-03T00:00:00.000,5 - Motorcycles
143369,Peak,2026-06-03T00:00:00.000,TLC Taxi/FHV
43242,Overnight,2026-06-04T00:00:00.000,"1 - Cars, Pickups and Vans"
3229,Overnight,2026-06-04T00:00:00.000,2 - Single-Unit Trucks
310,Overnight,2026-06-04T00:00:00.000,3 - Multi-Unit Trucks
785,Overnight,2026-06-04T00:00:00.000,4 - Buses
312,Overnight,2026-06-04T00:00:00.000,5 - Motorcycles
60369,Overnight,2026-06-04T00:00:00.000,TLC Taxi/FHV
239893,Peak,2026-06-04T00:00:00.000,"1 - Cars, Pickups and Vans"
20266,Peak,2026-06-04T00:00:00.000,2 - Single-Unit Trucks
850,Peak,2026-06-04T00:00:00.000,3 - Multi-Unit Trucks
8394,Peak,2026-06-04T00:00:00.000,4 - Buses
1580,Peak,2026-06-04T00:00:00.000,5 - Motorcycles
146695,Peak,2026-06-04T00:00:00.000,TLC Taxi/FHV
47764,Overnight,2026-06-05T00:00:00.000,"1 - Cars, Pickups and Vans"
3087,Overnight,2026-06-05T00:00:00.000,2 - Single-Unit Trucks
327,Overnight,2026-06-05T00:00:00.000,3 - Multi-Unit Trucks
842,Overnight,2026-06-05T00:00:00.000,4 - Buses
296,Overnight,2026-06-05T00:00:00.000,5 - Motorcycles
57462,Overnight,2026-06-05T00:00:00.000,TLC Taxi/FHV
237821,Peak,2026-06-05T00:00:00.000,"1 - Cars, Pickups and Vans"
20241,Peak,2026-06-05T00:00:00.000,2 - Single-Unit Trucks
861,Peak,2026-06-05T00:00:00.000,3 - Multi-Unit Trucks
8121,Peak,2026-06-05T00:00:00.000,4 - Buses
1584,Peak,2026-06-05T00:00:00.000,5 - Motorcycles
138335,Peak,2026-06-05T00:00:00.000,TLC Taxi/FHV
100530,Overnight,2026-06-06T00:00:00.000,"1 - Cars, Pickups and Vans"
5308,Overnight,2026-06-06T00:00:00.000,2 - Single-Unit Trucks
415,Overnight,2026-06-06T00:00:00.000,3 - Multi-Unit Trucks
1554,Overnight,2026-06-06T00:00:00.000,4 - Buses
467,Overnight,2026-06-06T00:00:00.000,5 - Motorcycles
95994,Overnight,2026-06-06T00:00:00.000,TLC Taxi/FHV
186771,Peak,2026-06-06T00:00:00.000,"1 - Cars, Pickups and Vans"
5353,Peak,2026-06-06T00:00:00.000,2 - Single-Unit Trucks
229,Peak,2026-06-06T00:00:00.000,3 - Multi-Unit Trucks
3133,Peak,2026-06-06T00:00:00.000,4 - Buses
1037,Peak,2026-06-06T00:00:00.000,5 - Motorcycles
109875,Peak,2026-06-06T00:00:00.000,TLC Taxi/FHV
83917,Overnight,2026-06-07T00:00:00.000,"1 - Cars, Pickups and Vans"
2661,Overnight,2026-06-07T00:00:00.000,2 - Single-Unit Trucks
189,Overnight,2026-06-07T00:00:00.000,3 - Multi-Unit Trucks
1264,Overnight,2026-06-07T00:00:00.000,4 - Buses
396,Overnight,2026-06-07T00:00:00.000,5 - Motorcycles
82570,Overnight,2026-06-07T00:00:00.000,TLC Taxi/FHV
190671,Peak,2026-06-07T00:00:00.000,"1 - Cars, Pickups and Vans"
3459,Peak,2026-06-07T00:00:00.000,2 - Single-Unit Trucks
169,Peak,2026-06-07T00:00:00.000,3 - Multi-Unit Trucks
2852,Peak,2026-06-07T00:00:00.000,4 - Buses
1054,Peak,2026-06-07T00:00:00.000,5 - Motorcycles
101902,Peak,2026-06-07T00:00:00.000,TLC Taxi/FHV
37141,Overnight,2026-06-08T00:00:00.000,"1 - Cars, Pickups and Vans"
2968,Overnight,2026-06-08T00:00:00.000,2 - Single-Unit Trucks
248,Overnight,2026-06-08T00:00:00.000,3 - Multi-Unit Trucks
792,Overnight,2026-06-08T00:00:00.000,4 - Buses
238,Overnight,2026-06-08T00:00:00.000,5 - Motorcycles
46263,Overnight,2026-06-08T00:00:00.000,TLC Taxi/FHV
230147,Peak,2026-06-08T00:00:00.000,"1 - Cars, Pickups and Vans"
19546,Peak,2026-06-08T00:00:00.000,2 - Single-Unit Trucks
801,Peak,2026-06-08T00:00:00.000,3 - Multi-Unit Trucks
8961,Peak,2026-06-08T00:00:00.000,4 - Buses
1646,Peak,2026-06-08T00:00:00.000,5 - Motorcycles
134194,Peak,2026-06-08T00:00:00.000,TLC Taxi/FHV
39008,Overnight,2026-06-09T00:00:00.000,"1 - Cars, Pickups and Vans"
3175,Overnight,2026-06-09T00:00:00.000,2 - Single-Unit Trucks
323,Overnight,2026-06-09T00:00:00.000,3 - Multi-Unit Trucks
819,Overnight,2026-06-09T00:00:00.000,4 - Buses
269,Overnight,2026-06-09T00:00:00.000,5 - Motorcycles
53060,Overnight,2026-06-09T00:00:00.000,TLC Taxi/FHV
235593,Peak,2026-06-09T00:00:00.000,"1 - Cars, Pickups and Vans"
20406,Peak,2026-06-09T00:00:00.000,2 - Single-Unit Trucks
899,Peak,2026-06-09T00:00:00.000,3 - Multi-Unit Trucks
9204,Peak,2026-06-09T00:00:00.000,4 - Buses
1749,Peak,2026-06-09T00:00:00.000,5 - Motorcycles
139457,Peak,2026-06-09T00:00:00.000,TLC Taxi/FHV
37354,Overnight,2026-06-10T00:00:00.000,"1 - Cars, Pickups and Vans"
3191,Overnight,2026-06-10T00:00:00.000,2 - Single-Unit Trucks
311,Overnight,2026-06-10T00:00:00.000,3 - Multi-Unit Trucks
766,Overnight,2026-06-10T00:00:00.000,4 - Buses
228,Overnight,2026-06-10T00:00:00.000,5 - Motorcycles
53841,Overnight,2026-06-10T00:00:00.000,TLC Taxi/FHV
240726,Peak,2026-06-10T00:00:00.000,"1 - Cars, Pickups and Vans"
20111,Peak,2026-06-10T00:00:00.000,2 - Single-Unit Trucks
838,Peak,2026-06-10T00:00:00.000,3 - Multi-Unit Trucks
9198,Peak,2026-06-10T00:00:00.000,4 - Buses
1570,Peak,2026-06-10T00:00:00.000,5 - Motorcycles
145467,Peak,2026-06-10T00:00:00.000,TLC Taxi/FHV
44698,Overnight,2026-06-11T00:00:00.000,"1 - Cars, Pickups and Vans"
3239,Overnight,2026-06-11T00:00:00.000,2 - Single-Unit Trucks
310,Overnight,2026-06-11T00:00:00.000,3 - Multi-Unit Trucks
832,Overnight,2026-06-11T00:00:00.000,4 - Buses
260,Overnight,2026-06-11T00:00:00.000,5 - Motorcycles
64298,Overnight,2026-06-11T00:00:00.000,TLC Taxi/FHV
240961,Peak,2026-06-11T00:00:00.000,"1 - Cars, Pickups and Vans"
20349,Peak,2026-06-11T00:00:00.000,2 - Single-Unit Trucks
881,Peak,2026-06-11T00:00:00.000,3 - Multi-Unit Trucks
9222,Peak,2026-06-11T00:00:00.000,4 - Buses
1505,Peak,2026-06-11T00:00:00.000,5 - Motorcycles
149157,Peak,2026-06-11T00:00:00.000,TLC Taxi/FHV
49110,Overnight,2026-06-12T00:00:00.000,"1 - Cars, Pickups and Vans"
3153,Overnight,2026-06-12T00:00:00.000,2 - Single-Unit Trucks
321,Overnight,2026-06-12T00:00:00.000,3 - Multi-Unit Trucks
850,Overnight,2026-06-12T00:00:00.000,4 - Buses
251,Overnight,2026-06-12T00:00:00.000,5 - Motorcycles
58776,Overnight,2026-06-12T00:00:00.000,TLC Taxi/FHV
240535,Peak,2026-06-12T00:00:00.000,"1 - Cars, Pickups and Vans"
20262,Peak,2026-06-12T00:00:00.000,2 - Single-Unit Trucks
861,Peak,2026-06-12T00:00:00.000,3 - Multi-Unit Trucks
8735,Peak,2026-06-12T00:00:00.000,4 - Buses
1419,Peak,2026-06-12T00:00:00.000,5 - Motorcycles
140461,Peak,2026-06-12T00:00:00.000,TLC Taxi/FHV
91516,Overnight,2026-06-13T00:00:00.000,"1 - Cars, Pickups and Vans"
5317,Overnight,2026-06-13T00:00:00.000,2 - Single-Unit Trucks
411,Overnight,2026-06-13T00:00:00.000,3 - Multi-Unit Trucks
1710,Overnight,2026-06-13T00:00:00.000,4 - Buses
543,Overnight,2026-06-13T00:00:00.000,5 - Motorcycles
90282,Overnight,2026-06-13T00:00:00.000,TLC Taxi/FHV
176340,Peak,2026-06-13T00:00:00.000,"1 - Cars, Pickups and Vans"
5253,Peak,2026-06-13T00:00:00.000,2 - Single-Unit Trucks
206,Peak,2026-06-13T00:00:00.000,3 - Multi-Unit Trucks
3341,Peak,2026-06-13T00:00:00.000,4 - Buses
1181,Peak,2026-06-13T00:00:00.000,5 - Motorcycles
111339,Peak,2026-06-13T00:00:00.000,TLC Taxi/FHV
91596,Overnight,2026-06-14T00:00:00.000,"1 - Cars, Pickups and Vans"
2865,Overnight,2026-06-14T00:00:00.000,2 - Single-Unit Trucks
190,Overnight,2026-06-14T00:00:00.000,3 - Multi-Unit Trucks
1181,Overnight,2026-06-14T00:00:00.000,4 - Buses
503,Overnight,2026-06-14T00:00:00.000,5 - Motorcycles
90050,Overnight,2026-06-14T00:00:00.000,TLC Taxi/FHV
179307,Peak,2026-06-14T00:00:00.000,"1 - Cars, Pickups and Vans"
3668,Peak,2026-06-14T00:00:00.000,2 - Single-Unit Trucks
135,Peak,2026-06-14T00:00:00.000,3 - Multi-Unit Trucks
2716,Peak,2026-06-14T00:00:00.000,4 - Buses
1073,Peak,2026-06-14T00:00:00.000,5 - Motorcycles
94791,Peak,2026-06-14T00:00:00.000,TLC Taxi/FHV
39871,Overnight,2026-06-15T00:00:00.000,"1 - Cars, Pickups and Vans"
2894,Overnight,2026-06-15T00:00:00.000,2 - Single-Unit Trucks
267,Overnight,2026-06-15T00:00:00.000,3 - Multi-Unit Trucks
732,Overnight,2026-06-15T00:00:00.000,4 - Buses
215,Overnight,2026-06-15T00:00:00.000,5 - Motorcycles
42352,Overnight,2026-06-15T00:00:00.000,TLC Taxi/FHV
227377,Peak,2026-06-15T00:00:00.000,"1 - Cars, Pickups and Vans"
19730,Peak,2026-06-15T00:00:00.000,2 - Single-Unit Trucks
793,Peak,2026-06-15T00:00:00.000,3 - Multi-Unit Trucks
8445,Peak,2026-06-15T00:00:00.000,4 - Buses
1619,Peak,2026-06-15T00:00:00.000,5 - Motorcycles
132840,Peak,2026-06-15T00:00:00.000,TLC Taxi/FHV
37837,Overnight,2026-06-16T00:00:00.000,"1 - Cars, Pickups and Vans"
3216,Overnight,2026-06-16T00:00:00.000,2 - Single-Unit Trucks
285,Overnight,2026-06-16T00:00:00.000,3 - Multi-Unit Trucks
774,Overnight,2026-06-16T00:00:00.000,4 - Buses
272,Overnight,2026-06-16T00:00:00.000,5 - Motorcycles
44012,Overnight,2026-06-16T00:00:00.000,TLC Taxi/FHV
225515,Peak,2026-06-16T00:00:00.000,"1 - Cars, Pickups and Vans"
18865,Peak,2026-06-16T00:00:00.000,2 - Single-Unit Trucks
723,Peak,2026-06-16T00:00:00.000,3 - Multi-Unit Trucks
8765,Peak,2026-06-16T00:00:00.000,4 - Buses
1709,Peak,2026-06-16T00:00:00.000,5 - Motorcycles
139203,Peak,2026-06-16T00:00:00.000,TLC Taxi/FHV
41015,Overnight,2026-06-17T00:00:00.000,"1 - Cars, Pickups and Vans"
3124,Overnight,2026-06-17T00:00:00.000,2 - Single-Unit Trucks
255,Overnight,2026-06-17T00:00:00.000,3 - Multi-Unit Trucks
744,Overnight,2026-06-17T00:00:00.000,4 - Buses
207,Overnight,2026-06-17T00:00:00.000,5 - Motorcycles
50625,Overnight,2026-06-17T00:00:00.000,TLC Taxi/FHV
238718,Peak,2026-06-17T00:00:00.000,"1 - Cars, Pickups and Vans"
20757,Peak,2026-06-17T00:00:00.000,2 - Single-Unit Trucks
808,Peak,2026-06-17T00:00:00.000,3 - Multi-Unit Trucks
8665,Peak,2026-06-17T00:00:00.000,4 - Buses
1603,Peak,2026-06-17T00:00:00.000,5 - Motorcycles
141888,Peak,2026-06-17T00:00:00.000,TLC Taxi/FHV
50360,Overnight,2026-06-18T00:00:00.000,"1 - Cars, Pickups and Vans"
3304,Overnight,2026-06-18T00:00:00.000,2 - Single-Unit Trucks
284,Overnight,2026-06-18T00:00:00.000,3 - Multi-Unit Trucks
816,Overnight,2026-06-18T00:00:00.000,4 - Buses
288,Overnight,2026-06-18T00:00:00.000,5 - Motorcycles
53589,Overnight,2026-06-18T00:00:00.000,TLC Taxi/FHV
215571,Peak,2026-06-18T00:00:00.000,"1 - Cars, Pickups and Vans"
17619,Peak,2026-06-18T00:00:00.000,2 - Single-Unit Trucks
726,Peak,2026-06-18T00:00:00.000,3 - Multi-Unit Trucks
7960,Peak,2026-06-18T00:00:00.000,4 - Buses
1470,Peak,2026-06-18T00:00:00.000,5 - Motorcycles
139761,Peak,2026-06-18T00:00:00.000,TLC Taxi/FHV
49276,Overnight,2026-06-19T00:00:00.000,"1 - Cars, Pickups and Vans"
2883,Overnight,2026-06-19T00:00:00.000,2 - Single-Unit Trucks
310,Overnight,2026-06-19T00:00:00.000,3 - Multi-Unit Trucks
797,Overnight,2026-06-19T00:00:00.000,4 - Buses
296,Overnight,2026-06-19T00:00:00.000,5 - Motorcycles
57873,Overnight,2026-06-19T00:00:00.000,TLC Taxi/FHV
222413,Peak,2026-06-19T00:00:00.000,"1 - Cars, Pickups and Vans"
18282,Peak,2026-06-19T00:00:00.000,2 - Single-Unit Trucks
746,Peak,2026-06-19T00:00:00.000,3 - Multi-Unit Trucks
6332,Peak,2026-06-19T00:00:00.000,4 - Buses
1570,Peak,2026-06-19T00:00:00.000,5 - Motorcycles
131039,Peak,2026-06-19T00:00:00.000,TLC Taxi/FHV
92294,Overnight,2026-06-20T00:00:00.000,"1 - Cars, Pickups and Vans"
5004,Overnight,2026-06-20T00:00:00.000,2 - Single-Unit Trucks
369,Overnight,2026-06-20T00:00:00.000,3 - Multi-Unit Trucks
1537,Overnight,2026-06-20T00:00:00.000,4 - Buses
502,Overnight,2026-06-20T00:00:00.000,5 - Motorcycles
83325,Overnight,2026-06-20T00:00:00.000,TLC Taxi/FHV
181669,Peak,2026-06-20T00:00:00.000,"1 - Cars, Pickups and Vans"
5254,Peak,2026-06-20T00:00:00.000,2 - Single-Unit Trucks
225,Peak,2026-06-20T00:00:00.000,3 - Multi-Unit Trucks
3042,Peak,2026-06-20T00:00:00.000,4 - Buses
1162,Peak,2026-06-20T00:00:00.000,5 - Motorcycles
105457,Peak,2026-06-20T00:00:00.000,TLC Taxi/FHV
87104,Overnight,2026-06-21T00:00:00.000,"1 - Cars, Pickups and Vans"
2541,Overnight,2026-06-21T00:00:00.000,2 - Single-Unit Trucks
185,Overnight,2026-06-21T00:00:00.000,3 - Multi-Unit Trucks
1220,Overnight,2026-06-21T00:00:00.000,4 - Buses
398,Overnight,2026-06-21T00:00:00.000,5 - Motorcycles
79373,Overnight,2026-06-21T00:00:00.000,TLC Taxi/FHV
184538,Peak,2026-06-21T00:00:00.000,"1 - Cars, Pickups and Vans"
3289,Peak,2026-06-21T00:00:00.000,2 - Single-Unit Trucks
138,Peak,2026-06-21T00:00:00.000,3 - Multi-Unit Trucks
2687,Peak,2026-06-21T00:00:00.000,4 - Buses
991,Peak,2026-06-21T00:00:00.000,5 - Motorcycles
95506,Peak,2026-06-21T00:00:00.000,TLC Taxi/FHV
38193,Overnight,2026-06-22T00:00:00.000,"1 - Cars, Pickups and Vans"
2807,Overnight,2026-06-22T00:00:00.000,2 - Single-Unit Trucks
259,Overnight,2026-06-22T00:00:00.000,3 - Multi-Unit Trucks
818,Overnight,2026-06-22T00:00:00.000,4 - Buses
132,Overnight,2026-06-22T00:00:00.000,5 - Motorcycles
38745,Overnight,2026-06-22T00:00:00.000,TLC Taxi/FHV
218079,Peak,2026-06-22T00:00:00.000,"1 - Cars, Pickups and Vans"
18318,Peak,2026-06-22T00:00:00.000,2 - Single-Unit Trucks
706,Peak,2026-06-22T00:00:00.000,3 - Multi-Unit Trucks
8280,Peak,2026-06-22T00:00:00.000,4 - Buses
946,Peak,2026-06-22T00:00:00.000,5 - Motorcycles
135375,Peak,2026-06-22T00:00:00.000,TLC Taxi/FHV
40747,Overnight,2026-06-23T00:00:00.000,"1 - Cars, Pickups and Vans"
3142,Overnight,2026-06-23T00:00:00.000,2 - Single-Unit Trucks
280,Overnight,2026-06-23T00:00:00.000,3 - Multi-Unit Trucks
924,Overnight,2026-06-23T00:00:00.000,4 - Buses
143,Overnight,2026-06-23T00:00:00.000,5 - Motorcycles
48409,Overnight,2026-06-23T00:00:00.000,TLC Taxi/FHV
232000,Peak,2026-06-23T00:00:00.000,"1 - Cars, Pickups and Vans"
19834,Peak,2026-06-23T00:00:00.000,2 - Single-Unit Trucks
862,Peak,2026-06-23T00:00:00.000,3 - Multi-Unit Trucks
8220,Peak,2026-06-23T00:00:00.000,4 - Buses
1036,Peak,2026-06-23T00:00:00.000,5 - Motorcycles
140251,Peak,2026-06-23T00:00:00.000,TLC Taxi/FHV
41740,Overnight,2026-06-24T00:00:00.000,"1 - Cars, Pickups and Vans"
3302,Overnight,2026-06-24T00:00:00.000,2 - Single-Unit Trucks
282,Overnight,2026-06-24T00:00:00.000,3 - Multi-Unit Trucks
793,Overnight,2026-06-24T00:00:00.000,4 - Buses
269,Overnight,2026-06-24T00:00:00.000,5 - Motorcycles
51970,Overnight,2026-06-24T00:00:00.000,TLC Taxi/FHV
239923,Peak,2026-06-24T00:00:00.000,"1 - Cars, Pickups and Vans"
20504,Peak,2026-06-24T00:00:00.000,2 - Single-Unit Trucks
894,Peak,2026-06-24T00:00:00.000,3 - Multi-Unit Trucks
8206,Peak,2026-06-24T00:00:00.000,4 - Buses
1698,Peak,2026-06-24T00:00:00.000,5 - Motorcycles
138492,Peak,2026-06-24T00:00:00.000,TLC Taxi/FHV
43582,Overnight,2026-06-25T00:00:00.000,"1 - Cars, Pickups and Vans"
3287,Overnight,2026-06-25T00:00:00.000,2 - Single-Unit Trucks
307,Overnight,2026-06-25T00:00:00.000,3 - Multi-Unit Trucks
863,Overnight,2026-06-25T00:00:00.000,4 - Buses
252,Overnight,2026-06-25T00:00:00.000,5 - Motorcycles
54127,Overnight,2026-06-25T00:00:00.000,TLC Taxi/FHV
231629,Peak,2026-06-25T00:00:00.000,"1 - Cars, Pickups and Vans"
19227,Peak,2026-06-25T00:00:00.000,2 - Single-Unit Trucks
762,Peak,2026-06-25T00:00:00.000,3 - Multi-Unit Trucks
8459,Peak,2026-06-25T00:00:00.000,4 - Buses
1645,Peak,2026-06-25T00:00:00.000,5 - Motorcycles
142763,Peak,2026-06-25T00:00:00.000,TLC Taxi/FHV
48230,Overnight,2026-06-26T00:00:00.000,"1 - Cars, Pickups and Vans"
3066,Overnight,2026-06-26T00:00:00.000,2 - Single-Unit Trucks
286,Overnight,2026-06-26T00:00:00.000,3 - Multi-Unit Trucks
813,Overnight,2026-06-26T00:00:00.000,4 - Buses
243,Overnight,2026-06-26T00:00:00.000,5 - Motorcycles
56931,Overnight,2026-06-26T00:00:00.000,TLC Taxi/FHV
235641,Peak,2026-06-26T00:00:00.000,"1 - Cars, Pickups and Vans"
20759,Peak,2026-06-26T00:00:00.000,2 - Single-Unit Trucks
846,Peak,2026-06-26T00:00:00.000,3 - Multi-Unit Trucks
7694,Peak,2026-06-26T00:00:00.000,4 - Buses
1495,Peak,2026-06-26T00:00:00.000,5 - Motorcycles
137098,Peak,2026-06-26T00:00:00.000,TLC Taxi/FHV
91783,Overnight,2026-06-27T00:00:00.000,"1 - Cars, Pickups and Vans"
5492,Overnight,2026-06-27T00:00:00.000,2 - Single-Unit Trucks
363,Overnight,2026-06-27T00:00:00.000,3 - Multi-Unit Trucks
1763,Overnight,2026-06-27T00:00:00.000,4 - Buses
451,Overnight,2026-06-27T00:00:00.000,5 - Motorcycles
91271,Overnight,2026-06-27T00:00:00.000,TLC Taxi/FHV
169217,Peak,2026-06-27T00:00:00.000,"1 - Cars, Pickups and Vans"
5740,Peak,2026-06-27T00:00:00.000,2 - Single-Unit Trucks
182,Peak,2026-06-27T00:00:00.000,3 - Multi-Unit Trucks
3481,Peak,2026-06-27T00:00:00.000,4 - Buses
770,Peak,2026-06-27T00:00:00.000,5 - Motorcycles
109423,Peak,2026-06-27T00:00:00.000,TLC Taxi/FHV
86632,Overnight,2026-06-28T00:00:00.000,"1 - Cars, Pickups and Vans"
2954,Overnight,2026-06-28T00:00:00.000,2 - Single-Unit Trucks
210,Overnight,2026-06-28T00:00:00.000,3 - Multi-Unit Trucks
1300,Overnight,2026-06-28T00:00:00.000,4 - Buses
441,Overnight,2026-06-28T00:00:00.000,5 - Motorcycles
83791,Overnight,2026-06-28T00:00:00.000,TLC Taxi/FHV
177464,Peak,2026-06-28T00:00:00.000,"1 - Cars, Pickups and Vans"
3719,Peak,2026-06-28T00:00:00.000,2 - Single-Unit Trucks
138,Peak,2026-06-28T00:00:00.000,3 - Multi-Unit Trucks
2775,Peak,2026-06-28T00:00:00.000,4 - Buses
1000,Peak,2026-06-28T00:00:00.000,5 - Motorcycles
96983,Peak,2026-06-28T00:00:00.000,TLC Taxi/FHV
40101,Overnight,2026-06-29T00:00:00.000,"1 - Cars, Pickups and Vans"
3030,Overnight,2026-06-29T00:00:00.000,2 - Single-Unit Trucks
288,Overnight,2026-06-29T00:00:00.000,3 - Multi-Unit Trucks
757,Overnight,2026-06-29T00:00:00.000,4 - Buses
242,Overnight,2026-06-29T00:00:00.000,5 - Motorcycles
41134,Overnight,2026-06-29T00:00:00.000,TLC Taxi/FHV
226829,Peak,2026-06-29T00:00:00.000,"1 - Cars, Pickups and Vans"
20222,Peak,2026-06-29T00:00:00.000,2 - Single-Unit Trucks
885,Peak,2026-06-29T00:00:00.000,3 - Multi-Unit Trucks
7200,Peak,2026-06-29T00:00:00.000,4 - Buses
1484,Peak,2026-06-29T00:00:00.000,5 - Motorcycles
128947,Peak,2026-06-29T00:00:00.000,TLC Taxi/FHV
39704,Overnight,2026-06-30T00:00:00.000,"1 - Cars, Pickups and Vans"
3428,Overnight,2026-06-30T00:00:00.000,2 - Single-Unit Trucks
319,Overnight,2026-06-30T00:00:00.000,3 - Multi-Unit Trucks
882,Overnight,2026-06-30T00:00:00.000,4 - Buses
287,Overnight,2026-06-30T00:00:00.000,5 - Motorcycles
43046,Overnight,2026-06-30T00:00:00.000,TLC Taxi/FHV
225352,Peak,2026-06-30T00:00:00.000,"1 - Cars, Pickups and Vans"
19916,Peak,2026-06-30T00:00:00.000,2 - Single-Unit Trucks
811,Peak,2026-06-30T00:00:00.000,3 - Multi-Unit Trucks
7638,Peak,2026-06-30T00:00:00.000,4 - Buses
1598,Peak,2026-06-30T00:00:00.000,5 - Motorcycles
134533,Peak,2026-06-30T00:00:00.000,TLC Taxi/FHV
39702,Overnight,2026-07-01T00:00:00.000,"1 - Cars, Pickups and Vans"
3142,Overnight,2026-07-01T00:00:00.000,2 - Single-Unit Trucks
267,Overnight,2026-07-01T00:00:00.000,3 - Multi-Unit Trucks
721,Overnight,2026-07-01T00:00:00.000,4 - Buses
256,Overnight,2026-07-01T00:00:00.000,5 - Motorcycles
45463,Overnight,2026-07-01T00:00:00.000,TLC Taxi/FHV
227497,Peak,2026-07-01T00:00:00.000,"1 - Cars, Pickups and Vans"
20456,Peak,2026-07-01T00:00:00.000,2 - Single-Unit Trucks
920,Peak,2026-07-01T00:00:00.000,3 - Multi-Unit Trucks
7327,Peak,2026-07-01T00:00:00.000,4 - Buses
1488,Peak,2026-07-01T00:00:00.000,5 - Motorcycles
139019,Peak,2026-07-01T00:00:00.000,TLC Taxi/FHV
43145,Overnight,2026-07-02T00:00:00.000,"1 - Cars, Pickups and Vans"
3131,Overnight,2026-07-02T00:00:00.000,2 - Single-Unit Trucks
285,Overnight,2026-07-02T00:00:00.000,3 - Multi-Unit Trucks
748,Overnight,2026-07-02T00:00:00.000,4 - Buses
272,Overnight,2026-07-02T00:00:00.000,5 - Motorcycles
43827,Overnight,2026-07-02T00:00:00.000,TLC Taxi/FHV
222033,Peak,2026-07-02T00:00:00.000,"1 - Cars, Pickups and Vans"
19069,Peak,2026-07-02T00:00:00.000,2 - Single-Unit Trucks
881,Peak,2026-07-02T00:00:00.000,3 - Multi-Unit Trucks
7027,Peak,2026-07-02T00:00:00.000,4 - Buses
1269,Peak,2026-07-02T00:00:00.000,5 - Motorcycles
137826,Peak,2026-07-02T00:00:00.000,TLC Taxi/FHV
43669,Overnight,2026-07-03T00:00:00.000,"1 - Cars, Pickups and Vans"
2149,Overnight,2026-07-03T00:00:00.000,2 - Single-Unit Trucks
211,Overnight,2026-07-03T00:00:00.000,3 - Multi-Unit Trucks
718,Overnight,2026-07-03T00:00:00.000,4 - Buses
219,Overnight,2026-07-03T00:00:00.000,5 - Motorcycles
46882,Overnight,2026-07-03T00:00:00.000,TLC Taxi/FHV
179825,Peak,2026-07-03T00:00:00.000,"1 - Cars, Pickups and Vans"
10231,Peak,2026-07-03T00:00:00.000,2 - Single-Unit Trucks
480,Peak,2026-07-03T00:00:00.000,3 - Multi-Unit Trucks
3847,Peak,2026-07-03T00:00:00.000,4 - Buses
937,Peak,2026-07-03T00:00:00.000,5 - Motorcycles
120976,Peak,2026-07-03T00:00:00.000,TLC Taxi/FHV
70883,Overnight,2026-07-04T00:00:00.000,"1 - Cars, Pickups and Vans"
2430,Overnight,2026-07-04T00:00:00.000,2 - Single-Unit Trucks
190,Overnight,2026-07-04T00:00:00.000,3 - Multi-Unit Trucks
1346,Overnight,2026-07-04T00:00:00.000,4 - Buses
313,Overnight,2026-07-04T00:00:00.000,5 - Motorcycles
62983,Overnight,2026-07-04T00:00:00.000,TLC Taxi/FHV
116602,Peak,2026-07-04T00:00:00.000,"1 - Cars, Pickups and Vans"
2406,Peak,2026-07-04T00:00:00.000,2 - Single-Unit Trucks
112,Peak,2026-07-04T00:00:00.000,3 - Multi-Unit Trucks
2684,Peak,2026-07-04T00:00:00.000,4 - Buses
665,Peak,2026-07-04T00:00:00.000,5 - Motorcycles
79266,Peak,2026-07-04T00:00:00.000,TLC Taxi/FHV
75773,Overnight,2026-07-05T00:00:00.000,"1 - Cars, Pickups and Vans"
2113,Overnight,2026-07-05T00:00:00.000,2 - Single-Unit Trucks
157,Overnight,2026-07-05T00:00:00.000,3 - Multi-Unit Trucks
1280,Overnight,2026-07-05T00:00:00.000,4 - Buses
233,Overnight,2026-07-05T00:00:00.000,5 - Motorcycles
64614,Overnight,2026-07-05T00:00:00.000,TLC Taxi/FHV
159915,Peak,2026-07-05T00:00:00.000,"1 - Cars, Pickups and Vans"
3061,Peak,2026-07-05T00:00:00.000,2 - Single-Unit Trucks
109,Peak,2026-07-05T00:00:00.000,3 - Multi-Unit Trucks
3186,Peak,2026-07-05T00:00:00.000,4 - Buses
757,Peak,2026-07-05T00:00:00.000,5 - Motorcycles
93836,Peak,2026-07-05T00:00:00.000,TLC Taxi/FHV
36317,Overnight,2026-07-06T00:00:00.000,"1 - Cars, Pickups and Vans"
2582,Overnight,2026-07-06T00:00:00.000,2 - Single-Unit Trucks
245,Overnight,2026-07-06T00:00:00.000,3 - Multi-Unit Trucks
754,Overnight,2026-07-06T00:00:00.000,4 - Buses
77,Overnight,2026-07-06T00:00:00.000,5 - Motorcycles
39037,Overnight,2026-07-06T00:00:00.000,TLC Taxi/FHV
211009,Peak,2026-07-06T00:00:00.000,"1 - Cars, Pickups and Vans"
16766,Peak,2026-07-06T00:00:00.000,2 - Single-Unit Trucks
702,Peak,2026-07-06T00:00:00.000,3 - Multi-Unit Trucks
7670,Peak,2026-07-06T00:00:00.000,4 - Buses
608,Peak,2026-07-06T00:00:00.000,5 - Motorcycles
131073,Peak,2026-07-06T00:00:00.000,TLC Taxi/FHV
37741,Overnight,2026-07-07T00:00:00.000,"1 - Cars, Pickups and Vans"
2887,Overnight,2026-07-07T00:00:00.000,2 - Single-Unit Trucks
264,Overnight,2026-07-07T00:00:00.000,3 - Multi-Unit Trucks
734,Overnight,2026-07-07T00:00:00.000,4 - Buses
132,Overnight,2026-07-07T00:00:00.000,5 - Motorcycles
43279,Overnight,2026-07-07T00:00:00.000,TLC Taxi/FHV
225100,Peak,2026-07-07T00:00:00.000,"1 - Cars, Pickups and Vans"
19345,Peak,2026-07-07T00:00:00.000,2 - Single-Unit Trucks
756,Peak,2026-07-07T00:00:00.000,3 - Multi-Unit Trucks
7945,Peak,2026-07-07T00:00:00.000,4 - Buses
1273,Peak,2026-07-07T00:00:00.000,5 - Motorcycles
134997,Peak,2026-07-07T00:00:00.000,TLC Taxi/FHV
39021,Overnight,2026-07-08T00:00:00.000,"1 - Cars, Pickups and Vans"
2980,Overnight,2026-07-08T00:00:00.000,2 - Single-Unit Trucks
280,Overnight,2026-07-08T00:00:00.000,3 - Multi-Unit Trucks
739,Overnight,2026-07-08T00:00:00.000,4 - Buses
249,Overnight,2026-07-08T00:00:00.000,5 - Motorcycles
46613,Overnight,2026-07-08T00:00:00.000,TLC Taxi/FHV
229098,Peak,2026-07-08T00:00:00.000,"1 - Cars, Pickups and Vans"
19329,Peak,2026-07-08T00:00:00.000,2 - Single-Unit Trucks
727,Peak,2026-07-08T00:00:00.000,3 - Multi-Unit Trucks
8039,Peak,2026-07-08T00:00:00.000,4 - Buses
1625,Peak,2026-07-08T00:00:00.000,5 - Motorcycles
139545,Peak,2026-07-08T00:00:00.000,TLC Taxi/FHV
40342,Overnight,2026-07-09T00:00:00.000,"1 - Cars, Pickups and Vans"
3054,Overnight,2026-07-09T00:00:00.000,2 - Single-Unit Trucks
283,Overnight,2026-07-09T00:00:00.000,3 - Multi-Unit Trucks
746,Overnight,2026-07-09T00:00:00.000,4 - Buses
215,Overnight,2026-07-09T00:00:00.000,5 - Motorcycles
51003,Overnight,2026-07-09T00:00:00.000,TLC Taxi/FHV
231359,Peak,2026-07-09T00:00:00.000,"1 - Cars, Pickups and Vans"
19742,Peak,2026-07-09T00:00:00.000,2 - Single-Unit Trucks
817,Peak,2026-07-09T00:00:00.000,3 - Multi-Unit Trucks
8362,Peak,2026-07-09T00:00:00.000,4 - Buses
1349,Peak,2026-07-09T00:00:00.000,5 - Motorcycles
142891,Peak,2026-07-09T00:00:00.000,TLC Taxi/FHV
47932,Overnight,2026-07-10T00:00:00.000,"1 - Cars, Pickups and Vans"
3124,Overnight,2026-07-10T00:00:00.000,2 - Single-Unit Trucks
308,Overnight,2026-07-10T00:00:00.000,3 - Multi-Unit Trucks
787,Overnight,2026-07-10T00:00:00.000,4 - Buses
264,Overnight,2026-07-10T00:00:00.000,5 - Motorcycles
55408,Overnight,2026-07-10T00:00:00.000,TLC Taxi/FHV
229313,Peak,2026-07-10T00:00:00.000,"1 - Cars, Pickups and Vans"
19546,Peak,2026-07-10T00:00:00.000,2 - Single-Unit Trucks
808,Peak,2026-07-10T00:00:00.000,3 - Multi-Unit Trucks
7862,Peak,2026-07-10T00:00:00.000,4 - Buses
1442,Peak,2026-07-10T00:00:00.000,5 - Motorcycles
139201,Peak,2026-07-10T00:00:00.000,TLC Taxi/FHV
93535,Overnight,2026-07-11T00:00:00.000,"1 - Cars, Pickups and Vans"
5273,Overnight,2026-07-11T00:00:00.000,2 - Single-Unit Trucks
388,Overnight,2026-07-11T00:00:00.000,3 - Multi-Unit Trucks
1517,Overnight,2026-07-11T00:00:00.000,4 - Buses
471,Overnight,2026-07-11T00:00:00.000,5 - Motorcycles
89802,Overnight,2026-07-11T00:00:00.000,TLC Taxi/FHV
175963,Peak,2026-07-11T00:00:00.000,"1 - Cars, Pickups and Vans"
5166,Peak,2026-07-11T00:00:00.000,2 - Single-Unit Trucks
203,Peak,2026-07-11T00:00:00.000,3 - Multi-Unit Trucks
3075,Peak,2026-07-11T00:00:00.000,4 - Buses
927,Peak,2026-07-11T00:00:00.000,5 - Motorcycles
107661,Peak,2026-07-11T00:00:00.000,TLC Taxi/FHV
85375,Overnight,2026-07-12T00:00:00.000,"1 - Cars, Pickups and Vans"
2560,Overnight,2026-07-12T00:00:00.000,2 - Single-Unit Trucks
221,Overnight,2026-07-12T00:00:00.000,3 - Multi-Unit Trucks
1267,Overnight,2026-07-12T00:00:00.000,4 - Buses
464,Overnight,2026-07-12T00:00:00.000,5 - Motorcycles
84607,Overnight,2026-07-12T00:00:00.000,TLC Taxi/FHV
179211,Peak,2026-07-12T00:00:00.000,"1 - Cars, Pickups and Vans"
3342,Peak,2026-07-12T00:00:00.000,2 - Single-Unit Trucks
146,Peak,2026-07-12T00:00:00.000,3 - Multi-Unit Trucks
2738,Peak,2026-07-12T00:00:00.000,4 - Buses
1034,Peak,2026-07-12T00:00:00.000,5 - Motorcycles
98961,Peak,2026-07-12T00:00:00.000,TLC Taxi/FHV
41030,Overnight,2026-07-13T00:00:00.000,"1 - Cars, Pickups and Vans"
2947,Overnight,2026-07-13T00:00:00.000,2 - Single-Unit Trucks
269,Overnight,2026-07-13T00:00:00.000,3 - Multi-Unit Trucks
769,Overnight,2026-07-13T00:00:00.000,4 - Buses
236,Overnight,2026-07-13T00:00:00.000,5 - Motorcycles
41685,Overnight,2026-07-13T00:00:00.000,TLC Taxi/FHV
223094,Peak,2026-07-13T00:00:00.000,"1 - Cars, Pickups and Vans"
19195,Peak,2026-07-13T00:00:00.000,2 - Single-Unit Trucks
782,Peak,2026-07-13T00:00:00.000,3 - Multi-Unit Trucks
8050,Peak,2026-07-13T00:00:00.000,4 - Buses
1531,Peak,2026-07-13T00:00:00.000,5 - Motorcycles
135369,Peak,2026-07-13T00:00:00.000,TLC Taxi/FHV
37856,Overnight,2026-07-14T00:00:00.000,"1 - Cars, Pickups and Vans"
3118,Overnight,2026-07-14T00:00:00.000,2 - Single-Unit Trucks
280,Overnight,2026-07-14T00:00:00.000,3 - Multi-Unit Trucks
757,Overnight,2026-07-14T00:00:00.000,4 - Buses
219,Overnight,2026-07-14T00:00:00.000,5 - Motorcycles
44889,Overnight,2026-07-14T00:00:00.000,TLC Taxi/FHV
231445,Peak,2026-07-14T00:00:00.000,"1 - Cars, Pickups and Vans"
19954,Peak,2026-07-14T00:00:00.000,2 - Single-Unit Trucks
776,Peak,2026-07-14T00:00:00.000,3 - Multi-Unit Trucks
8168,Peak,2026-07-14T00:00:00.000,4 - Buses
1638,Peak,2026-07-14T00:00:00.000,5 - Motorcycles
139618,Peak,2026-07-14T00:00:00.000,TLC Taxi/FHV
37511,Overnight,2026-07-15T00:00:00.000,"1 - Cars, Pickups and Vans"
3117,Overnight,2026-07-15T00:00:00.000,2 - Single-Unit Trucks
276,Overnight,2026-07-15T00:00:00.000,3 - Multi-Unit Trucks
747,Overnight,2026-07-15T00:00:00.000,4 - Buses
237,Overnight,2026-07-15T00:00:00.000,5 - Motorcycles
50849,Overnight,2026-07-15T00:00:00.000,TLC Taxi/FHV
234645,Peak,2026-07-15T00:00:00.000,"1 - Cars, Pickups and Vans"
20011,Peak,2026-07-15T00:00:00.000,2 - Single-Unit Trucks
794,Peak,2026-07-15T00:00:00.000,3 - Multi-Unit Trucks
8058,Peak,2026-07-15T00:00:00.000,4 - Buses
1466,Peak,2026-07-15T00:00:00.000,5 - Motorcycles
144615,Peak,2026-07-15T00:00:00.000,TLC Taxi/FHV
40974,Overnight,2026-07-16T00:00:00.000,"1 - Cars, Pickups and Vans"
3223,Overnight,2026-07-16T00:00:00.000,2 - Single-Unit Trucks
286,Overnight,2026-07-16T00:00:00.000,3 - Multi-Unit Trucks
808,Overnight,2026-07-16T00:00:00.000,4 - Buses
224,Overnight,2026-07-16T00:00:00.000,5 - Motorcycles
55110,Overnight,2026-07-16T00:00:00.000,TLC Taxi/FHV
238395,Peak,2026-07-16T00:00:00.000,"1 - Cars, Pickups and Vans"
20200,Peak,2026-07-16T00:00:00.000,2 - Single-Unit Trucks
774,Peak,2026-07-16T00:00:00.000,3 - Multi-Unit Trucks
8128,Peak,2026-07-16T00:00:00.000,4 - Buses
1563,Peak,2026-07-16T00:00:00.000,5 - Motorcycles
149441,Peak,2026-07-16T00:00:00.000,TLC Taxi/FHV
48282,Overnight,2026-07-17T00:00:00.000,"1 - Cars, Pickups and Vans"
3064,Overnight,2026-07-17T00:00:00.000,2 - Single-Unit Trucks
266,Overnight,2026-07-17T00:00:00.000,3 - Multi-Unit Trucks
769,Overnight,2026-07-17T00:00:00.000,4 - Buses
277,Overnight,2026-07-17T00:00:00.000,5 - Motorcycles
57437,Overnight,2026-07-17T00:00:00.000,TLC Taxi/FHV
230934,Peak,2026-07-17T00:00:00.000,"1 - Cars, Pickups and Vans"
19717,Peak,2026-07-17T00:00:00.000,2 - Single-Unit Trucks
767,Peak,2026-07-17T00:00:00.000,3 - Multi-Unit Trucks
7941,Peak,2026-07-17T00:00:00.000,4 - Buses
1529,Peak,2026-07-17T00:00:00.000,5 - Motorcycles
134990,Peak,2026-07-17T00:00:00.000,TLC Taxi/FHV
87836,Overnight,2026-07-18T00:00:00.000,"1 - Cars, Pickups and Vans"
5078,Overnight,2026-07-18T00:00:00.000,2 - Single-Unit Trucks
375,Overnight,2026-07-18T00:00:00.000,3 - Multi-Unit Trucks
1638,Overnight,2026-07-18T00:00:00.000,4 - Buses
318,Overnight,2026-07-18T00:00:00.000,5 - Motorcycles
91042,Overnight,2026-07-18T00:00:00.000,TLC Taxi/FHV
158302,Peak,2026-07-18T00:00:00.000,"1 - Cars, Pickups and Vans"
5135,Peak,2026-07-18T00:00:00.000,2 - Single-Unit Trucks
184,Peak,2026-07-18T00:00:00.000,3 - Multi-Unit Trucks
2885,Peak,2026-07-18T00:00:00.000,4 - Buses
480,Peak,2026-07-18T00:00:00.000,5 - Motorcycles
111132,Peak,2026-07-18T00:00:00.000,TLC Taxi/FHV
83053,Overnight,2026-07-19T00:00:00.000,"1 - Cars, Pickups and Vans"
2925,Overnight,2026-07-19T00:00:00.000,2 - Single-Unit Trucks
196,Overnight,2026-07-19T00:00:00.000,3 - Multi-Unit Trucks
1835,Overnight,2026-07-19T00:00:00.000,4 - Buses
329,Overnight,2026-07-19T00:00:00.000,5 - Motorcycles
86756,Overnight,2026-07-19T00:00:00.000,TLC Taxi/FHV
161824,Peak,2026-07-19T00:00:00.000,"1 - Cars, Pickups and Vans"
4022,Peak,2026-07-19T00:00:00.000,2 - Single-Unit Trucks
144,Peak,2026-07-19T00:00:00.000,3 - Multi-Unit Trucks
3208,Peak,2026-07-19T00:00:00.000,4 - Buses
1067,Peak,2026-07-19T00:00:00.000,5 - Motorcycles
98228,Peak,2026-07-19T00:00:00.000,TLC Taxi/FHV
40660,Overnight,2026-07-20T00:00:00.000,"1 - Cars, Pickups and Vans"
2914,Overnight,2026-07-20T00:00:00.000,2 - Single-Unit Trucks
275,Overnight,2026-07-20T00:00:00.000,3 - Multi-Unit Trucks
785,Overnight,2026-07-20T00:00:00.000,4 - Buses
232,Overnight,2026-07-20T00:00:00.000,5 - Motorcycles
46712,Overnight,2026-07-20T00:00:00.000,TLC Taxi/FHV
224738,Peak,2026-07-20T00:00:00.000,"1 - Cars, Pickups and Vans"
19572,Peak,2026-07-20T00:00:00.000,2 - Single-Unit Trucks
826,Peak,2026-07-20T00:00:00.000,3 - Multi-Unit Trucks
8051,Peak,2026-07-20T00:00:00.000,4 - Buses
1482,Peak,2026-07-20T00:00:00.000,5 - Motorcycles
133390,Peak,2026-07-20T00:00:00.000,TLC Taxi/FHV
35371,Overnight,2026-07-21T00:00:00.000,"1 - Cars, Pickups and Vans"
3068,Overnight,2026-07-21T00:00:00.000,2 - Single-Unit Trucks
291,Overnight,2026-07-21T00:00:00.000,3 - Multi-Unit Trucks
753,Overnight,2026-07-21T00:00:00.000,4 - Buses
149,Overnight,2026-07-21T00:00:00.000,5 - Motorcycles
44460,Overnight,2026-07-21T00:00:00.000,TLC Taxi/FHV
219934,Peak,2026-07-21T00:00:00.000,"1 - Cars, Pickups and Vans"
19380,Peak,2026-07-21T00:00:00.000,2 - Single-Unit Trucks
838,Peak,2026-07-21T00:00:00.000,3 - Multi-Unit Trucks
8037,Peak,2026-07-21T00:00:00.000,4 - Buses
1014,Peak,2026-07-21T00:00:00.000,5 - Motorcycles
139883,Peak,2026-07-21T00:00:00.000,TLC Taxi/FHV
38956,Overnight,2026-07-22T00:00:00.000,"1 - Cars, Pickups and Vans"
3064,Overnight,2026-07-22T00:00:00.000,2 - Single-Unit Trucks
261,Overnight,2026-07-22T00:00:00.000,3 - Multi-Unit Trucks
766,Overnight,2026-07-22T00:00:00.000,4 - Buses
216,Overnight,2026-07-22T00:00:00.000,5 - Motorcycles
49326,Overnight,2026-07-22T00:00:00.000,TLC Taxi/FHV
233867,Peak,2026-07-22T00:00:00.000,"1 - Cars, Pickups and Vans"
19746,Peak,2026-07-22T00:00:00.000,2 - Single-Unit Trucks
803,Peak,2026-07-22T00:00:00.000,3 - Multi-Unit Trucks
8313,Peak,2026-07-22T00:00:00.000,4 - Buses
1596,Peak,2026-07-22T00:00:00.000,5 - Motorcycles
144490,Peak,2026-07-22T00:00:00.000,TLC Taxi/FHV
40838,Overnight,2026-07-23T00:00:00.000,"1 - Cars, Pickups and Vans"
3038,Overnight,2026-07-23T00:00:00.000,2 - Single-Unit Trucks
341,Overnight,2026-07-23T00:00:00.000,3 - Multi-Unit Trucks
830,Overnight,2026-07-23T00:00:00.000,4 - Buses
248,Overnight,2026-07-23T00:00:00.000,5 - Motorcycles
53972,Overnight,2026-07-23T00:00:00.000,TLC Taxi/FHV
231579,Peak,2026-07-23T00:00:00.000,"1 - Cars, Pickups and Vans"
19244,Peak,2026-07-23T00:00:00.000,2 - Single-Unit Trucks
835,Peak,2026-07-23T00:00:00.000,3 - Multi-Unit Trucks
8309,Peak,2026-07-23T00:00:00.000,4 - Buses
1733,Peak,2026-07-23T00:00:00.000,5 - Motorcycles
145818,Peak,2026-07-23T00:00:00.000,TLC Taxi/FHV
47052,Overnight,2026-07-24T00:00:00.000,"1 - Cars, Pickups and Vans"
3116,Overnight,2026-07-24T00:00:00.000,2 - Single-Unit Trucks
311,Overnight,2026-07-24T00:00:00.000,3 - Multi-Unit Trucks
825,Overnight,2026-07-24T00:00:00.000,4 - Buses
289,Overnight,2026-07-24T00:00:00.000,5 - Motorcycles
54500,Overnight,2026-07-24T00:00:00.000,TLC Taxi/FHV
229514,Peak,2026-07-24T00:00:00.000,"1 - Cars, Pickups and Vans"
19529,Peak,2026-07-24T00:00:00.000,2 - Single-Unit Trucks
753,Peak,2026-07-24T00:00:00.000,3 - Multi-Unit Trucks
8144,Peak,2026-07-24T00:00:00.000,4 - Buses
1652,Peak,2026-07-24T00:00:00.000,5 - Motorcycles
135994,Peak,2026-07-24T00:00:00.000,TLC Taxi/FHV
95056,Overnight,2026-07-25T00:00:00.000,"1 - Cars, Pickups and Vans"
5387,Overnight,2026-07-25T00:00:00.000,2 - Single-Unit Trucks
367,Overnight,2026-07-25T00:00:00.000,3 - Multi-Unit Trucks
1570,Overnight,2026-07-25T00:00:00.000,4 - Buses
524,Overnight,2026-07-25T00:00:00.000,5 - Motorcycles
87478,Overnight,2026-07-25T00:00:00.000,TLC Taxi/FHV
179051,Peak,2026-07-25T00:00:00.000,"1 - Cars, Pickups and Vans"
5304,Peak,2026-07-25T00:00:00.000,2 - Single-Unit Trucks
224,Peak,2026-07-25T00:00:00.000,3 - Multi-Unit Trucks
3122,Peak,2026-07-25T00:00:00.000,4 - Buses
1151,Peak,2026-07-25T00:00:00.000,5 - Motorcycles
105264,Peak,2026-07-25T00:00:00.000,TLC Taxi/FHV
85588,Overnight,2026-07-26T00:00:00.000,"1 - Cars, Pickups and Vans"
2457,Overnight,2026-07-26T00:00:00.000,2 - Single-Unit Trucks
184,Overnight,2026-07-26T00:00:00.000,3 - Multi-Unit Trucks
1380,Overnight,2026-07-26T00:00:00.000,4 - Buses
464,Overnight,2026-07-26T00:00:00.000,5 - Motorcycles
81058,Overnight,2026-07-26T00:00:00.000,TLC Taxi/FHV
181768,Peak,2026-07-26T00:00:00.000,"1 - Cars, Pickups and Vans"
3387,Peak,2026-07-26T00:00:00.000,2 - Single-Unit Trucks
138,Peak,2026-07-26T00:00:00.000,3 - Multi-Unit Trucks
2845,Peak,2026-07-26T00:00:00.000,4 - Buses
1115,Peak,2026-07-26T00:00:00.000,5 - Motorcycles
97187,Peak,2026-07-26T00:00:00.000,TLC Taxi/FHV
38476,Overnight,2026-07-27T00:00:00.000,"1 - Cars, Pickups and Vans"
2859,Overnight,2026-07-27T00:00:00.000,2 - Single-Unit Trucks
287,Overnight,2026-07-27T00:00:00.000,3 - Multi-Unit Trucks
854,Overnight,2026-07-27T00:00:00.000,4 - Buses
217,Overnight,2026-07-27T00:00:00.000,5 - Motorcycles
39856,Overnight,2026-07-27T00:00:00.000,TLC Taxi/FHV
223473,Peak,2026-07-27T00:00:00.000,"1 - Cars, Pickups and Vans"
19537,Peak,2026-07-27T00:00:00.000,2 - Single-Unit Trucks
712,Peak,2026-07-27T00:00:00.000,3 - Multi-Unit Trucks
8152,Peak,2026-07-27T00:00:00.000,4 - Buses
1422,Peak,2026-07-27T00:00:00.000,5 - Motorcycles
130364,Peak,2026-07-27T00:00:00.000,TLC Taxi/FHV
34953,Overnight,2026-07-28T00:00:00.000,"1 - Cars, Pickups and Vans"
2893,Overnight,2026-07-28T00:00:00.000,2 - Single-Unit Trucks
282,Overnight,2026-07-28T00:00:00.000,3 - Multi-Unit Trucks
734,Overnight,2026-07-28T00:00:00.000,4 - Buses
124,Overnight,2026-07-28T00:00:00.000,5 - Motorcycles
44476,Overnight,2026-07-28T00:00:00.000,TLC Taxi/FHV
223255,Peak,2026-07-28T00:00:00.000,"1 - Cars, Pickups and Vans"
19593,Peak,2026-07-28T00:00:00.000,2 - Single-Unit Trucks
749,Peak,2026-07-28T00:00:00.000,3 - Multi-Unit Trucks
8089,Peak,2026-07-28T00:00:00.000,4 - Buses
1068,Peak,2026-07-28T00:00:00.000,5 - Motorcycles
140016,Peak,2026-07-28T00:00:00.000,TLC Taxi/FHV
38567,Overnight,2026-07-29T00:00:00.000,"1 - Cars, Pickups and Vans"
2971,Overnight,2026-07-29T00:00:00.000,2 - Single-Unit Trucks
266,Overnight,2026-07-29T00:00:00.000,3 - Multi-Unit Trucks
742,Overnight,2026-07-29T00:00:00.000,4 - Buses
172,Overnight,2026-07-29T00:00:00.000,5 - Motorcycles
49328,Overnight,2026-07-29T00:00:00.000,TLC Taxi/FHV
230147,Peak,2026-07-29T00:00:00.000,"1 - Cars, Pickups and Vans"
19951,Peak,2026-07-29T00:00:00.000,2 - Single-Unit Trucks
778,Peak,2026-07-29T00:00:00.000,3 - Multi-Unit Trucks
8274,Peak,2026-07-29T00:00:00.000,4 - Buses
1241,Peak,2026-07-29T00:00:00.000,5 - Motorcycles
144111,Peak,2026-07-29T00:00:00.000,TLC Taxi/FHV
41941,Overnight,2026-07-30T00:00:00.000,"1 - Cars, Pickups and Vans"
3034,Overnight,2026-07-30T00:00:00.000,2 - Single-Unit Trucks
275,Overnight,2026-07-30T00:00:00.000,3 - Multi-Unit Trucks
791,Overnight,2026-07-30T00:00:00.000,4 - Buses
204,Overnight,2026-07-30T00:00:00.000,5 - Motorcycles
54084,Overnight,2026-07-30T00:00:00.000,TLC Taxi/FHV
237959,Peak,2026-07-30T00:00:00.000,"1 - Cars, Pickups and Vans"
20465,Peak,2026-07-30T00:00:00.000,2 - Single-Unit Trucks
750,Peak,2026-07-30T00:00:00.000,3 - Multi-Unit Trucks
8383,Peak,2026-07-30T00:00:00.000,4 - Buses
1407,Peak,2026-07-30T00:00:00.000,5 - Motorcycles
142270,Peak,2026-07-30T00:00:00.000,TLC Taxi/FHV
48379,Overnight,2026-07-31T00:00:00.000,"1 - Cars, Pickups and Vans"
3096,Overnight,2026-07-31T00:00:00.000,2 - Single-Unit Trucks
271,Overnight,2026-07-31T00:00:00.000,3 - Multi-Unit Trucks
834,Overnight,2026-07-31T00:00:00.000,4 - Buses
308,Overnight,2026-07-31T00:00:00.000,5 - Motorcycles
55138,Overnight,2026-07-31T00:00:00.000,TLC Taxi/FHV
232139,Peak,2026-07-31T00:00:00.000,"1 - Cars, Pickups and Vans"
20229,Peak,2026-07-31T00:00:00.000,2 - Single-Unit Trucks
790,Peak,2026-07-31T00:00:00.000,3 - Multi-Unit Trucks
7870,Peak,2026-07-31T00:00:00.000,4 - Buses
1553,Peak,2026-07-31T00:00:00.000,5 - Motorcycles
133877,Peak,2026-07-31T00:00:00.000,TLC Taxi/FHV
93962,Overnight,2026-08-01T00:00:00.000,"1 - Cars, Pickups and Vans"
5310,Overnight,2026-08-01T00:00:00.000,2 - Single-Unit Trucks
367,Overnight,2026-08-01T00:00:00.000,3 - Multi-Unit Trucks
1525,Overnight,2026-08-01T00:00:00.000,4 - Buses
537,Overnight,2026-08-01T00:00:00.000,5 - Motorcycles
85443,Overnight,2026-08-01T00:00:00.000,TLC Taxi/FHV
177667,Peak,2026-08-01T00:00:00.000,"1 - Cars, Pickups and Vans"
5565,Peak,2026-08-01T00:00:00.000,2 - Single-Unit Trucks
194,Peak,2026-08-01T00:00:00.000,3 - Multi-Unit Trucks
3011,Peak,2026-08-01T00:00:00.000,4 - Buses
1059,Peak,2026-08-01T00:00:00.000,5 - Motorcycles
99540,Peak,2026-08-01T00:00:00.000,TLC Taxi/FHV
82384,Overnight,2026-08-02T00:00:00.000,"1 - Cars, Pickups and Vans"
2448,Overnight,2026-08-02T00:00:00.000,2 - Single-Unit Trucks
206,Overnight,2026-08-02T00:00:00.000,3 - Multi-Unit Trucks
1451,Overnight,2026-08-02T00:00:00.000,4 - Buses
330,Overnight,2026-08-02T00:00:00.000,5 - Motorcycles
77533,Overnight,2026-08-02T00:00:00.000,TLC Taxi/FHV
179555,Peak,2026-08-02T00:00:00.000,"1 - Cars, Pickups and Vans"
3264,Peak,2026-08-02T00:00:00.000,2 - Single-Unit Trucks
134,Peak,2026-08-02T00:00:00.000,3 - Multi-Unit Trucks
2833,Peak,2026-08-02T00:00:00.000,4 - Buses
973,Peak,2026-08-02T00:00:00.000,5 - Motorcycles
99430,Peak,2026-08-02T00:00:00.000,TLC Taxi/FHV
38011,Overnight,2026-08-03T00:00:00.000,"1 - Cars, Pickups and Vans"
2726,Overnight,2026-08-03T00:00:00.000,2 - Single-Unit Trucks
279,Overnight,2026-08-03T00:00:00.000,3 - Multi-Unit Trucks
768,Overnight,2026-08-03T00:00:00.000,4 - Buses
179,Overnight,2026-08-03T00:00:00.000,5 - Motorcycles
38751,Overnight,2026-08-03T00:00:00.000,TLC Taxi/FHV
211795,Peak,2026-08-03T00:00:00.000,"1 - Cars, Pickups and Vans"
17808,Peak,2026-08-03T00:00:00.000,2 - Single-Unit Trucks
669,Peak,2026-08-03T00:00:00.000,3 - Multi-Unit Trucks
7955,Peak,2026-08-03T00:00:00.000,4 - Buses
786,Peak,2026-08-03T00:00:00.000,5 - Motorcycles
130133,Peak,2026-08-03T00:00:00.000,TLC Taxi/FHV
37893,Overnight,2026-08-04T00:00:00.000,"1 - Cars, Pickups and Vans"
3025,Overnight,2026-08-04T00:00:00.000,2 - Single-Unit Trucks
303,Overnight,2026-08-04T00:00:00.000,3 - Multi-Unit Trucks
812,Overnight,2026-08-04T00:00:00.000,4 - Buses
216,Overnight,2026-08-04T00:00:00.000,5 - Motorcycles
43658,Overnight,2026-08-04T00:00:00.000,TLC Taxi/FHV
230064,Peak,2026-08-04T00:00:00.000,"1 - Cars, Pickups and Vans"
19796,Peak,2026-08-04T00:00:00.000,2 - Single-Unit Trucks
783,Peak,2026-08-04T00:00:00.000,3 - Multi-Unit Trucks
8191,Peak,2026-08-04T00:00:00.000,4 - Buses
1546,Peak,2026-08-04T00:00:00.000,5 - Motorcycles
132841,Peak,2026-08-04T00:00:00.000,TLC Taxi/FHV
36996,Overnight,2026-08-05T00:00:00.000,"1 - Cars, Pickups and Vans"
2912,Overnight,2026-08-05T00:00:00.000,2 - Single-Unit Trucks
249,Overnight,2026-08-05T00:00:00.000,3 - Multi-Unit Trucks
772,Overnight,2026-08-05T00:00:00.000,4 - Buses
194,Overnight,2026-08-05T00:00:00.000,5 - Motorcycles
47995,Overnight,2026-08-05T00:00:00.000,TLC Taxi/FHV
228281,Peak,2026-08-05T00:00:00.000,"1 - Cars, Pickups and Vans"
19630,Peak,2026-08-05T00:00:00.000,2 - Single-Unit Trucks
746,Peak,2026-08-05T00:00:00.000,3 - Multi-Unit Trucks
8229,Peak,2026-08-05T00:00:00.000,4 - Buses
1497,Peak,2026-08-05T00:00:00.000,5 - Motorcycles
140324,Peak,2026-08-05T00:00:00.000,TLC Taxi/FHV
40869,Overnight,2026-08-06T00:00:00.000,"1 - Cars, Pickups and Vans"
3017,Overnight,2026-08-06T00:00:00.000,2 - Single-Unit Trucks
237,Overnight,2026-08-06T00:00:00.000,3 - Multi-Unit Trucks
821,Overnight,2026-08-06T00:00:00.000,4 - Buses
237,Overnight,2026-08-06T00:00:00.000,5 - Motorcycles
52469,Overnight,2026-08-06T00:00:00.000,TLC Taxi/FHV
232469,Peak,2026-08-06T00:00:00.000,"1 - Cars, Pickups and Vans"
19755,Peak,2026-08-06T00:00:00.000,2 - Single-Unit Trucks
763,Peak,2026-08-06T00:00:00.000,3 - Multi-Unit Trucks
8303,Peak,2026-08-06T00:00:00.000,4 - Buses
1512,Peak,2026-08-06T00:00:00.000,5 - Motorcycles
143980,Peak,2026-08-06T00:00:00.000,TLC Taxi/FHV
45029,Overnight,2026-08-07T00:00:00.000,"1 - Cars, Pickups and Vans"
2925,Overnight,2026-08-07T00:00:00.000,2 - Single-Unit Trucks
263,Overnight,2026-08-07T00:00:00.000,3 - Multi-Unit Trucks
862,Overnight,2026-08-07T00:00:00.000,4 - Buses
189,Overnight,2026-08-07T00:00:00.000,5 - Motorcycles
56696,Overnight,2026-08-07T00:00:00.000,TLC Taxi/FHV
223208,Peak,2026-08-07T00:00:00.000,"1 - Cars, Pickups and Vans"
19443,Peak,2026-08-07T00:00:00.000,2 - Single-Unit Trucks
724,Peak,2026-08-07T00:00:00.000,3 - Multi-Unit Trucks
7929,Peak,2026-08-07T00:00:00.000,4 - Buses
1247,Peak,2026-08-07T00:00:00.000,5 - Motorcycles
132870,Peak,2026-08-07T00:00:00.000,TLC Taxi/FHV
93839,Overnight,2026-08-08T00:00:00.000,"1 - Cars, Pickups and Vans"
5091,Overnight,2026-08-08T00:00:00.000,2 - Single-Unit Trucks
348,Overnight,2026-08-08T00:00:00.000,3 - Multi-Unit Trucks
1592,Overnight,2026-08-08T00:00:00.000,4 - Buses
493,Overnight,2026-08-08T00:00:00.000,5 - Motorcycles
84243,Overnight,2026-08-08T00:00:00.000,TLC Taxi/FHV
173748,Peak,2026-08-08T00:00:00.000,"1 - Cars, Pickups and Vans"
5067,Peak,2026-08-08T00:00:00.000,2 - Single-Unit Trucks
198,Peak,2026-08-08T00:00:00.000,3 - Multi-Unit Trucks
3012,Peak,2026-08-08T00:00:00.000,4 - Buses
917,Peak,2026-08-08T00:00:00.000,5 - Motorcycles
100794,Peak,2026-08-08T00:00:00.000,TLC Taxi/FHV
83501,Overnight,2026-08-09T00:00:00.000,"1 - Cars, Pickups and Vans"
2489,Overnight,2026-08-09T00:00:00.000,2 - Single-Unit Trucks
173,Overnight,2026-08-09T00:00:00.000,3 - Multi-Unit Trucks
1259,Overnight,2026-08-09T00:00:00.000,4 - Buses
435,Overnight,2026-08-09T00:00:00.000,5 - Motorcycles
78186,Overnight,2026-08-09T00:00:00.000,TLC Taxi/FHV
173383,Peak,2026-08-09T00:00:00.000,"1 - Cars, Pickups and Vans"
3123,Peak,2026-08-09T00:00:00.000,2 - Single-Unit Trucks
135,Peak,2026-08-09T00:00:00.000,3 - Multi-Unit Trucks
2693,Peak,2026-08-09T00:00:00.000,4 - Buses
933,Peak,2026-08-09T00:00:00.000,5 - Motorcycles
94326,Peak,2026-08-09T00:00:00.000,TLC Taxi/FHV
38309,Overnight,2026-08-10T00:00:00.000,"1 - Cars, Pickups and Vans"
2817,Overnight,2026-08-10T00:00:00.000,2 - Single-Unit Trucks
251,Overnight,2026-08-10T00:00:00.000,3 - Multi-Unit Trucks
752,Overnight,2026-08-10T00:00:00.000,4 - Buses
222,Overnight,2026-08-10T00:00:00.000,5 - Motorcycles
38198,Overnight,2026-08-10T00:00:00.000,TLC Taxi/FHV
218304,Peak,2026-08-10T00:00:00.000,"1 - Cars, Pickups and Vans"
18720,Peak,2026-08-10T00:00:00.000,2 - Single-Unit Trucks
749,Peak,2026-08-10T00:00:00.000,3 - Multi-Unit Trucks
7513,Peak,2026-08-10T00:00:00.000,4 - Buses
1367,Peak,2026-08-10T00:00:00.000,5 - Motorcycles
125852,Peak,2026-08-10T00:00:00.000,TLC Taxi/FHV
37231,Overnight,2026-08-11T00:00:00.000,"1 - Cars, Pickups and Vans"
2935,Overnight,2026-08-11T00:00:00.000,2 - Single-Unit Trucks
280,Overnight,2026-08-11T00:00:00.000,3 - Multi-Unit Trucks
755,Overnight,2026-08-11T00:00:00.000,4 - Buses
226,Overnight,2026-08-11T00:00:00.000,5 - Motorcycles
41912,Overnight,2026-08-11T00:00:00.000,TLC Taxi/FHV
223567,Peak,2026-08-11T00:00:00.000,"1 - Cars, Pickups and Vans"
19420,Peak,2026-08-11T00:00:00.000,2 - Single-Unit Trucks
760,Peak,2026-08-11T00:00:00.000,3 - Multi-Unit Trucks
7882,Peak,2026-08-11T00:00:00.000,4 - Buses
1460,Peak,2026-08-11T00:00:00.000,5 - Motorcycles
134152,Peak,2026-08-11T00:00:00.000,TLC Taxi/FHV
38925,Overnight,2026-08-12T00:00:00.000,"1 - Cars, Pickups and Vans"
3002,Overnight,2026-08-12T00:00:00.000,2 - Single-Unit Trucks
253,Overnight,2026-08-12T00:00:00.000,3 - Multi-Unit Trucks
779,Overnight,2026-08-12T00:00:00.000,4 - Buses
239,Overnight,2026-08-12T00:00:00.000,5 - Motorcycles
45621,Overnight,2026-08-12T00:00:00.000,TLC Taxi/FHV
229128,Peak,2026-08-12T00:00:00.000,"1 - Cars, Pickups and Vans"
19492,Peak,2026-08-12T00:00:00.000,2 - Single-Unit Trucks
764,Peak,2026-08-12T00:00:00.000,3 - Multi-Unit Trucks
8080,Peak,2026-08-12T00:00:00.000,4 - Buses
1581,Peak,2026-08-12T00:00:00.000,5 - Motorcycles
137261,Peak,2026-08-12T00:00:00.000,TLC Taxi/FHV
40590,Overnight,2026-08-13T00:00:00.000,"1 - Cars, Pickups and Vans"
3072,Overnight,2026-08-13T00:00:00.000,2 - Single-Unit Trucks
249,Overnight,2026-08-13T00:00:00.000,3 - Multi-Unit Trucks
800,Overnight,2026-08-13T00:00:00.000,4 - Buses
251,Overnight,2026-08-13T00:00:00.000,5 - Motorcycles
49138,Overnight,2026-08-13T00:00:00.000,TLC Taxi/FHV
231461,Peak,2026-08-13T00:00:00.000,"1 - Cars, Pickups and Vans"
19794,Peak,2026-08-13T00:00:00.000,2 - Single-Unit Trucks
786,Peak,2026-08-13T00:00:00.000,3 - Multi-Unit Trucks
7993,Peak,2026-08-13T00:00:00.000,4 - Buses
1600,Peak,2026-08-13T00:00:00.000,5 - Motorcycles
141658,Peak,2026-08-13T00:00:00.000,TLC Taxi/FHV
47122,Overnight,2026-08-14T00:00:00.000,"1 - Cars, Pickups and Vans"
2873,Overnight,2026-08-14T00:00:00.000,2 - Single-Unit Trucks
269,Overnight,2026-08-14T00:00:00.000,3 - Multi-Unit Trucks
797,Overnight,2026-08-14T00:00:00.000,4 - Buses
290,Overnight,2026-08-14T00:00:00.000,5 - Motorcycles
51474,Overnight,2026-08-14T00:00:00.000,TLC Taxi/FHV
227564,Peak,2026-08-14T00:00:00.000,"1 - Cars, Pickups and Vans"
19586,Peak,2026-08-14T00:00:00.000,2 - Single-Unit Trucks
791,Peak,2026-08-14T00:00:00.000,3 - Multi-Unit Trucks
7317,Peak,2026-08-14T00:00:00.000,4 - Buses
1581,Peak,2026-08-14T00:00:00.000,5 - Motorcycles
133348,Peak,2026-08-14T00:00:00.000,TLC Taxi/FHV
91562,Overnight,2026-08-15T00:00:00.000,"1 - Cars, Pickups and Vans"
4939,Overnight,2026-08-15T00:00:00.000,2 - Single-Unit Trucks
369,Overnight,2026-08-15T00:00:00.000,3 - Multi-Unit Trucks
1533,Overnight,2026-08-15T00:00:00.000,4 - Buses
505,Overnight,2026-08-15T00:00:00.000,5 - Motorcycles
82589,Overnight,2026-08-15T00:00:00.000,TLC Taxi/FHV
174479,Peak,2026-08-15T00:00:00.000,"1 - Cars, Pickups and Vans"
5128,Peak,2026-08-15T00:00:00.000,2 - Single-Unit Trucks
189,Peak,2026-08-15T00:00:00.000,3 - Multi-Unit Trucks
3053,Peak,2026-08-15T00:00:00.000,4 - Buses
1070,Peak,2026-08-15T00:00:00.000,5 - Motorcycles
97958,Peak,2026-08-15T00:00:00.000,TLC Taxi/FHV
75821,Overnight,2026-08-16T00:00:00.000,"1 - Cars, Pickups and Vans"
2377,Overnight,2026-08-16T00:00:00.000,2 - Single-Unit Trucks
168,Overnight,2026-08-16T00:00:00.000,3 - Multi-Unit Trucks
1237,Overnight,2026-08-16T00:00:00.000,4 - Buses
298,Overnight,2026-08-16T00:00:00.000,5 - Motorcycles
76383,Overnight,2026-08-16T00:00:00.000,TLC Taxi/FHV
171296,Peak,2026-08-16T00:00:00.000,"1 - Cars, Pickups and Vans"
3074,Peak,2026-08-16T00:00:00.000,2 - Single-Unit Trucks
137,Peak,2026-08-16T00:00:00.000,3 - Multi-Unit Trucks
2802,Peak,2026-08-16T00:00:00.000,4 - Buses
791,Peak,2026-08-16T00:00:00.000,5 - Motorcycles
94223,Peak,2026-08-16T00:00:00.000,TLC Taxi/FHV
36320,Overnight,2026-08-17T00:00:00.000,"1 - Cars, Pickups and Vans"
2683,Overnight,2026-08-17T00:00:00.000,2 - Single-Unit Trucks
219,Overnight,2026-08-17T00:00:00.000,3 - Multi-Unit Trucks
729,Overnight,2026-08-17T00:00:00.000,4 - Buses
157,Overnight,2026-08-17T00:00:00.000,5 - Motorcycles
36237,Overnight,2026-08-17T00:00:00.000,TLC Taxi/FHV
215736,Peak,2026-08-17T00:00:00.000,"1 - Cars, Pickups and Vans"
18588,Peak,2026-08-17T00:00:00.000,2 - Single-Unit Trucks
774,Peak,2026-08-17T00:00:00.000,3 - Multi-Unit Trucks
7109,Peak,2026-08-17T00:00:00.000,4 - Buses
1065,Peak,2026-08-17T00:00:00.000,5 - Motorcycles
128296,Peak,2026-08-17T00:00:00.000,TLC Taxi/FHV
35723,Overnight,2026-08-18T00:00:00.000,"1 - Cars, Pickups and Vans"
2881,Overnight,2026-08-18T00:00:00.000,2 - Single-Unit Trucks
246,Overnight,2026-08-18T00:00:00.000,3 - Multi-Unit Trucks
746,Overnight,2026-08-18T00:00:00.000,4 - Buses
219,Overnight,2026-08-18T00:00:00.000,5 - Motorcycles
39872,Overnight,2026-08-18T00:00:00.000,TLC Taxi/FHV
224244,Peak,2026-08-18T00:00:00.000,"1 - Cars, Pickups and Vans"
19315,Peak,2026-08-18T00:00:00.000,2 - Single-Unit Trucks
698,Peak,2026-08-18T00:00:00.000,3 - Multi-Unit Trucks
7043,Peak,2026-08-18T00:00:00.000,4 - Buses
1387,Peak,2026-08-18T00:00:00.000,5 - Motorcycles
133577,Peak,2026-08-18T00:00:00.000,TLC Taxi/FHV
36976,Overnight,2026-08-19T00:00:00.000,"1 - Cars, Pickups and Vans"
2973,Overnight,2026-08-19T00:00:00.000,2 - Single-Unit Trucks
255,Overnight,2026-08-19T00:00:00.000,3 - Multi-Unit Trucks
723,Overnight,2026-08-19T00:00:00.000,4 - Buses
238,Overnight,2026-08-19T00:00:00.000,5 - Motorcycles
44641,Overnight,2026-08-19T00:00:00.000,TLC Taxi/FHV
225328,Peak,2026-08-19T00:00:00.000,"1 - Cars, Pickups and Vans"
19531,Peak,2026-08-19T00:00:00.000,2 - Single-Unit Trucks
706,Peak,2026-08-19T00:00:00.000,3 - Multi-Unit Trucks
6915,Peak,2026-08-19T00:00:00.000,4 - Buses
1527,Peak,2026-08-19T00:00:00.000,5 - Motorcycles
136717,Peak,2026-08-19T00:00:00.000,TLC Taxi/FHV
36294,Overnight,2026-08-20T00:00:00.000,"1 - Cars, Pickups and Vans"
3052,Overnight,2026-08-20T00:00:00.000,2 - Single-Unit Trucks
281,Overnight,2026-08-20T00:00:00.000,3 - Multi-Unit Trucks
783,Overnight,2026-08-20T00:00:00.000,4 - Buses
124,Overnight,2026-08-20T00:00:00.000,5 - Motorcycles
48399,Overnight,2026-08-20T00:00:00.000,TLC Taxi/FHV
227796,Peak,2026-08-20T00:00:00.000,"1 - Cars, Pickups and Vans"
19247,Peak,2026-08-20T00:00:00.000,2 - Single-Unit Trucks
718,Peak,2026-08-20T00:00:00.000,3 - Multi-Unit Trucks
7008,Peak,2026-08-20T00:00:00.000,4 - Buses
1159,Peak,2026-08-20T00:00:00.000,5 - Motorcycles
137886,Peak,2026-08-20T00:00:00.000,TLC Taxi/FHV
45827,Overnight,2026-08-21T00:00:00.000,"1 - Cars, Pickups and Vans"
2756,Overnight,2026-08-21T00:00:00.000,2 - Single-Unit Trucks
270,Overnight,2026-08-21T00:00:00.000,3 - Multi-Unit Trucks
805,Overnight,2026-08-21T00:00:00.000,4 - Buses
200,Overnight,2026-08-21T00:00:00.000,5 - Motorcycles
49477,Overnight,2026-08-21T00:00:00.000,TLC Taxi/FHV
224167,Peak,2026-08-21T00:00:00.000,"1 - Cars, Pickups and Vans"
19435,Peak,2026-08-21T00:00:00.000,2 - Single-Unit Trucks
794,Peak,2026-08-21T00:00:00.000,3 - Multi-Unit Trucks
6717,Peak,2026-08-21T00:00:00.000,4 - Buses
1409,Peak,2026-08-21T00:00:00.000,5 - Motorcycles
129485,Peak,2026-08-21T00:00:00.000,TLC Taxi/FHV
90703,Overnight,2026-08-22T00:00:00.000,"1 - Cars, Pickups and Vans"
5070,Overnight,2026-08-22T00:00:00.000,2 - Single-Unit Trucks
366,Overnight,2026-08-22T00:00:00.000,3 - Multi-Unit Trucks
1590,Overnight,2026-08-22T00:00:00.000,4 - Buses
438,Overnight,2026-08-22T00:00:00.000,5 - Motorcycles
83244,Overnight,2026-08-22T00:00:00.000,TLC Taxi/FHV
173309,Peak,2026-08-22T00:00:00.000,"1 - Cars, Pickups and Vans"
5033,Peak,2026-08-22T00:00:00.000,2 - Single-Unit Trucks
170,Peak,2026-08-22T00:00:00.000,3 - Multi-Unit Trucks
3122,Peak,2026-08-22T00:00:00.000,4 - Buses
958,Peak,2026-08-22T00:00:00.000,5 - Motorcycles
103786,Peak,2026-08-22T00:00:00.000,TLC Taxi/FHV
75471,Overnight,2026-08-23T00:00:00.000,"1 - Cars, Pickups and Vans"
2332,Overnight,2026-08-23T00:00:00.000,2 - Single-Unit Trucks
182,Overnight,2026-08-23T00:00:00.000,3 - Multi-Unit Trucks
1311,Overnight,2026-08-23T00:00:00.000,4 - Buses
279,Overnight,2026-08-23T00:00:00.000,5 - Motorcycles
75454,Overnight,2026-08-23T00:00:00.000,TLC Taxi/FHV
172745,Peak,2026-08-23T00:00:00.000,"1 - Cars, Pickups and Vans"
3397,Peak,2026-08-23T00:00:00.000,2 - Single-Unit Trucks
138,Peak,2026-08-23T00:00:00.000,3 - Multi-Unit Trucks
2904,Peak,2026-08-23T00:00:00.000,4 - Buses
854,Peak,2026-08-23T00:00:00.000,5 - Motorcycles
96908,Peak,2026-08-23T00:00:00.000,TLC Taxi/FHV
36544,Overnight,2026-08-24T00:00:00.000,"1 - Cars, Pickups and Vans"
2821,Overnight,2026-08-24T00:00:00.000,2 - Single-Unit Trucks
252,Overnight,2026-08-24T00:00:00.000,3 - Multi-Unit Trucks
775,Overnight,2026-08-24T00:00:00.000,4 - Buses
201,Overnight,2026-08-24T00:00:00.000,5 - Motorcycles
35178,Overnight,2026-08-24T00:00:00.000,TLC Taxi/FHV
211699,Peak,2026-08-24T00:00:00.000,"1 - Cars, Pickups and Vans"
18769,Peak,2026-08-24T00:00:00.000,2 - Single-Unit Trucks
715,Peak,2026-08-24T00:00:00.000,3 - Multi-Unit Trucks
6722,Peak,2026-08-24T00:00:00.000,4 - Buses
1402,Peak,2026-08-24T00:00:00.000,5 - Motorcycles
125894,Peak,2026-08-24T00:00:00.000,TLC Taxi/FHV
37289,Overnight,2026-08-25T00:00:00.000,"1 - Cars, Pickups and Vans"
2941,Overnight,2026-08-25T00:00:00.000,2 - Single-Unit Trucks
239,Overnight,2026-08-25T00:00:00.000,3 - Multi-Unit Trucks
797,Overnight,2026-08-25T00:00:00.000,4 - Buses
211,Overnight,2026-08-25T00:00:00.000,5 - Motorcycles
38205,Overnight,2026-08-25T00:00:00.000,TLC Taxi/FHV
224070,Peak,2026-08-25T00:00:00.000,"1 - Cars, Pickups and Vans"
19760,Peak,2026-08-25T00:00:00.000,2 - Single-Unit Trucks
726,Peak,2026-08-25T00:00:00.000,3 - Multi-Unit Trucks
6743,Peak,2026-08-25T00:00:00.000,4 - Buses
1528,Peak,2026-08-25T00:00:00.000,5 - Motorcycles
131327,Peak,2026-08-25T00:00:00.000,TLC Taxi/FHV
38968,Overnight,2026-08-26T00:00:00.000,"1 - Cars, Pickups and Vans"
2869,Overnight,2026-08-26T00:00:00.000,2 - Single-Unit Trucks
231,Overnight,2026-08-26T00:00:00.000,3 - Multi-Unit Trucks
738,Overnight,2026-08-26T00:00:00.000,4 - Buses
232,Overnight,2026-08-26T00:00:00.000,5 - Motorcycles
43012,Overnight,2026-08-26T00:00:00.000,TLC Taxi/FHV
225975,Peak,2026-08-26T00:00:00.000,"1 - Cars, Pickups and Vans"
19692,Peak,2026-08-26T00:00:00.000,2 - Single-Unit Trucks
665,Peak,2026-08-26T00:00:00.000,3 - Multi-Unit Trucks
6789,Peak,2026-08-26T00:00:00.000,4 - Buses
1533,Peak,2026-08-26T00:00:00.000,5 - Motorcycles
134992,Peak,2026-08-26T00:00:00.000,TLC Taxi/FHV
38320,Overnight,2026-08-27T00:00:00.000,"1 - Cars, Pickups and Vans"
2965,Overnight,2026-08-27T00:00:00.000,2 - Single-Unit Trucks
239,Overnight,2026-08-27T00:00:00.000,3 - Multi-Unit Trucks
796,Overnight,2026-08-27T00:00:00.000,4 - Buses
185,Overnight,2026-08-27T00:00:00.000,5 - Motorcycles
46257,Overnight,2026-08-27T00:00:00.000,TLC Taxi/FHV
220927,Peak,2026-08-27T00:00:00.000,"1 - Cars, Pickups and Vans"
19821,Peak,2026-08-27T00:00:00.000,2 - Single-Unit Trucks
657,Peak,2026-08-27T00:00:00.000,3 - Multi-Unit Trucks
6746,Peak,2026-08-27T00:00:00.000,4 - Buses
979,Peak,2026-08-27T00:00:00.000,5 - Motorcycles
141727,Peak,2026-08-27T00:00:00.000,TLC Taxi/FHV
45525,Overnight,2026-08-28T00:00:00.000,"1 - Cars, Pickups and Vans"
2841,Overnight,2026-08-28T00:00:00.000,2 - Single-Unit Trucks
230,Overnight,2026-08-28T00:00:00.000,3 - Multi-Unit Trucks
789,Overnight,2026-08-28T00:00:00.000,4 - Buses
167,Overnight,2026-08-28T00:00:00.000,5 - Motorcycles
52475,Overnight,2026-08-28T00:00:00.000,TLC Taxi/FHV
227042,Peak,2026-08-28T00:00:00.000,"1 - Cars, Pickups and Vans"
20072,Peak,2026-08-28T00:00:00.000,2 - Single-Unit Trucks
747,Peak,2026-08-28T00:00:00.000,3 - Multi-Unit Trucks
6779,Peak,2026-08-28T00:00:00.000,4 - Buses
1420,Peak,2026-08-28T00:00:00.000,5 - Motorcycles
133550,Peak,2026-08-28T00:00:00.000,TLC Taxi/FHV
90347,Overnight,2026-08-29T00:00:00.000,"1 - Cars, Pickups and Vans"
5118,Overnight,2026-08-29T00:00:00.000,2 - Single-Unit Trucks
356,Overnight,2026-08-29T00:00:00.000,3 - Multi-Unit Trucks
1555,Overnight,2026-08-29T00:00:00.000,4 - Buses
463,Overnight,2026-08-29T00:00:00.000,5 - Motorcycles
84276,Overnight,2026-08-29T00:00:00.000,TLC Taxi/FHV
175720,Peak,2026-08-29T00:00:00.000,"1 - Cars, Pickups and Vans"
5603,Peak,2026-08-29T00:00:00.000,2 - Single-Unit Trucks
211,Peak,2026-08-29T00:00:00.000,3 - Multi-Unit Trucks
3085,Peak,2026-08-29T00:00:00.000,4 - Buses
1018,Peak,2026-08-29T00:00:00.000,5 - Motorcycles
103586,Peak,2026-08-29T00:00:00.000,TLC Taxi/FHV
76761,Overnight,2026-08-30T00:00:00.000,"1 - Cars, Pickups and Vans"
2563,Overnight,2026-08-30T00:00:00.000,2 - Single-Unit Trucks
187,Overnight,2026-08-30T00:00:00.000,3 - Multi-Unit Trucks
1324,Overnight,2026-08-30T00:00:00.000,4 - Buses
302,Overnight,2026-08-30T00:00:00.000,5 - Motorcycles
78279,Overnight,2026-08-30T00:00:00.000,TLC Taxi/FHV
175225,Peak,2026-08-30T00:00:00.000,"1 - Cars, Pickups and Vans"
3813,Peak,2026-08-30T00:00:00.000,2 - Single-Unit Trucks
142,Peak,2026-08-30T00:00:00.000,3 - Multi-Unit Trucks
2800,Peak,2026-08-30T00:00:00.000,4 - Buses
884,Peak,2026-08-30T00:00:00.000,5 - Motorcycles
99442,Peak,2026-08-30T00:00:00.000,TLC Taxi/FHV
36615,Overnight,2026-08-31T00:00:00.000,"1 - Cars, Pickups and Vans"
2790,Overnight,2026-08-31T00:00:00.000,2 - Single-Unit Trucks
274,Overnight,2026-08-31T00:00:00.000,3 - Multi-Unit Trucks
848,Overnight,2026-08-31T00:00:00.000,4 - Buses
170,Overnight,2026-08-31T00:00:00.000,5 - Motorcycles
38577,Overnight,2026-08-31T00:00:00.000,TLC Taxi/FHV
217976,Peak,2026-08-31T00:00:00.000,"1 - Cars, Pickups and Vans"
19753,Peak,2026-08-31T00:00:00.000,2 - Single-Unit Trucks
715,Peak,2026-08-31T00:00:00.000,3 - Multi-Unit Trucks
6840,Peak,2026-08-31T00:00:00.000,4 - Buses
1330,Peak,2026-08-31T00:00:00.000,5 - Motorcycles
130822,Peak,2026-08-31T00:00:00.000,TLC Taxi/FHV
34937,Overnight,2026-09-01T00:00:00.000,"1 - Cars, Pickups and Vans"
2933,Overnight,2026-09-01T00:00:00.000,2 - Single-Unit Trucks
245,Overnight,2026-09-01T00:00:00.000,3 - Multi-Unit Trucks
786,Overnight,2026-09-01T00:00:00.000,4 - Buses
116,Overnight,2026-09-01T00:00:00.000,5 - Motorcycles
41236,Overnight,2026-09-01T00:00:00.000,TLC Taxi/FHV
219788,Peak,2026-09-01T00:00:00.000,"1 - Cars, Pickups and Vans"
19955,Peak,2026-09-01T00:00:00.000,2 - Single-Unit Trucks
738,Peak,2026-09-01T00:00:00.000,3 - Multi-Unit Trucks
6768,Peak,2026-09-01T00:00:00.000,4 - Buses
1017,Peak,2026-09-01T00:00:00.000,5 - Motorcycles
135389,Peak,2026-09-01T00:00:00.000,TLC Taxi/FHV
36403,Overnight,2026-09-02T00:00:00.000,"1 - Cars, Pickups and Vans"
2972,Overnight,2026-09-02T00:00:00.000,2 - Single-Unit Trucks
263,Overnight,2026-09-02T00:00:00.000,3 - Multi-Unit Trucks
779,Overnight,2026-09-02T00:00:00.000,4 - Buses
154,Overnight,2026-09-02T00:00:00.000,5 - Motorcycles
45732,Overnight,2026-09-02T00:00:00.000,TLC Taxi/FHV
225696,Peak,2026-09-02T00:00:00.000,"1 - Cars, Pickups and Vans"
19843,Peak,2026-09-02T00:00:00.000,2 - Single-Unit Trucks
716,Peak,2026-09-02T00:00:00.000,3 - Multi-Unit Trucks
6920,Peak,2026-09-02T00:00:00.000,4 - Buses
1312,Peak,2026-09-02T00:00:00.000,5 - Motorcycles
139229,Peak,2026-09-02T00:00:00.000,TLC Taxi/FHV
41044,Overnight,2026-09-03T00:00:00.000,"1 - Cars, Pickups and Vans"
3135,Overnight,2026-09-03T00:00:00.000,2 - Single-Unit Trucks
288,Overnight,2026-09-03T00:00:00.000,3 - Multi-Unit Trucks
804,Overnight,2026-09-03T00:00:00.000,4 - Buses
182,Overnight,2026-09-03T00:00:00.000,5 - Motorcycles
49285,Overnight,2026-09-03T00:00:00.000,TLC Taxi/FHV
228412,Peak,2026-09-03T00:00:00.000,"1 - Cars, Pickups and Vans"
20112,Peak,2026-09-03T00:00:00.000,2 - Single-Unit Trucks
764,Peak,2026-09-03T00:00:00.000,3 - Multi-Unit Trucks
6988,Peak,2026-09-03T00:00:00.000,4 - Buses
1289,Peak,2026-09-03T00:00:00.000,5 - Motorcycles
143418,Peak,2026-09-03T00:00:00.000,TLC Taxi/FHV
47727,Overnight,2026-09-04T00:00:00.000,"1 - Cars, Pickups and Vans"
2987,Overnight,2026-09-04T00:00:00.000,2 - Single-Unit Trucks
258,Overnight,2026-09-04T00:00:00.000,3 - Multi-Unit Trucks
857,Overnight,2026-09-04T00:00:00.000,4 - Buses
261,Overnight,2026-09-04T00:00:00.000,5 - Motorcycles
54857,Overnight,2026-09-04T00:00:00.000,TLC Taxi/FHV
225538,Peak,2026-09-04T00:00:00.000,"1 - Cars, Pickups and Vans"
19725,Peak,2026-09-04T00:00:00.000,2 - Single-Unit Trucks
792,Peak,2026-09-04T00:00:00.000,3 - Multi-Unit Trucks
6832,Peak,2026-09-04T00:00:00.000,4 - Buses
1481,Peak,2026-09-04T00:00:00.000,5 - Motorcycles
134183,Peak,2026-09-04T00:00:00.000,TLC Taxi/FHV
85538,Overnight,2026-09-05T00:00:00.000,"1 - Cars, Pickups and Vans"
4439,Overnight,2026-09-05T00:00:00.000,2 - Single-Unit Trucks
310,Overnight,2026-09-05T00:00:00.000,3 - Multi-Unit Trucks
1745,Overnight,2026-09-05T00:00:00.000,4 - Buses
430,Overnight,2026-09-05T00:00:00.000,5 - Motorcycles
82020,Overnight,2026-09-05T00:00:00.000,TLC Taxi/FHV
165422,Peak,2026-09-05T00:00:00.000,"1 - Cars, Pickups and Vans"
4931,Peak,2026-09-05T00:00:00.000,2 - Single-Unit Trucks
163,Peak,2026-09-05T00:00:00.000,3 - Multi-Unit Trucks
3581,Peak,2026-09-05T00:00:00.000,4 - Buses
985,Peak,2026-09-05T00:00:00.000,5 - Motorcycles
106018,Peak,2026-09-05T00:00:00.000,TLC Taxi/FHV
79647,Overnight,2026-09-06T00:00:00.000,"1 - Cars, Pickups and Vans"
2213,Overnight,2026-09-06T00:00:00.000,2 - Single-Unit Trucks
168,Overnight,2026-09-06T00:00:00.000,3 - Multi-Unit Trucks
1550,Overnight,2026-09-06T00:00:00.000,4 - Buses
340,Overnight,2026-09-06T00:00:00.000,5 - Motorcycles
77005,Overnight,2026-09-06T00:00:00.000,TLC Taxi/FHV
172058,Peak,2026-09-06T00:00:00.000,"1 - Cars, Pickups and Vans"
3213,Peak,2026-09-06T00:00:00.000,2 - Single-Unit Trucks
141,Peak,2026-09-06T00:00:00.000,3 - Multi-Unit Trucks
3369,Peak,2026-09-06T00:00:00.000,4 - Buses
894,Peak,2026-09-06T00:00:00.000,5 - Motorcycles
95857,Peak,2026-09-06T00:00:00.000,TLC Taxi/FHV
46381,Overnight,2026-09-07T00:00:00.000,"1 - Cars, Pickups and Vans"
1488,Overnight,2026-09-07T00:00:00.000,2 - Single-Unit Trucks
150,Overnight,2026-09-07T00:00:00.000,3 - Multi-Unit Trucks
939,Overnight,2026-09-07T00:00:00.000,4 - Buses
218,Overnight,2026-09-07T00:00:00.000,5 - Motorcycles
45469,Overnight,2026-09-07T00:00:00.000,TLC Taxi/FHV
178222,Peak,2026-09-07T00:00:00.000,"1 - Cars, Pickups and Vans"
5167,Peak,2026-09-07T00:00:00.000,2 - Single-Unit Trucks
259,Peak,2026-09-07T00:00:00.000,3 - Multi-Unit Trucks
4326,Peak,2026-09-07T00:00:00.000,4 - Buses
1080,Peak,2026-09-07T00:00:00.000,5 - Motorcycles
115324,Peak,2026-09-07T00:00:00.000,TLC Taxi/FHV
39141,Overnight,2026-09-08T00:00:00.000,"1 - Cars, Pickups and Vans"
3066,Overnight,2026-09-08T00:00:00.000,2 - Single-Unit Trucks
284,Overnight,2026-09-08T00:00:00.000,3 - Multi-Unit Trucks
912,Overnight,2026-09-08T00:00:00.000,4 - Buses
237,Overnight,2026-09-08T00:00:00.000,5 - Motorcycles
43639,Overnight,2026-09-08T00:00:00.000,TLC Taxi/FHV
236421,Peak,2026-09-08T00:00:00.000,"1 - Cars, Pickups and Vans"
20118,Peak,2026-09-08T00:00:00.000,2 - Single-Unit Trucks
718,Peak,2026-09-08T00:00:00.000,3 - Multi-Unit Trucks
8855,Peak,2026-09-08T00:00:00.000,4 - Buses
1497,Peak,2026-09-08T00:00:00.000,5 - Motorcycles
139537,Peak,2026-09-08T00:00:00.000,TLC Taxi/FHV
39347,Overnight,2026-09-09T00:00:00.000,"1 - Cars, Pickups and Vans"
3281,Overnight,2026-09-09T00:00:00.000,2 - Single-Unit Trucks
297,Overnight,2026-09-09T00:00:00.000,3 - Multi-Unit Trucks
973,Overnight,2026-09-09T00:00:00.000,4 - Buses
243,Overnight,2026-09-09T00:00:00.000,5 - Motorcycles
52573,Overnight,2026-09-09T00:00:00.000,TLC Taxi/FHV
236978,Peak,2026-09-09T00:00:00.000,"1 - Cars, Pickups and Vans"
20892,Peak,2026-09-09T00:00:00.000,2 - Single-Unit Trucks
729,Peak,2026-09-09T00:00:00.000,3 - Multi-Unit Trucks
9179,Peak,2026-09-09T00:00:00.000,4 - Buses
1685,Peak,2026-09-09T00:00:00.000,5 - Motorcycles
144040,Peak,2026-09-09T00:00:00.000,TLC Taxi/FHV
40048,Overnight,2026-09-10T00:00:00.000,"1 - Cars, Pickups and Vans"
3443,Overnight,2026-09-10T00:00:00.000,2 - Single-Unit Trucks
258,Overnight,2026-09-10T00:00:00.000,3 - Multi-Unit Trucks
1034,Overnight,2026-09-10T00:00:00.000,4 - Buses
224,Overnight,2026-09-10T00:00:00.000,5 - Motorcycles
56623,Overnight,2026-09-10T00:00:00.000,TLC Taxi/FHV
239964,Peak,2026-09-10T00:00:00.000,"1 - Cars, Pickups and Vans"
20918,Peak,2026-09-10T00:00:00.000,2 - Single-Unit Trucks
862,Peak,2026-09-10T00:00:00.000,3 - Multi-Unit Trucks
10312,Peak,2026-09-10T00:00:00.000,4 - Buses
1528,Peak,2026-09-10T00:00:00.000,5 - Motorcycles
143581,Peak,2026-09-10T00:00:00.000,TLC Taxi/FHV
50736,Overnight,2026-09-11T00:00:00.000,"1 - Cars, Pickups and Vans"
3411,Overnight,2026-09-11T00:00:00.000,2 - Single-Unit Trucks
317,Overnight,2026-09-11T00:00:00.000,3 - Multi-Unit Trucks
1109,Overnight,2026-09-11T00:00:00.000,4 - Buses
306,Overnight,2026-09-11T00:00:00.000,5 - Motorcycles
59711,Overnight,2026-09-11T00:00:00.000,TLC Taxi/FHV
222602,Peak,2026-09-11T00:00:00.000,"1 - Cars, Pickups and Vans"
19535,Peak,2026-09-11T00:00:00.000,2 - Single-Unit Trucks
736,Peak,2026-09-11T00:00:00.000,3 - Multi-Unit Trucks
9765,Peak,2026-09-11T00:00:00.000,4 - Buses
1611,Peak,2026-09-11T00:00:00.000,5 - Motorcycles
134702,Peak,2026-09-11T00:00:00.000,TLC Taxi/FHV
95939,Overnight,2026-09-12T00:00:00.000,"1 - Cars, Pickups and Vans"
5586,Overnight,2026-09-12T00:00:00.000,2 - Single-Unit Trucks
386,Overnight,2026-09-12T00:00:00.000,3 - Multi-Unit Trucks
1750,Overnight,2026-09-12T00:00:00.000,4 - Buses
471,Overnight,2026-09-12T00:00:00.000,5 - Motorcycles
95661,Overnight,2026-09-12T00:00:00.000,TLC Taxi/FHV
183601,Peak,2026-09-12T00:00:00.000,"1 - Cars, Pickups and Vans"
5591,Peak,2026-09-12T00:00:00.000,2 - Single-Unit Trucks
217,Peak,2026-09-12T00:00:00.000,3 - Multi-Unit Trucks
3979,Peak,2026-09-12T00:00:00.000,4 - Buses
1164,Peak,2026-09-12T00:00:00.000,5 - Motorcycles
114195,Peak,2026-09-12T00:00:00.000,TLC Taxi/FHV
74534,Overnight,2026-09-13T00:00:00.000,"1 - Cars, Pickups and Vans"
2601,Overnight,2026-09-13T00:00:00.000,2 - Single-Unit Trucks
205,Overnight,2026-09-13T00:00:00.000,3 - Multi-Unit Trucks
1541,Overnight,2026-09-13T00:00:00.000,4 - Buses
268,Overnight,2026-09-13T00:00:00.000,5 - Motorcycles
89914,Overnight,2026-09-13T00:00:00.000,TLC Taxi/FHV
165974,Peak,2026-09-13T00:00:00.000,"1 - Cars, Pickups and Vans"
3512,Peak,2026-09-13T00:00:00.000,2 - Single-Unit Trucks
138,Peak,2026-09-13T00:00:00.000,3 - Multi-Unit Trucks
3342,Peak,2026-09-13T00:00:00.000,4 - Buses
731,Peak,2026-09-13T00:00:00.000,5 - Motorcycles
113768,Peak,2026-09-13T00:00:00.000,TLC Taxi/FHV
38285,Overnight,2026-09-14T00:00:00.000,"1 - Cars, Pickups and Vans"
3178,Overnight,2026-09-14T00:00:00.000,2 - Single-Unit Trucks
293,Overnight,2026-09-14T00:00:00.000,3 - Multi-Unit Trucks
1016,Overnight,2026-09-14T00:00:00.000,4 - Buses
243,Overnight,2026-09-14T00:00:00.000,5 - Motorcycles
45188,Overnight,2026-09-14T00:00:00.000,TLC Taxi/FHV
224569,Peak,2026-09-14T00:00:00.000,"1 - Cars, Pickups and Vans"
19729,Peak,2026-09-14T00:00:00.000,2 - Single-Unit Trucks
750,Peak,2026-09-14T00:00:00.000,3 - Multi-Unit Trucks
10208,Peak,2026-09-14T00:00:00.000,4 - Buses
1516,Peak,2026-09-14T00:00:00.000,5 - Motorcycles
138361,Peak,2026-09-14T00:00:00.000,TLC Taxi/FHV
36469,Overnight,2026-09-15T00:00:00.000,"1 - Cars, Pickups and Vans"
3278,Overnight,2026-09-15T00:00:00.000,2 - Single-Unit Trucks
272,Overnight,2026-09-15T00:00:00.000,3 - Multi-Unit Trucks
946,Overnight,2026-09-15T00:00:00.000,4 - Buses
228,Overnight,2026-09-15T00:00:00.000,5 - Motorcycles
48929,Overnight,2026-09-15T00:00:00.000,TLC Taxi/FHV
231984,Peak,2026-09-15T00:00:00.000,"1 - Cars, Pickups and Vans"
20658,Peak,2026-09-15T00:00:00.000,2 - Single-Unit Trucks
721,Peak,2026-09-15T00:00:00.000,3 - Multi-Unit Trucks
10092,Peak,2026-09-15T00:00:00.000,4 - Buses
1553,Peak,2026-09-15T00:00:00.000,5 - Motorcycles
140345,Peak,2026-09-15T00:00:00.000,TLC Taxi/FHV
37211,Overnight,2026-09-16T00:00:00.000,"1 - Cars, Pickups and Vans"
3303,Overnight,2026-09-16T00:00:00.000,2 - Single-Unit Trucks
299,Overnight,2026-09-16T00:00:00.000,3 - Multi-Unit Trucks
907,Overnight,2026-09-16T00:00:00.000,4 - Buses
217,Overnight,2026-09-16T00:00:00.000,5 - Motorcycles
53400,Overnight,2026-09-16T00:00:00.000,TLC Taxi/FHV
233525,Peak,2026-09-16T00:00:00.000,"1 - Cars, Pickups and Vans"
20653,Peak,2026-09-16T00:00:00.000,2 - Single-Unit Trucks
768,Peak,2026-09-16T00:00:00.000,3 - Multi-Unit Trucks
10598,Peak,2026-09-16T00:00:00.000,4 - Buses
1660,Peak,2026-09-16T00:00:00.000,5 - Motorcycles
147508,Peak,2026-09-16T00:00:00.000,TLC Taxi/FHV
39835,Overnight,2026-09-17T00:00:00.000,"1 - Cars, Pickups and Vans"
3364,Overnight,2026-09-17T00:00:00.000,2 - Single-Unit Trucks
260,Overnight,2026-09-17T00:00:00.000,3 - Multi-Unit Trucks
974,Overnight,2026-09-17T00:00:00.000,4 - Buses
198,Overnight,2026-09-17T00:00:00.000,5 - Motorcycles
57680,Overnight,2026-09-17T00:00:00.000,TLC Taxi/FHV
239146,Peak,2026-09-17T00:00:00.000,"1 - Cars, Pickups and Vans"
20587,Peak,2026-09-17T00:00:00.000,2 - Single-Unit Trucks
744,Peak,2026-09-17T00:00:00.000,3 - Multi-Unit Trucks
10556,Peak,2026-09-17T00:00:00.000,4 - Buses
1539,Peak,2026-09-17T00:00:00.000,5 - Motorcycles
149197,Peak,2026-09-17T00:00:00.000,TLC Taxi/FHV
49181,Overnight,2026-09-18T00:00:00.000,"1 - Cars, Pickups and Vans"
3223,Overnight,2026-09-18T00:00:00.000,2 - Single-Unit Trucks
298,Overnight,2026-09-18T00:00:00.000,3 - Multi-Unit Trucks
1057,Overnight,2026-09-18T00:00:00.000,4 - Buses
234,Overnight,2026-09-18T00:00:00.000,5 - Motorcycles
58906,Overnight,2026-09-18T00:00:00.000,TLC Taxi/FHV
243036,Peak,2026-09-18T00:00:00.000,"1 - Cars, Pickups and Vans"
20606,Peak,2026-09-18T00:00:00.000,2 - Single-Unit Trucks
772,Peak,2026-09-18T00:00:00.000,3 - Multi-Unit Trucks
10438,Peak,2026-09-18T00:00:00.000,4 - Buses
1568,Peak,2026-09-18T00:00:00.000,5 - Motorcycles
138896,Peak,2026-09-18T00:00:00.000,TLC Taxi/FHV
95865,Overnight,2026-09-19T00:00:00.000,"1 - Cars, Pickups and Vans"
5375,Overnight,2026-09-19T00:00:00.000,2 - Single-Unit Trucks
357,Overnight,2026-09-19T00:00:00.000,3 - Multi-Unit Trucks
1896,Overnight,2026-09-19T00:00:00.000,4 - Buses
475,Overnight,2026-09-19T00:00:00.000,5 - Motorcycles
94891,Overnight,2026-09-19T00:00:00.000,TLC Taxi/FHV
193950,Peak,2026-09-19T00:00:00.000,"1 - Cars, Pickups and Vans"
5603,Peak,2026-09-19T00:00:00.000,2 - Single-Unit Trucks
190,Peak,2026-09-19T00:00:00.000,3 - Multi-Unit Trucks
4139,Peak,2026-09-19T00:00:00.000,4 - Buses
1376,Peak,2026-09-19T00:00:00.000,5 - Motorcycles
111836,Peak,2026-09-19T00:00:00.000,TLC Taxi/FHV
