count,date,mode
19922,2020-03-01T00:00:00.000,AAR
711929,2020-03-01T00:00:00.000,BT
984908,2020-03-01T00:00:00.000,Bus
86790,2020-03-01T00:00:00.000,LIRR
55825,2020-03-01T00:00:00.000,MNR
1636,2020-03-01T00:00:00.000,SIR
2212965,2020-03-01T00:00:00.000,Subway
30338,2020-03-02T00:00:00.000,AAR
785501,2020-03-02T00:00:00.000,BT
2209066,2020-03-02T00:00:00.000,Bus
321569,2020-03-02T00:00:00.000,LIRR
180701,2020-03-02T00:00:00.000,MNR
17140,2020-03-02T00:00:00.000,SIR
5329915,2020-03-02T00:00:00.000,Subway
32767,2020-03-03T00:00:00.000,AAR
766036,2020-03-03T00:00:00.000,BT
2228608,2020-03-03T00:00:00.000,Bus
319727,2020-03-03T00:00:00.000,LIRR
190648,2020-03-03T00:00:00.000,MNR
17453,2020-03-03T00:00:00.000,SIR
5481103,2020-03-03T00:00:00.000,Subway
34297,2020-03-04T00:00:00.000,AAR
786414,2020-03-04T00:00:00.000,BT
2177165,2020-03-04T00:00:00.000,Bus
311662,2020-03-04T00:00:00.000,LIRR
192689,2020-03-04T00:00:00.000,MNR
17136,2020-03-04T00:00:00.000,SIR
5498809,2020-03-04T00:00:00.000,Subway
33209,2020-03-05T00:00:00.000,AAR
804102,2020-03-05T00:00:00.000,BT
2244515,2020-03-05T00:00:00.000,Bus
307597,2020-03-05T00:00:00.000,LIRR
194386,2020-03-05T00:00:00.000,MNR
17203,2020-03-05T00:00:00.000,SIR
5496453,2020-03-05T00:00:00.000,Subway
30970,2020-03-06T00:00:00.000,AAR
820459,2020-03-06T00:00:00.000,BT
2066743,2020-03-06T00:00:00.000,Bus
289171,2020-03-06T00:00:00.000,LIRR
205056,2020-03-06T00:00:00.000,MNR
15285,2020-03-06T00:00:00.000,SIR
5189447,2020-03-06T00:00:00.000,Subway
18117,2020-03-07T00:00:00.000,AAR
723853,2020-03-07T00:00:00.000,BT
1249085,2020-03-07T00:00:00.000,Bus
106058,2020-03-07T00:00:00.000,LIRR
75838,2020-03-07T00:00:00.000,MNR
2445,2020-03-07T00:00:00.000,SIR
2814637,2020-03-07T00:00:00.000,Subway
19477,2020-03-08T00:00:00.000,AAR
722477,2020-03-08T00:00:00.000,BT
957163,2020-03-08T00:00:00.000,Bus
81565,2020-03-08T00:00:00.000,LIRR
60800,2020-03-08T00:00:00.000,MNR
1672,2020-03-08T00:00:00.000,SIR
2120656,2020-03-08T00:00:00.000,Subway
29609,2020-03-09T00:00:00.000,AAR
777581,2020-03-09T00:00:00.000,BT
2124770,2020-03-09T00:00:00.000,Bus
277001,2020-03-09T00:00:00.000,LIRR
183953,2020-03-09T00:00:00.000,MNR
16122,2020-03-09T00:00:00.000,SIR
4973513,2020-03-09T00:00:00.000,Subway
31315,2020-03-10T00:00:00.000,AAR
742813,2020-03-10T00:00:00.000,BT
2111989,2020-03-10T00:00:00.000,Bus
259324,2020-03-10T00:00:00.000,LIRR
179050,2020-03-10T00:00:00.000,MNR
15805,2020-03-10T00:00:00.000,SIR
4867818,2020-03-10T00:00:00.000,Subway
32198,2020-03-11T00:00:00.000,AAR
756808,2020-03-11T00:00:00.000,BT
2112967,2020-03-11T00:00:00.000,Bus
245798,2020-03-11T00:00:00.000,LIRR
175074,2020-03-11T00:00:00.000,MNR
15340,2020-03-11T00:00:00.000,SIR
4697122,2020-03-11T00:00:00.000,Subway
30814,2020-03-12T00:00:00.000,AAR
767078,2020-03-12T00:00:00.000,BT
1938424,2020-03-12T00:00:00.000,Bus
197178,2020-03-12T00:00:00.000,LIRR
169547,2020-03-12T00:00:00.000,MNR
14169,2020-03-12T00:00:00.000,SIR
4149505,2020-03-12T00:00:00.000,Subway
26640,2020-03-13T00:00:00.000,AAR
753079,2020-03-13T00:00:00.000,BT
1715737,2020-03-13T00:00:00.000,Bus
158582,2020-03-13T00:00:00.000,LIRR
167176,2020-03-13T00:00:00.000,MNR
11769,2020-03-13T00:00:00.000,SIR
3484996,2020-03-13T00:00:00.000,Subway
13394,2020-03-14T00:00:00.000,AAR
554526,2020-03-14T00:00:00.000,BT
993287,2020-03-14T00:00:00.000,Bus
44885,2020-03-14T00:00:00.000,LIRR
39701,2020-03-14T00:00:00.000,MNR
2135,2020-03-14T00:00:00.000,SIR
1670665,2020-03-14T00:00:00.000,Subway
12480,2020-03-15T00:00:00.000,AAR
472860,2020-03-15T00:00:00.000,BT
711555,2020-03-15T00:00:00.000,Bus
33407,2020-03-15T00:00:00.000,LIRR
32641,2020-03-15T00:00:00.000,MNR
1368,2020-03-15T00:00:00.000,SIR
1157711,2020-03-15T00:00:00.000,Subway
21145,2020-03-16T00:00:00.000,AAR
629888,2020-03-16T00:00:00.000,BT
1237309,2020-03-16T00:00:00.000,Bus
119333,2020-03-16T00:00:00.000,LIRR
153262,2020-03-16T00:00:00.000,MNR
5741,2020-03-16T00:00:00.000,SIR
2178555,2020-03-16T00:00:00.000,Subway
18173,2020-03-17T00:00:00.000,AAR
565586,2020-03-17T00:00:00.000,BT
1094949,2020-03-17T00:00:00.000,Bus
83578,2020-03-17T00:00:00.000,LIRR
147391,2020-03-17T00:00:00.000,MNR
4573,2020-03-17T00:00:00.000,SIR
1788786,2020-03-17T00:00:00.000,Subway
15942,2020-03-18T00:00:00.000,AAR
549690,2020-03-18T00:00:00.000,BT
1059502,2020-03-18T00:00:00.000,Bus
74883,2020-03-18T00:00:00.000,LIRR
146118,2020-03-18T00:00:00.000,MNR
4133,2020-03-18T00:00:00.000,SIR
1625280,2020-03-18T00:00:00.000,Subway
14116,2020-03-19T00:00:00.000,AAR
491657,2020-03-19T00:00:00.000,BT
933602,2020-03-19T00:00:00.000,Bus
59538,2020-03-19T00:00:00.000,LIRR
144466,2020-03-19T00:00:00.000,MNR
3452,2020-03-19T00:00:00.000,SIR
1422112,2020-03-19T00:00:00.000,Subway
12744,2020-03-20T00:00:00.000,AAR
481117,2020-03-20T00:00:00.000,BT
868602,2020-03-20T00:00:00.000,Bus
50021,2020-03-20T00:00:00.000,LIRR
145160,2020-03-20T00:00:00.000,MNR
3124,2020-03-20T00:00:00.000,SIR
1309125,2020-03-20T00:00:00.000,Subway
6467,2020-03-21T00:00:00.000,AAR
336841,2020-03-21T00:00:00.000,BT
411491,2020-03-21T00:00:00.000,Bus
12438,2020-03-21T00:00:00.000,LIRR
23700,2020-03-21T00:00:00.000,MNR
1044,2020-03-21T00:00:00.000,SIR
619618,2020-03-21T00:00:00.000,Subway
4824,2020-03-22T00:00:00.000,AAR
247166,2020-03-22T00:00:00.000,BT
73517,2020-03-22T00:00:00.000,Bus
8891,2020-03-22T00:00:00.000,LIRR
20830,2020-03-22T00:00:00.000,MNR
641,2020-03-22T00:00:00.000,SIR
408723,2020-03-22T00:00:00.000,Subway
9902,2020-03-23T00:00:00.000,AAR
310026,2020-03-23T00:00:00.000,BT
59321,2020-03-23T00:00:00.000,Bus
30564,2020-03-23T00:00:00.000,LIRR
139285,2020-03-23T00:00:00.000,MNR
1639,2020-03-23T00:00:00.000,SIR
709499,2020-03-23T00:00:00.000,Subway
9133,2020-03-24T00:00:00.000,AAR
333135,2020-03-24T00:00:00.000,BT
60334,2020-03-24T00:00:00.000,Bus
29785,2020-03-24T00:00:00.000,LIRR
139194,2020-03-24T00:00:00.000,MNR
1727,2020-03-24T00:00:00.000,SIR
741587,2020-03-24T00:00:00.000,Subway
9512,2020-03-25T00:00:00.000,AAR
320376,2020-03-25T00:00:00.000,BT
51769,2020-03-25T00:00:00.000,Bus
26143,2020-03-25T00:00:00.000,LIRR
138239,2020-03-25T00:00:00.000,MNR
1572,2020-03-25T00:00:00.000,SIR
690032,2020-03-25T00:00:00.000,Subway
8795,2020-03-26T00:00:00.000,AAR
329932,2020-03-26T00:00:00.000,BT
49970,2020-03-26T00:00:00.000,Bus
23809,2020-03-26T00:00:00.000,LIRR
138668,2020-03-26T00:00:00.000,MNR
1563,2020-03-26T00:00:00.000,SIR
680360,2020-03-26T00:00:00.000,Subway
8409,2020-03-27T00:00:00.000,AAR
335739,2020-03-27T00:00:00.000,BT
45514,2020-03-27T00:00:00.000,Bus
20355,2020-03-27T00:00:00.000,LIRR
138903,2020-03-27T00:00:00.000,MNR
1495,2020-03-27T00:00:00.000,SIR
656817,2020-03-27T00:00:00.000,Subway
4491,2020-03-28T00:00:00.000,AAR
213029,2020-03-28T00:00:00.000,BT
19745,2020-03-28T00:00:00.000,Bus
5279,2020-03-28T00:00:00.000,LIRR
19088,2020-03-28T00:00:00.000,MNR
600,2020-03-28T00:00:00.000,SIR
332393,2020-03-28T00:00:00.000,Subway
3374,2020-03-29T00:00:00.000,AAR
167130,2020-03-29T00:00:00.000,BT
14307,2020-03-29T00:00:00.000,Bus
4358,2020-03-29T00:00:00.000,LIRR
18152,2020-03-29T00:00:00.000,MNR
419,2020-03-29T00:00:00.000,SIR
263700,2020-03-29T00:00:00.000,Subway
8084,2020-03-30T00:00:00.000,AAR
289118,2020-03-30T00:00:00.000,BT
33659,2020-03-30T00:00:00.000,Bus
19741,2020-03-30T00:00:00.000,LIRR
137762,2020-03-30T00:00:00.000,MNR
1140,2020-03-30T00:00:00.000,SIR
545215,2020-03-30T00:00:00.000,Subway
7672,2020-03-31T00:00:00.000,AAR
284804,2020-03-31T00:00:00.000,BT
32211,2020-03-31T00:00:00.000,Bus
16194,2020-03-31T00:00:00.000,LIRR
137464,2020-03-31T00:00:00.000,MNR
1043,2020-03-31T00:00:00.000,SIR
508106,2020-03-31T00:00:00.000,Subway
8151,2020-04-01T00:00:00.000,AAR
288432,2020-04-01T00:00:00.000,BT
29373,2020-04-01T00:00:00.000,Bus
10548,2020-04-01T00:00:00.000,LIRR
9300,2020-04-01T00:00:00.000,MNR
720,2020-04-01T00:00:00.000,SIR
513481,2020-04-01T00:00:00.000,Subway
7077,2020-04-02T00:00:00.000,AAR
288342,2020-04-02T00:00:00.000,BT
26788,2020-04-02T00:00:00.000,Bus
10057,2020-04-02T00:00:00.000,LIRR
9492,2020-04-02T00:00:00.000,MNR
882,2020-04-02T00:00:00.000,SIR
485586,2020-04-02T00:00:00.000,Subway
7794,2020-04-03T00:00:00.000,AAR
288398,2020-04-03T00:00:00.000,BT
24418,2020-04-03T00:00:00.000,Bus
9657,2020-04-03T00:00:00.000,LIRR
9770,2020-04-03T00:00:00.000,MNR
843,2020-04-03T00:00:00.000,SIR
483357,2020-04-03T00:00:00.000,Subway
4375,2020-04-04T00:00:00.000,AAR
210677,2020-04-04T00:00:00.000,BT
13168,2020-04-04T00:00:00.000,Bus
3727,2020-04-04T00:00:00.000,LIRR
4451,2020-04-04T00:00:00.000,MNR
425,2020-04-04T00:00:00.000,SIR
282278,2020-04-04T00:00:00.000,Subway
2763,2020-04-05T00:00:00.000,AAR
178468,2020-04-05T00:00:00.000,BT
9748,2020-04-05T00:00:00.000,Bus
2969,2020-04-05T00:00:00.000,LIRR
3601,2020-04-05T00:00:00.000,MNR
300,2020-04-05T00:00:00.000,SIR
227303,2020-04-05T00:00:00.000,Subway
7093,2020-04-06T00:00:00.000,AAR
280265,2020-04-06T00:00:00.000,BT
22418,2020-04-06T00:00:00.000,Bus
10127,2020-04-06T00:00:00.000,LIRR
9832,2020-04-06T00:00:00.000,MNR
819,2020-04-06T00:00:00.000,SIR
445454,2020-04-06T00:00:00.000,Subway
7041,2020-04-07T00:00:00.000,AAR
283472,2020-04-07T00:00:00.000,BT
21623,2020-04-07T00:00:00.000,Bus
9312,2020-04-07T00:00:00.000,LIRR
9589,2020-04-07T00:00:00.000,MNR
732,2020-04-07T00:00:00.000,SIR
434986,2020-04-07T00:00:00.000,Subway
6950,2020-04-08T00:00:00.000,AAR
277667,2020-04-08T00:00:00.000,BT
20361,2020-04-08T00:00:00.000,Bus
9039,2020-04-08T00:00:00.000,LIRR
9292,2020-04-08T00:00:00.000,MNR
721,2020-04-08T00:00:00.000,SIR
427485,2020-04-08T00:00:00.000,Subway
6243,2020-04-09T00:00:00.000,AAR
258061,2020-04-09T00:00:00.000,BT
18734,2020-04-09T00:00:00.000,Bus
8413,2020-04-09T00:00:00.000,LIRR
8931,2020-04-09T00:00:00.000,MNR
690,2020-04-09T00:00:00.000,SIR
404635,2020-04-09T00:00:00.000,Subway
5378,2020-04-10T00:00:00.000,AAR
266108,2020-04-10T00:00:00.000,BT
17135,2020-04-10T00:00:00.000,Bus
8247,2020-04-10T00:00:00.000,LIRR
9573,2020-04-10T00:00:00.000,MNR
672,2020-04-10T00:00:00.000,SIR
400275,2020-04-10T00:00:00.000,Subway
4235,2020-04-11T00:00:00.000,AAR
218135,2020-04-11T00:00:00.000,BT
9718,2020-04-11T00:00:00.000,Bus
2749,2020-04-11T00:00:00.000,LIRR
4179,2020-04-11T00:00:00.000,MNR
406,2020-04-11T00:00:00.000,SIR
257061,2020-04-11T00:00:00.000,Subway
2525,2020-04-12T00:00:00.000,AAR
185199,2020-04-12T00:00:00.000,BT
7041,2020-04-12T00:00:00.000,Bus
2245,2020-04-12T00:00:00.000,LIRR
3281,2020-04-12T00:00:00.000,MNR
294,2020-04-12T00:00:00.000,SIR
198399,2020-04-12T00:00:00.000,Subway
6205,2020-04-13T00:00:00.000,AAR
241439,2020-04-13T00:00:00.000,BT
14408,2020-04-13T00:00:00.000,Bus
8192,2020-04-13T00:00:00.000,LIRR
8824,2020-04-13T00:00:00.000,MNR
649,2020-04-13T00:00:00.000,SIR
363312,2020-04-13T00:00:00.000,Subway
6585,2020-04-14T00:00:00.000,AAR
300861,2020-04-14T00:00:00.000,BT
17937,2020-04-14T00:00:00.000,Bus
8816,2020-04-14T00:00:00.000,LIRR
9592,2020-04-14T00:00:00.000,MNR
791,2020-04-14T00:00:00.000,SIR
430155,2020-04-14T00:00:00.000,Subway
6928,2020-04-15T00:00:00.000,AAR
288823,2020-04-15T00:00:00.000,BT
16895,2020-04-15T00:00:00.000,Bus
8596,2020-04-15T00:00:00.000,LIRR
9492,2020-04-15T00:00:00.000,MNR
792,2020-04-15T00:00:00.000,SIR
419059,2020-04-15T00:00:00.000,Subway
6563,2020-04-16T00:00:00.000,AAR
294237,2020-04-16T00:00:00.000,BT
16632,2020-04-16T00:00:00.000,Bus
8462,2020-04-16T00:00:00.000,LIRR
9528,2020-04-16T00:00:00.000,MNR
790,2020-04-16T00:00:00.000,SIR
420223,2020-04-16T00:00:00.000,Subway
7048,2020-04-17T00:00:00.000,AAR
322016,2020-04-17T00:00:00.000,BT
16350,2020-04-17T00:00:00.000,Bus
8271,2020-04-17T00:00:00.000,LIRR
9989,2020-04-17T00:00:00.000,MNR
738,2020-04-17T00:00:00.000,SIR
432368,2020-04-17T00:00:00.000,Subway
4202,2020-04-18T00:00:00.000,AAR
219821,2020-04-18T00:00:00.000,BT
8115,2020-04-18T00:00:00.000,Bus
2449,2020-04-18T00:00:00.000,LIRR
3965,2020-04-18T00:00:00.000,MNR
339,2020-04-18T00:00:00.000,SIR
254453,2020-04-18T00:00:00.000,Subway
2742,2020-04-19T00:00:00.000,AAR
234339,2020-04-19T00:00:00.000,BT
6929,2020-04-19T00:00:00.000,Bus
2159,2020-04-19T00:00:00.000,LIRR
3884,2020-04-19T00:00:00.000,MNR
340,2020-04-19T00:00:00.000,SIR
224411,2020-04-19T00:00:00.000,Subway
7050,2020-04-20T00:00:00.000,AAR
315138,2020-04-20T00:00:00.000,BT
16522,2020-04-20T00:00:00.000,Bus
8912,2020-04-20T00:00:00.000,LIRR
10063,2020-04-20T00:00:00.000,MNR
770,2020-04-20T00:00:00.000,SIR
437852,2020-04-20T00:00:00.000,Subway
6613,2020-04-21T00:00:00.000,AAR
303823,2020-04-21T00:00:00.000,BT
15231,2020-04-21T00:00:00.000,Bus
8264,2020-04-21T00:00:00.000,LIRR
9374,2020-04-21T00:00:00.000,MNR
753,2020-04-21T00:00:00.000,SIR
422107,2020-04-21T00:00:00.000,Subway
7496,2020-04-22T00:00:00.000,AAR
336828,2020-04-22T00:00:00.000,BT
16487,2020-04-22T00:00:00.000,Bus
8674,2020-04-22T00:00:00.000,LIRR
9694,2020-04-22T00:00:00.000,MNR
793,2020-04-22T00:00:00.000,SIR
458781,2020-04-22T00:00:00.000,Subway
6969,2020-04-23T00:00:00.000,AAR
329230,2020-04-23T00:00:00.000,BT
15786,2020-04-23T00:00:00.000,Bus
8425,2020-04-23T00:00:00.000,LIRR
9527,2020-04-23T00:00:00.000,MNR
780,2020-04-23T00:00:00.000,SIR
453520,2020-04-23T00:00:00.000,Subway
7040,2020-04-24T00:00:00.000,AAR
328753,2020-04-24T00:00:00.000,BT
14237,2020-04-24T00:00:00.000,Bus
7821,2020-04-24T00:00:00.000,LIRR
9722,2020-04-24T00:00:00.000,MNR
688,2020-04-24T00:00:00.000,SIR
443956,2020-04-24T00:00:00.000,Subway
4719,2020-04-25T00:00:00.000,AAR
298366,2020-04-25T00:00:00.000,BT
8832,2020-04-25T00:00:00.000,Bus
2869,2020-04-25T00:00:00.000,LIRR
4987,2020-04-25T00:00:00.000,MNR
449,2020-04-25T00:00:00.000,SIR
295387,2020-04-25T00:00:00.000,Subway
2506,2020-04-26T00:00:00.000,AAR
206081,2020-04-26T00:00:00.000,BT
5498,2020-04-26T00:00:00.000,Bus
1903,2020-04-26T00:00:00.000,LIRR
3495,2020-04-26T00:00:00.000,MNR
309,2020-04-26T00:00:00.000,SIR
218787,2020-04-26T00:00:00.000,Subway
6922,2020-04-27T00:00:00.000,AAR
322643,2020-04-27T00:00:00.000,BT
15283,2020-04-27T00:00:00.000,Bus
8828,2020-04-27T00:00:00.000,LIRR
10243,2020-04-27T00:00:00.000,MNR
812,2020-04-27T00:00:00.000,SIR
462888,2020-04-27T00:00:00.000,Subway
7542,2020-04-28T00:00:00.000,AAR
366830,2020-04-28T00:00:00.000,BT
16380,2020-04-28T00:00:00.000,Bus
9167,2020-04-28T00:00:00.000,LIRR
10531,2020-04-28T00:00:00.000,MNR
826,2020-04-28T00:00:00.000,SIR
489247,2020-04-28T00:00:00.000,Subway
7844,2020-04-29T00:00:00.000,AAR
353024,2020-04-29T00:00:00.000,BT
15406,2020-04-29T00:00:00.000,Bus
9100,2020-04-29T00:00:00.000,LIRR
10165,2020-04-29T00:00:00.000,MNR
790,2020-04-29T00:00:00.000,SIR
477799,2020-04-29T00:00:00.000,Subway
7253,2020-04-30T00:00:00.000,AAR
343980,2020-04-30T00:00:00.000,BT
14062,2020-04-30T00:00:00.000,Bus
9335,2020-04-30T00:00:00.000,LIRR
9971,2020-04-30T00:00:00.000,MNR
764,2020-04-30T00:00:00.000,SIR
465869,2020-04-30T00:00:00.000,Subway
8332,2020-05-01T00:00:00.000,AAR
373302,2020-05-01T00:00:00.000,BT
14893,2020-05-01T00:00:00.000,Bus
6200,2020-05-01T00:00:00.000,LIRR
9206,2020-05-01T00:00:00.000,MNR
763,2020-05-01T00:00:00.000,SIR
494549,2020-05-01T00:00:00.000,Subway
5493,2020-05-02T00:00:00.000,AAR
341359,2020-05-02T00:00:00.000,BT
8912,2020-05-02T00:00:00.000,Bus
3959,2020-05-02T00:00:00.000,LIRR
5908,2020-05-02T00:00:00.000,MNR
489,2020-05-02T00:00:00.000,SIR
325865,2020-05-02T00:00:00.000,Subway
3263,2020-05-03T00:00:00.000,AAR
303046,2020-05-03T00:00:00.000,BT
6404,2020-05-03T00:00:00.000,Bus
3314,2020-05-03T00:00:00.000,LIRR
4839,2020-05-03T00:00:00.000,MNR
334,2020-05-03T00:00:00.000,SIR
258865,2020-05-03T00:00:00.000,Subway
8287,2020-05-04T00:00:00.000,AAR
389433,2020-05-04T00:00:00.000,BT
16315,2020-05-04T00:00:00.000,Bus
11158,2020-05-04T00:00:00.000,LIRR
10764,2020-05-04T00:00:00.000,MNR
897,2020-05-04T00:00:00.000,SIR
511866,2020-05-04T00:00:00.000,Subway
8445,2020-05-05T00:00:00.000,AAR
392053,2020-05-05T00:00:00.000,BT
16377,2020-05-05T00:00:00.000,Bus
13265,2020-05-05T00:00:00.000,LIRR
10604,2020-05-05T00:00:00.000,MNR
894,2020-05-05T00:00:00.000,SIR
522085,2020-05-05T00:00:00.000,Subway
8832,2020-05-06T00:00:00.000,AAR
382117,2020-05-06T00:00:00.000,BT
15677,2020-05-06T00:00:00.000,Bus
14489,2020-05-06T00:00:00.000,LIRR
10107,2020-05-06T00:00:00.000,MNR
822,2020-05-06T00:00:00.000,SIR
508824,2020-05-06T00:00:00.000,Subway
8509,2020-05-07T00:00:00.000,AAR
410316,2020-05-07T00:00:00.000,BT
16130,2020-05-07T00:00:00.000,Bus
16139,2020-05-07T00:00:00.000,LIRR
11247,2020-05-07T00:00:00.000,MNR
930,2020-05-07T00:00:00.000,SIR
535073,2020-05-07T00:00:00.000,Subway
8656,2020-05-08T00:00:00.000,AAR
417078,2020-05-08T00:00:00.000,BT
14571,2020-05-08T00:00:00.000,Bus
15714,2020-05-08T00:00:00.000,LIRR
11242,2020-05-08T00:00:00.000,MNR
811,2020-05-08T00:00:00.000,SIR
526054,2020-05-08T00:00:00.000,Subway
5055,2020-05-09T00:00:00.000,AAR
315492,2020-05-09T00:00:00.000,BT
7594,2020-05-09T00:00:00.000,Bus
7651,2020-05-09T00:00:00.000,LIRR
6017,2020-05-09T00:00:00.000,MNR
489,2020-05-09T00:00:00.000,SIR
316883,2020-05-09T00:00:00.000,Subway
3962,2020-05-10T00:00:00.000,AAR
344299,2020-05-10T00:00:00.000,BT
6367,2020-05-10T00:00:00.000,Bus
7990,2020-05-10T00:00:00.000,LIRR
5878,2020-05-10T00:00:00.000,MNR
406,2020-05-10T00:00:00.000,SIR
271947,2020-05-10T00:00:00.000,Subway
7636,2020-05-11T00:00:00.000,AAR
404375,2020-05-11T00:00:00.000,BT
15176,2020-05-11T00:00:00.000,Bus
18349,2020-05-11T00:00:00.000,LIRR
11434,2020-05-11T00:00:00.000,MNR
829,2020-05-11T00:00:00.000,SIR
520873,2020-05-11T00:00:00.000,Subway
8271,2020-05-12T00:00:00.000,AAR
412917,2020-05-12T00:00:00.000,BT
15989,2020-05-12T00:00:00.000,Bus
19018,2020-05-12T00:00:00.000,LIRR
11488,2020-05-12T00:00:00.000,MNR
914,2020-05-12T00:00:00.000,SIR
553372,2020-05-12T00:00:00.000,Subway
9437,2020-05-13T00:00:00.000,AAR
432887,2020-05-13T00:00:00.000,BT
16170,2020-05-13T00:00:00.000,Bus
19356,2020-05-13T00:00:00.000,LIRR
11931,2020-05-13T00:00:00.000,MNR
956,2020-05-13T00:00:00.000,SIR
565377,2020-05-13T00:00:00.000,Subway
8855,2020-05-14T00:00:00.000,AAR
442695,2020-05-14T00:00:00.000,BT
15905,2020-05-14T00:00:00.000,Bus
19310,2020-05-14T00:00:00.000,LIRR
12131,2020-05-14T00:00:00.000,MNR
923,2020-05-14T00:00:00.000,SIR
567392,2020-05-14T00:00:00.000,Subway
9473,2020-05-15T00:00:00.000,AAR
476713,2020-05-15T00:00:00.000,BT
15481,2020-05-15T00:00:00.000,Bus
20092,2020-05-15T00:00:00.000,LIRR
12936,2020-05-15T00:00:00.000,MNR
976,2020-05-15T00:00:00.000,SIR
587808,2020-05-15T00:00:00.000,Subway
5947,2020-05-16T00:00:00.000,AAR
406633,2020-05-16T00:00:00.000,BT
8742,2020-05-16T00:00:00.000,Bus
11075,2020-05-16T00:00:00.000,LIRR
8100,2020-05-16T00:00:00.000,MNR
485,2020-05-16T00:00:00.000,SIR
360844,2020-05-16T00:00:00.000,Subway
3577,2020-05-17T00:00:00.000,AAR
345193,2020-05-17T00:00:00.000,BT
6504,2020-05-17T00:00:00.000,Bus
8793,2020-05-17T00:00:00.000,LIRR
6168,2020-05-17T00:00:00.000,MNR
337,2020-05-17T00:00:00.000,SIR
287418,2020-05-17T00:00:00.000,Subway
8969,2020-05-18T00:00:00.000,AAR
438480,2020-05-18T00:00:00.000,BT
17206,2020-05-18T00:00:00.000,Bus
22113,2020-05-18T00:00:00.000,LIRR
13141,2020-05-18T00:00:00.000,MNR
1036,2020-05-18T00:00:00.000,SIR
595469,2020-05-18T00:00:00.000,Subway
9290,2020-05-19T00:00:00.000,AAR
454395,2020-05-19T00:00:00.000,BT
17296,2020-05-19T00:00:00.000,Bus
21599,2020-05-19T00:00:00.000,LIRR
12777,2020-05-19T00:00:00.000,MNR
1067,2020-05-19T00:00:00.000,SIR
610884,2020-05-19T00:00:00.000,Subway
10224,2020-05-20T00:00:00.000,AAR
461129,2020-05-20T00:00:00.000,BT
17674,2020-05-20T00:00:00.000,Bus
22224,2020-05-20T00:00:00.000,LIRR
12753,2020-05-20T00:00:00.000,MNR
1044,2020-05-20T00:00:00.000,SIR
623749,2020-05-20T00:00:00.000,Subway
9731,2020-05-21T00:00:00.000,AAR
497100,2020-05-21T00:00:00.000,BT
17565,2020-05-21T00:00:00.000,Bus
22585,2020-05-21T00:00:00.000,LIRR
13294,2020-05-21T00:00:00.000,MNR
1069,2020-05-21T00:00:00.000,SIR
629298,2020-05-21T00:00:00.000,Subway
9782,2020-05-22T00:00:00.000,AAR
542105,2020-05-22T00:00:00.000,BT
16453,2020-05-22T00:00:00.000,Bus
22830,2020-05-22T00:00:00.000,LIRR
14711,2020-05-22T00:00:00.000,MNR
1046,2020-05-22T00:00:00.000,SIR
633883,2020-05-22T00:00:00.000,Subway
5550,2020-05-23T00:00:00.000,AAR
343335,2020-05-23T00:00:00.000,BT
7186,2020-05-23T00:00:00.000,Bus
10983,2020-05-23T00:00:00.000,LIRR
7613,2020-05-23T00:00:00.000,MNR
420,2020-05-23T00:00:00.000,SIR
335830,2020-05-23T00:00:00.000,Subway
4117,2020-05-24T00:00:00.000,AAR
374006,2020-05-24T00:00:00.000,BT
6642,2020-05-24T00:00:00.000,Bus
11871,2020-05-24T00:00:00.000,LIRR
8977,2020-05-24T00:00:00.000,MNR
361,2020-05-24T00:00:00.000,SIR
320015,2020-05-24T00:00:00.000,Subway
5428,2020-05-25T00:00:00.000,AAR
384662,2020-05-25T00:00:00.000,BT
7996,2020-05-25T00:00:00.000,Bus
19321,2020-05-25T00:00:00.000,LIRR
12982,2020-05-25T00:00:00.000,MNR
441,2020-05-25T00:00:00.000,SIR
393918,2020-05-25T00:00:00.000,Subway
9875,2020-05-26T00:00:00.000,AAR
517337,2020-05-26T00:00:00.000,BT
17819,2020-05-26T00:00:00.000,Bus
26691,2020-05-26T00:00:00.000,LIRR
14937,2020-05-26T00:00:00.000,MNR
1173,2020-05-26T00:00:00.000,SIR
656766,2020-05-26T00:00:00.000,Subway
11088,2020-05-27T00:00:00.000,AAR
514392,2020-05-27T00:00:00.000,BT
17911,2020-05-27T00:00:00.000,Bus
26483,2020-05-27T00:00:00.000,LIRR
14432,2020-05-27T00:00:00.000,MNR
1240,2020-05-27T00:00:00.000,SIR
674465,2020-05-27T00:00:00.000,Subway
10030,2020-05-28T00:00:00.000,AAR
508172,2020-05-28T00:00:00.000,BT
17535,2020-05-28T00:00:00.000,Bus
25175,2020-05-28T00:00:00.000,LIRR
14161,2020-05-28T00:00:00.000,MNR
1191,2020-05-28T00:00:00.000,SIR
658057,2020-05-28T00:00:00.000,Subway
10185,2020-05-29T00:00:00.000,AAR
508277,2020-05-29T00:00:00.000,BT
16378,2020-05-29T00:00:00.000,Bus
25070,2020-05-29T00:00:00.000,LIRR
15697,2020-05-29T00:00:00.000,MNR
1094,2020-05-29T00:00:00.000,SIR
657259,2020-05-29T00:00:00.000,Subway
6143,2020-05-30T00:00:00.000,AAR
451601,2020-05-30T00:00:00.000,BT
9112,2020-05-30T00:00:00.000,Bus
15557,2020-05-30T00:00:00.000,LIRR
11003,2020-05-30T00:00:00.000,MNR
18,2020-05-30T00:00:00.000,SIR
426737,2020-05-30T00:00:00.000,Subway
4216,2020-05-31T00:00:00.000,AAR
427268,2020-05-31T00:00:00.000,BT
6724,2020-05-31T00:00:00.000,Bus
13554,2020-05-31T00:00:00.000,LIRR
9390,2020-05-31T00:00:00.000,MNR
2,2020-05-31T00:00:00.000,SIR
344426,2020-05-31T00:00:00.000,Subway
10760,2020-06-01T00:00:00.000,AAR
527845,2020-06-01T00:00:00.000,BT
17833,2020-06-01T00:00:00.000,Bus
34339,2020-06-01T00:00:00.000,LIRR
16184,2020-06-01T00:00:00.000,MNR
1358,2020-06-01T00:00:00.000,SIR
687162,2020-06-01T00:00:00.000,Subway
11206,2020-06-02T00:00:00.000,AAR
511611,2020-06-02T00:00:00.000,BT
16576,2020-06-02T00:00:00.000,Bus
33769,2020-06-02T00:00:00.000,LIRR
16294,2020-06-02T00:00:00.000,MNR
1516,2020-06-02T00:00:00.000,SIR
693760,2020-06-02T00:00:00.000,Subway
11962,2020-06-03T00:00:00.000,AAR
496169,2020-06-03T00:00:00.000,BT
17830,2020-06-03T00:00:00.000,Bus
32523,2020-06-03T00:00:00.000,LIRR
15649,2020-06-03T00:00:00.000,MNR
1323,2020-06-03T00:00:00.000,SIR
681714,2020-06-03T00:00:00.000,Subway
12000,2020-06-04T00:00:00.000,AAR
554195,2020-06-04T00:00:00.000,BT
18538,2020-06-04T00:00:00.000,Bus
29771,2020-06-04T00:00:00.000,LIRR
17149,2020-06-04T00:00:00.000,MNR
1346,2020-06-04T00:00:00.000,SIR
726672,2020-06-04T00:00:00.000,Subway
11698,2020-06-05T00:00:00.000,AAR
557735,2020-06-05T00:00:00.000,BT
16863,2020-06-05T00:00:00.000,Bus
33482,2020-06-05T00:00:00.000,LIRR
18065,2020-06-05T00:00:00.000,MNR
1249,2020-06-05T00:00:00.000,SIR
703576,2020-06-05T00:00:00.000,Subway
6591,2020-06-06T00:00:00.000,AAR
461674,2020-06-06T00:00:00.000,BT
8912,2020-06-06T00:00:00.000,Bus
18090,2020-06-06T00:00:00.000,LIRR
12179,2020-06-06T00:00:00.000,MNR
9,2020-06-06T00:00:00.000,SIR
464198,2020-06-06T00:00:00.000,Subway
4650,2020-06-07T00:00:00.000,AAR
456563,2020-06-07T00:00:00.000,BT
7579,2020-06-07T00:00:00.000,Bus
16797,2020-06-07T00:00:00.000,LIRR
11231,2020-06-07T00:00:00.000,MNR
95,2020-06-07T00:00:00.000,SIR
377990,2020-06-07T00:00:00.000,Subway
11957,2020-06-08T00:00:00.000,AAR
571501,2020-06-08T00:00:00.000,BT
25663,2020-06-08T00:00:00.000,Bus
42630,2020-06-08T00:00:00.000,LIRR
20140,2020-06-08T00:00:00.000,MNR
1596,2020-06-08T00:00:00.000,SIR
804542,2020-06-08T00:00:00.000,Subway
12869,2020-06-09T00:00:00.000,AAR
585019,2020-06-09T00:00:00.000,BT
26247,2020-06-09T00:00:00.000,Bus
42274,2020-06-09T00:00:00.000,LIRR
19543,2020-06-09T00:00:00.000,MNR
1662,2020-06-09T00:00:00.000,SIR
842306,2020-06-09T00:00:00.000,Subway
13616,2020-06-10T00:00:00.000,AAR
586294,2020-06-10T00:00:00.000,BT
26735,2020-06-10T00:00:00.000,Bus
43083,2020-06-10T00:00:00.000,LIRR
20517,2020-06-10T00:00:00.000,MNR
1767,2020-06-10T00:00:00.000,SIR
857015,2020-06-10T00:00:00.000,Subway
12514,2020-06-11T00:00:00.000,AAR
569028,2020-06-11T00:00:00.000,BT
24284,2020-06-11T00:00:00.000,Bus
40961,2020-06-11T00:00:00.000,LIRR
19525,2020-06-11T00:00:00.000,MNR
1576,2020-06-11T00:00:00.000,SIR
818297,2020-06-11T00:00:00.000,Subway
13224,2020-06-12T00:00:00.000,AAR
647273,2020-06-12T00:00:00.000,BT
24459,2020-06-12T00:00:00.000,Bus
45072,2020-06-12T00:00:00.000,LIRR
24165,2020-06-12T00:00:00.000,MNR
1656,2020-06-12T00:00:00.000,SIR
896658,2020-06-12T00:00:00.000,Subway
7794,2020-06-13T00:00:00.000,AAR
533767,2020-06-13T00:00:00.000,BT
12115,2020-06-13T00:00:00.000,Bus
25355,2020-06-13T00:00:00.000,LIRR
16675,2020-06-13T00:00:00.000,MNR
17,2020-06-13T00:00:00.000,SIR
545316,2020-06-13T00:00:00.000,Subway
5195,2020-06-14T00:00:00.000,AAR
489749,2020-06-14T00:00:00.000,BT
8731,2020-06-14T00:00:00.000,Bus
20859,2020-06-14T00:00:00.000,LIRR
13794,2020-06-14T00:00:00.000,MNR
7,2020-06-14T00:00:00.000,SIR
430439,2020-06-14T00:00:00.000,Subway
12953,2020-06-15T00:00:00.000,AAR
608959,2020-06-15T00:00:00.000,BT
27057,2020-06-15T00:00:00.000,Bus
47545,2020-06-15T00:00:00.000,LIRR
22841,2020-06-15T00:00:00.000,MNR
1813,2020-06-15T00:00:00.000,SIR
897112,2020-06-15T00:00:00.000,Subway
12939,2020-06-16T00:00:00.000,AAR
597885,2020-06-16T00:00:00.000,BT
28049,2020-06-16T00:00:00.000,Bus
46876,2020-06-16T00:00:00.000,LIRR
22555,2020-06-16T00:00:00.000,MNR
1874,2020-06-16T00:00:00.000,SIR
932671,2020-06-16T00:00:00.000,Subway
14595,2020-06-17T00:00:00.000,AAR
613879,2020-06-17T00:00:00.000,BT
27924,2020-06-17T00:00:00.000,Bus
47166,2020-06-17T00:00:00.000,LIRR
24167,2020-06-17T00:00:00.000,MNR
1857,2020-06-17T00:00:00.000,SIR
948461,2020-06-17T00:00:00.000,Subway
13808,2020-06-18T00:00:00.000,AAR
625591,2020-06-18T00:00:00.000,BT
27516,2020-06-18T00:00:00.000,Bus
47851,2020-06-18T00:00:00.000,LIRR
24081,2020-06-18T00:00:00.000,MNR
1936,2020-06-18T00:00:00.000,SIR
942382,2020-06-18T00:00:00.000,Subway
13868,2020-06-19T00:00:00.000,AAR
682045,2020-06-19T00:00:00.000,BT
25578,2020-06-19T00:00:00.000,Bus
50201,2020-06-19T00:00:00.000,LIRR
27772,2020-06-19T00:00:00.000,MNR
1751,2020-06-19T00:00:00.000,SIR
986929,2020-06-19T00:00:00.000,Subway
8185,2020-06-20T00:00:00.000,AAR
568025,2020-06-20T00:00:00.000,BT
11899,2020-06-20T00:00:00.000,Bus
28959,2020-06-20T00:00:00.000,LIRR
18559,2020-06-20T00:00:00.000,MNR
22,2020-06-20T00:00:00.000,SIR
576075,2020-06-20T00:00:00.000,Subway
6328,2020-06-21T00:00:00.000,AAR
549129,2020-06-21T00:00:00.000,BT
9072,2020-06-21T00:00:00.000,Bus
27094,2020-06-21T00:00:00.000,LIRR
16719,2020-06-21T00:00:00.000,MNR
,2020-06-21T00:00:00.000,SIR
449497,2020-06-21T00:00:00.000,Subway
13314,2020-06-22T00:00:00.000,AAR
677703,2020-06-22T00:00:00.000,BT
30863,2020-06-22T00:00:00.000,Bus
53878,2020-06-22T00:00:00.000,LIRR
25367,2020-06-22T00:00:00.000,MNR
2027,2020-06-22T00:00:00.000,SIR
1000046,2020-06-22T00:00:00.000,Subway
15069,2020-06-23T00:00:00.000,AAR
645744,2020-06-23T00:00:00.000,BT
32305,2020-06-23T00:00:00.000,Bus
52898,2020-06-23T00:00:00.000,LIRR
24909,2020-06-23T00:00:00.000,MNR
2219,2020-06-23T00:00:00.000,SIR
1050786,2020-06-23T00:00:00.000,Subway
15155,2020-06-24T00:00:00.000,AAR
648574,2020-06-24T00:00:00.000,BT
32504,2020-06-24T00:00:00.000,Bus
52354,2020-06-24T00:00:00.000,LIRR
25277,2020-06-24T00:00:00.000,MNR
2194,2020-06-24T00:00:00.000,SIR
1068333,2020-06-24T00:00:00.000,Subway
14854,2020-06-25T00:00:00.000,AAR
675723,2020-06-25T00:00:00.000,BT
32393,2020-06-25T00:00:00.000,Bus
53444,2020-06-25T00:00:00.000,LIRR
25644,2020-06-25T00:00:00.000,MNR
2210,2020-06-25T00:00:00.000,SIR
1078796,2020-06-25T00:00:00.000,Subway
15048,2020-06-26T00:00:00.000,AAR
714420,2020-06-26T00:00:00.000,BT
30480,2020-06-26T00:00:00.000,Bus
55647,2020-06-26T00:00:00.000,LIRR
29700,2020-06-26T00:00:00.000,MNR
2115,2020-06-26T00:00:00.000,SIR
1102382,2020-06-26T00:00:00.000,Subway
8541,2020-06-27T00:00:00.000,AAR
547710,2020-06-27T00:00:00.000,BT
12942,2020-06-27T00:00:00.000,Bus
26773,2020-06-27T00:00:00.000,LIRR
17932,2020-06-27T00:00:00.000,MNR
686,2020-06-27T00:00:00.000,SIR
615398,2020-06-27T00:00:00.000,Subway
5748,2020-06-28T00:00:00.000,AAR
534535,2020-06-28T00:00:00.000,BT
10167,2020-06-28T00:00:00.000,Bus
25680,2020-06-28T00:00:00.000,LIRR
15918,2020-06-28T00:00:00.000,MNR
590,2020-06-28T00:00:00.000,SIR
535898,2020-06-28T00:00:00.000,Subway
14705,2020-06-29T00:00:00.000,AAR
684046,2020-06-29T00:00:00.000,BT
33264,2020-06-29T00:00:00.000,Bus
63309,2020-06-29T00:00:00.000,LIRR
28163,2020-06-29T00:00:00.000,MNR
2317,2020-06-29T00:00:00.000,SIR
1100769,2020-06-29T00:00:00.000,Subway
15291,2020-06-30T00:00:00.000,AAR
660366,2020-06-30T00:00:00.000,BT
33996,2020-06-30T00:00:00.000,Bus
57955,2020-06-30T00:00:00.000,LIRR
27077,2020-06-30T00:00:00.000,MNR
2386,2020-06-30T00:00:00.000,SIR
1113124,2020-06-30T00:00:00.000,Subway
16451,2020-07-01T00:00:00.000,AAR
673662,2020-07-01T00:00:00.000,BT
32921,2020-07-01T00:00:00.000,Bus
56505,2020-07-01T00:00:00.000,LIRR
27770,2020-07-01T00:00:00.000,MNR
2305,2020-07-01T00:00:00.000,SIR
1120537,2020-07-01T00:00:00.000,Subway
15981,2020-07-02T00:00:00.000,AAR
746848,2020-07-02T00:00:00.000,BT
32730,2020-07-02T00:00:00.000,Bus
64261,2020-07-02T00:00:00.000,LIRR
31948,2020-07-02T00:00:00.000,MNR
2365,2020-07-02T00:00:00.000,SIR
1170483,2020-07-02T00:00:00.000,Subway
10915,2020-07-03T00:00:00.000,AAR
632192,2020-07-03T00:00:00.000,BT
16862,2020-07-03T00:00:00.000,Bus
56181,2020-07-03T00:00:00.000,LIRR
32049,2020-07-03T00:00:00.000,MNR
1138,2020-07-03T00:00:00.000,SIR
851877,2020-07-03T00:00:00.000,Subway
8391,2020-07-04T00:00:00.000,AAR
468982,2020-07-04T00:00:00.000,BT
10769,2020-07-04T00:00:00.000,Bus
38388,2020-07-04T00:00:00.000,LIRR
22085,2020-07-04T00:00:00.000,MNR
690,2020-07-04T00:00:00.000,SIR
591605,2020-07-04T00:00:00.000,Subway
6280,2020-07-05T00:00:00.000,AAR
561428,2020-07-05T00:00:00.000,BT
9832,2020-07-05T00:00:00.000,Bus
34569,2020-07-05T00:00:00.000,LIRR
19136,2020-07-05T00:00:00.000,MNR
528,2020-07-05T00:00:00.000,SIR
533692,2020-07-05T00:00:00.000,Subway
14886,2020-07-06T00:00:00.000,AAR
695061,2020-07-06T00:00:00.000,BT
31548,2020-07-06T00:00:00.000,Bus
63862,2020-07-06T00:00:00.000,LIRR
30556,2020-07-06T00:00:00.000,MNR
2222,2020-07-06T00:00:00.000,SIR
1084956,2020-07-06T00:00:00.000,Subway
16003,2020-07-07T00:00:00.000,AAR
648117,2020-07-07T00:00:00.000,BT
33595,2020-07-07T00:00:00.000,Bus
61756,2020-07-07T00:00:00.000,LIRR
30507,2020-07-07T00:00:00.000,MNR
2403,2020-07-07T00:00:00.000,SIR
1157185,2020-07-07T00:00:00.000,Subway
16980,2020-07-08T00:00:00.000,AAR
657205,2020-07-08T00:00:00.000,BT
34242,2020-07-08T00:00:00.000,Bus
63048,2020-07-08T00:00:00.000,LIRR
30174,2020-07-08T00:00:00.000,MNR
2454,2020-07-08T00:00:00.000,SIR
1172279,2020-07-08T00:00:00.000,Subway
17017,2020-07-09T00:00:00.000,AAR
699537,2020-07-09T00:00:00.000,BT
34762,2020-07-09T00:00:00.000,Bus
65483,2020-07-09T00:00:00.000,LIRR
31913,2020-07-09T00:00:00.000,MNR
2571,2020-07-09T00:00:00.000,SIR
1211280,2020-07-09T00:00:00.000,Subway
15738,2020-07-10T00:00:00.000,AAR
642227,2020-07-10T00:00:00.000,BT
25544,2020-07-10T00:00:00.000,Bus
55929,2020-07-10T00:00:00.000,LIRR
29683,2020-07-10T00:00:00.000,MNR
2117,2020-07-10T00:00:00.000,SIR
1030632,2020-07-10T00:00:00.000,Subway
8453,2020-07-11T00:00:00.000,AAR
516176,2020-07-11T00:00:00.000,BT
12872,2020-07-11T00:00:00.000,Bus
30059,2020-07-11T00:00:00.000,LIRR
18683,2020-07-11T00:00:00.000,MNR
812,2020-07-11T00:00:00.000,SIR
692977,2020-07-11T00:00:00.000,Subway
7395,2020-07-12T00:00:00.000,AAR
584605,2020-07-12T00:00:00.000,BT
10966,2020-07-12T00:00:00.000,Bus
34905,2020-07-12T00:00:00.000,LIRR
19859,2020-07-12T00:00:00.000,MNR
731,2020-07-12T00:00:00.000,SIR
628187,2020-07-12T00:00:00.000,Subway
15928,2020-07-13T00:00:00.000,AAR
700607,2020-07-13T00:00:00.000,BT
33302,2020-07-13T00:00:00.000,Bus
66384,2020-07-13T00:00:00.000,LIRR
31876,2020-07-13T00:00:00.000,MNR
2504,2020-07-13T00:00:00.000,SIR
1175700,2020-07-13T00:00:00.000,Subway
17081,2020-07-14T00:00:00.000,AAR
686729,2020-07-14T00:00:00.000,BT
35391,2020-07-14T00:00:00.000,Bus
66321,2020-07-14T00:00:00.000,LIRR
31921,2020-07-14T00:00:00.000,MNR
2669,2020-07-14T00:00:00.000,SIR
1241080,2020-07-14T00:00:00.000,Subway
18149,2020-07-15T00:00:00.000,AAR
698231,2020-07-15T00:00:00.000,BT
34701,2020-07-15T00:00:00.000,Bus
66549,2020-07-15T00:00:00.000,LIRR
32603,2020-07-15T00:00:00.000,MNR
2751,2020-07-15T00:00:00.000,SIR
1248413,2020-07-15T00:00:00.000,Subway
17230,2020-07-16T00:00:00.000,AAR
710327,2020-07-16T00:00:00.000,BT
34199,2020-07-16T00:00:00.000,Bus
66732,2020-07-16T00:00:00.000,LIRR
33258,2020-07-16T00:00:00.000,MNR
2756,2020-07-16T00:00:00.000,SIR
1249128,2020-07-16T00:00:00.000,Subway
16401,2020-07-17T00:00:00.000,AAR
708282,2020-07-17T00:00:00.000,BT
29696,2020-07-17T00:00:00.000,Bus
64806,2020-07-17T00:00:00.000,LIRR
35414,2020-07-17T00:00:00.000,MNR
2427,2020-07-17T00:00:00.000,SIR
1207265,2020-07-17T00:00:00.000,Subway
9785,2020-07-18T00:00:00.000,AAR
629323,2020-07-18T00:00:00.000,BT
14335,2020-07-18T00:00:00.000,Bus
41235,2020-07-18T00:00:00.000,LIRR
24071,2020-07-18T00:00:00.000,MNR
786,2020-07-18T00:00:00.000,SIR
778936,2020-07-18T00:00:00.000,Subway
7052,2020-07-19T00:00:00.000,AAR
607597,2020-07-19T00:00:00.000,BT
9845,2020-07-19T00:00:00.000,Bus
36429,2020-07-19T00:00:00.000,LIRR
18675,2020-07-19T00:00:00.000,MNR
504,2020-07-19T00:00:00.000,SIR
584994,2020-07-19T00:00:00.000,Subway
15957,2020-07-20T00:00:00.000,AAR
708206,2020-07-20T00:00:00.000,BT
30196,2020-07-20T00:00:00.000,Bus
67721,2020-07-20T00:00:00.000,LIRR
32279,2020-07-20T00:00:00.000,MNR
2428,2020-07-20T00:00:00.000,SIR
1156735,2020-07-20T00:00:00.000,Subway
16831,2020-07-21T00:00:00.000,AAR
688011,2020-07-21T00:00:00.000,BT
32482,2020-07-21T00:00:00.000,Bus
67594,2020-07-21T00:00:00.000,LIRR
33213,2020-07-21T00:00:00.000,MNR
2725,2020-07-21T00:00:00.000,SIR
1241819,2020-07-21T00:00:00.000,Subway
17582,2020-07-22T00:00:00.000,AAR
689874,2020-07-22T00:00:00.000,BT
33863,2020-07-22T00:00:00.000,Bus
65348,2020-07-22T00:00:00.000,LIRR
32485,2020-07-22T00:00:00.000,MNR
2716,2020-07-22T00:00:00.000,SIR
1233668,2020-07-22T00:00:00.000,Subway
17056,2020-07-23T00:00:00.000,AAR
682324,2020-07-23T00:00:00.000,BT
33999,2020-07-23T00:00:00.000,Bus
65637,2020-07-23T00:00:00.000,LIRR
32975,2020-07-23T00:00:00.000,MNR
2632,2020-07-23T00:00:00.000,SIR
1233795,2020-07-23T00:00:00.000,Subway
17311,2020-07-24T00:00:00.000,AAR
707858,2020-07-24T00:00:00.000,BT
29987,2020-07-24T00:00:00.000,Bus
65889,2020-07-24T00:00:00.000,LIRR
36639,2020-07-24T00:00:00.000,MNR
2511,2020-07-24T00:00:00.000,SIR
1218138,2020-07-24T00:00:00.000,Subway
10350,2020-07-25T00:00:00.000,AAR
648308,2020-07-25T00:00:00.000,BT
14777,2020-07-25T00:00:00.000,Bus
43340,2020-07-25T00:00:00.000,LIRR
25173,2020-07-25T00:00:00.000,MNR
799,2020-07-25T00:00:00.000,SIR
816604,2020-07-25T00:00:00.000,Subway
7429,2020-07-26T00:00:00.000,AAR
610874,2020-07-26T00:00:00.000,BT
9711,2020-07-26T00:00:00.000,Bus
36164,2020-07-26T00:00:00.000,LIRR
20170,2020-07-26T00:00:00.000,MNR
542,2020-07-26T00:00:00.000,SIR
606910,2020-07-26T00:00:00.000,Subway
16607,2020-07-27T00:00:00.000,AAR
725399,2020-07-27T00:00:00.000,BT
32072,2020-07-27T00:00:00.000,Bus
70114,2020-07-27T00:00:00.000,LIRR
31568,2020-07-27T00:00:00.000,MNR
2626,2020-07-27T00:00:00.000,SIR
1203503,2020-07-27T00:00:00.000,Subway
16892,2020-07-28T00:00:00.000,AAR
685911,2020-07-28T00:00:00.000,BT
33753,2020-07-28T00:00:00.000,Bus
66687,2020-07-28T00:00:00.000,LIRR
31677,2020-07-28T00:00:00.000,MNR
2635,2020-07-28T00:00:00.000,SIR
1241770,2020-07-28T00:00:00.000,Subway
18216,2020-07-29T00:00:00.000,AAR
707261,2020-07-29T00:00:00.000,BT
35257,2020-07-29T00:00:00.000,Bus
69995,2020-07-29T00:00:00.000,LIRR
33733,2020-07-29T00:00:00.000,MNR
2778,2020-07-29T00:00:00.000,SIR
1296102,2020-07-29T00:00:00.000,Subway
17333,2020-07-30T00:00:00.000,AAR
716967,2020-07-30T00:00:00.000,BT
33982,2020-07-30T00:00:00.000,Bus
68958,2020-07-30T00:00:00.000,LIRR
34122,2020-07-30T00:00:00.000,MNR
2746,2020-07-30T00:00:00.000,SIR
1270172,2020-07-30T00:00:00.000,Subway
17654,2020-07-31T00:00:00.000,AAR
730401,2020-07-31T00:00:00.000,BT
29917,2020-07-31T00:00:00.000,Bus
67648,2020-07-31T00:00:00.000,LIRR
38040,2020-07-31T00:00:00.000,MNR
2429,2020-07-31T00:00:00.000,SIR
1258539,2020-07-31T00:00:00.000,Subway
10685,2020-08-01T00:00:00.000,AAR
679273,2020-08-01T00:00:00.000,BT
16087,2020-08-01T00:00:00.000,Bus
44405,2020-08-01T00:00:00.000,LIRR
26261,2020-08-01T00:00:00.000,MNR
904,2020-08-01T00:00:00.000,SIR
842468,2020-08-01T00:00:00.000,Subway
7431,2020-08-02T00:00:00.000,AAR
578765,2020-08-02T00:00:00.000,BT
9874,2020-08-02T00:00:00.000,Bus
30502,2020-08-02T00:00:00.000,LIRR
17885,2020-08-02T00:00:00.000,MNR
615,2020-08-02T00:00:00.000,SIR
590060,2020-08-02T00:00:00.000,Subway
17594,2020-08-03T00:00:00.000,AAR
732695,2020-08-03T00:00:00.000,BT
36945,2020-08-03T00:00:00.000,Bus
70779,2020-08-03T00:00:00.000,LIRR
32884,2020-08-03T00:00:00.000,MNR
2955,2020-08-03T00:00:00.000,SIR
1272996,2020-08-03T00:00:00.000,Subway
14924,2020-08-04T00:00:00.000,AAR
530748,2020-08-04T00:00:00.000,BT
29426,2020-08-04T00:00:00.000,Bus
36835,2020-08-04T00:00:00.000,LIRR
22286,2020-08-04T00:00:00.000,MNR
1499,2020-08-04T00:00:00.000,SIR
1027187,2020-08-04T00:00:00.000,Subway
18299,2020-08-05T00:00:00.000,AAR
708051,2020-08-05T00:00:00.000,BT
38283,2020-08-05T00:00:00.000,Bus
58005,2020-08-05T00:00:00.000,LIRR
26598,2020-08-05T00:00:00.000,MNR
2824,2020-08-05T00:00:00.000,SIR
1348202,2020-08-05T00:00:00.000,Subway
19117,2020-08-06T00:00:00.000,AAR
737516,2020-08-06T00:00:00.000,BT
37059,2020-08-06T00:00:00.000,Bus
66671,2020-08-06T00:00:00.000,LIRR
28283,2020-08-06T00:00:00.000,MNR
3125,2020-08-06T00:00:00.000,SIR
1334694,2020-08-06T00:00:00.000,Subway
17502,2020-08-07T00:00:00.000,AAR
736585,2020-08-07T00:00:00.000,BT
32170,2020-08-07T00:00:00.000,Bus
65969,2020-08-07T00:00:00.000,LIRR
32882,2020-08-07T00:00:00.000,MNR
2741,2020-08-07T00:00:00.000,SIR
1283894,2020-08-07T00:00:00.000,Subway
10613,2020-08-08T00:00:00.000,AAR
613596,2020-08-08T00:00:00.000,BT
15143,2020-08-08T00:00:00.000,Bus
41729,2020-08-08T00:00:00.000,LIRR
23513,2020-08-08T00:00:00.000,MNR
806,2020-08-08T00:00:00.000,SIR
833287,2020-08-08T00:00:00.000,Subway
8287,2020-08-09T00:00:00.000,AAR
640756,2020-08-09T00:00:00.000,BT
11534,2020-08-09T00:00:00.000,Bus
37616,2020-08-09T00:00:00.000,LIRR
20503,2020-08-09T00:00:00.000,MNR
649,2020-08-09T00:00:00.000,SIR
662993,2020-08-09T00:00:00.000,Subway
18178,2020-08-10T00:00:00.000,AAR
756136,2020-08-10T00:00:00.000,BT
34883,2020-08-10T00:00:00.000,Bus
73548,2020-08-10T00:00:00.000,LIRR
33500,2020-08-10T00:00:00.000,MNR
2995,2020-08-10T00:00:00.000,SIR
1275268,2020-08-10T00:00:00.000,Subway
18546,2020-08-11T00:00:00.000,AAR
715748,2020-08-11T00:00:00.000,BT
36426,2020-08-11T00:00:00.000,Bus
72436,2020-08-11T00:00:00.000,LIRR
33509,2020-08-11T00:00:00.000,MNR
3164,2020-08-11T00:00:00.000,SIR
1319814,2020-08-11T00:00:00.000,Subway
19346,2020-08-12T00:00:00.000,AAR
699183,2020-08-12T00:00:00.000,BT
36053,2020-08-12T00:00:00.000,Bus
68345,2020-08-12T00:00:00.000,LIRR
33736,2020-08-12T00:00:00.000,MNR
3124,2020-08-12T00:00:00.000,SIR
1298963,2020-08-12T00:00:00.000,Subway
18608,2020-08-13T00:00:00.000,AAR
709064,2020-08-13T00:00:00.000,BT
34723,2020-08-13T00:00:00.000,Bus
69223,2020-08-13T00:00:00.000,LIRR
33822,2020-08-13T00:00:00.000,MNR
2971,2020-08-13T00:00:00.000,SIR
1291277,2020-08-13T00:00:00.000,Subway
18113,2020-08-14T00:00:00.000,AAR
756678,2020-08-14T00:00:00.000,BT
32713,2020-08-14T00:00:00.000,Bus
72916,2020-08-14T00:00:00.000,LIRR
39342,2020-08-14T00:00:00.000,MNR
3012,2020-08-14T00:00:00.000,SIR
1355786,2020-08-14T00:00:00.000,Subway
11487,2020-08-15T00:00:00.000,AAR
689880,2020-08-15T00:00:00.000,BT
15522,2020-08-15T00:00:00.000,Bus
46806,2020-08-15T00:00:00.000,LIRR
27677,2020-08-15T00:00:00.000,MNR
974,2020-08-15T00:00:00.000,SIR
860789,2020-08-15T00:00:00.000,Subway
7902,2020-08-16T00:00:00.000,AAR
564045,2020-08-16T00:00:00.000,BT
8603,2020-08-16T00:00:00.000,Bus
29858,2020-08-16T00:00:00.000,LIRR
18164,2020-08-16T00:00:00.000,MNR
529,2020-08-16T00:00:00.000,SIR
554451,2020-08-16T00:00:00.000,Subway
17377,2020-08-17T00:00:00.000,AAR
713483,2020-08-17T00:00:00.000,BT
34768,2020-08-17T00:00:00.000,Bus
74453,2020-08-17T00:00:00.000,LIRR
35362,2020-08-17T00:00:00.000,MNR
3058,2020-08-17T00:00:00.000,SIR
1304485,2020-08-17T00:00:00.000,Subway
19274,2020-08-18T00:00:00.000,AAR
720019,2020-08-18T00:00:00.000,BT
36646,2020-08-18T00:00:00.000,Bus
74213,2020-08-18T00:00:00.000,LIRR
34361,2020-08-18T00:00:00.000,MNR
2951,2020-08-18T00:00:00.000,SIR
1369617,2020-08-18T00:00:00.000,Subway
19915,2020-08-19T00:00:00.000,AAR
712321,2020-08-19T00:00:00.000,BT
34181,2020-08-19T00:00:00.000,Bus
70104,2020-08-19T00:00:00.000,LIRR
34377,2020-08-19T00:00:00.000,MNR
2783,2020-08-19T00:00:00.000,SIR
1292148,2020-08-19T00:00:00.000,Subway
19344,2020-08-20T00:00:00.000,AAR
759939,2020-08-20T00:00:00.000,BT
35059,2020-08-20T00:00:00.000,Bus
75643,2020-08-20T00:00:00.000,LIRR
37078,2020-08-20T00:00:00.000,MNR
2960,2020-08-20T00:00:00.000,SIR
1410489,2020-08-20T00:00:00.000,Subway
19035,2020-08-21T00:00:00.000,AAR
784210,2020-08-21T00:00:00.000,BT
31342,2020-08-21T00:00:00.000,Bus
76062,2020-08-21T00:00:00.000,LIRR
41110,2020-08-21T00:00:00.000,MNR
2769,2020-08-21T00:00:00.000,SIR
1387463,2020-08-21T00:00:00.000,Subway
11456,2020-08-22T00:00:00.000,AAR
695639,2020-08-22T00:00:00.000,BT
13705,2020-08-22T00:00:00.000,Bus
49095,2020-08-22T00:00:00.000,LIRR
27784,2020-08-22T00:00:00.000,MNR
871,2020-08-22T00:00:00.000,SIR
882522,2020-08-22T00:00:00.000,Subway
8297,2020-08-23T00:00:00.000,AAR
646199,2020-08-23T00:00:00.000,BT
9698,2020-08-23T00:00:00.000,Bus
37891,2020-08-23T00:00:00.000,LIRR
22496,2020-08-23T00:00:00.000,MNR
633,2020-08-23T00:00:00.000,SIR
671560,2020-08-23T00:00:00.000,Subway
17643,2020-08-24T00:00:00.000,AAR
746313,2020-08-24T00:00:00.000,BT
34021,2020-08-24T00:00:00.000,Bus
75145,2020-08-24T00:00:00.000,LIRR
35904,2020-08-24T00:00:00.000,MNR
2756,2020-08-24T00:00:00.000,SIR
1307345,2020-08-24T00:00:00.000,Subway
18682,2020-08-25T00:00:00.000,AAR
714292,2020-08-25T00:00:00.000,BT
34993,2020-08-25T00:00:00.000,Bus
73331,2020-08-25T00:00:00.000,LIRR
35689,2020-08-25T00:00:00.000,MNR
2845,2020-08-25T00:00:00.000,SIR
1346490,2020-08-25T00:00:00.000,Subway
20659,2020-08-26T00:00:00.000,AAR
740511,2020-08-26T00:00:00.000,BT
35975,2020-08-26T00:00:00.000,Bus
76583,2020-08-26T00:00:00.000,LIRR
36621,2020-08-26T00:00:00.000,MNR
3012,2020-08-26T00:00:00.000,SIR
1407639,2020-08-26T00:00:00.000,Subway
19271,2020-08-27T00:00:00.000,AAR
743525,2020-08-27T00:00:00.000,BT
33969,2020-08-27T00:00:00.000,Bus
73060,2020-08-27T00:00:00.000,LIRR
35551,2020-08-27T00:00:00.000,MNR
2856,2020-08-27T00:00:00.000,SIR
1358272,2020-08-27T00:00:00.000,Subway
18845,2020-08-28T00:00:00.000,AAR
772306,2020-08-28T00:00:00.000,BT
31956,2020-08-28T00:00:00.000,Bus
76114,2020-08-28T00:00:00.000,LIRR
41222,2020-08-28T00:00:00.000,MNR
2716,2020-08-28T00:00:00.000,SIR
1388583,2020-08-28T00:00:00.000,Subway
9814,2020-08-29T00:00:00.000,AAR
565962,2020-08-29T00:00:00.000,BT
14035,2020-08-29T00:00:00.000,Bus
37641,2020-08-29T00:00:00.000,LIRR
22234,2020-08-29T00:00:00.000,MNR
798,2020-08-29T00:00:00.000,SIR
773667,2020-08-29T00:00:00.000,Subway
9752,2020-08-30T00:00:00.000,AAR
662723,2020-08-30T00:00:00.000,BT
16027,2020-08-30T00:00:00.000,Bus
45147,2020-08-30T00:00:00.000,LIRR
26520,2020-08-30T00:00:00.000,MNR
825,2020-08-30T00:00:00.000,SIR
748061,2020-08-30T00:00:00.000,Subway
18185,2020-08-31T00:00:00.000,AAR
764858,2020-08-31T00:00:00.000,BT
787291,2020-08-31T00:00:00.000,Bus
78122,2020-08-31T00:00:00.000,LIRR
37727,2020-08-31T00:00:00.000,MNR
3184,2020-08-31T00:00:00.000,SIR
1397264,2020-08-31T00:00:00.000,Subway
18929,2020-09-01T00:00:00.000,AAR
705359,2020-09-01T00:00:00.000,BT
947758,2020-09-01T00:00:00.000,Bus
76483,2020-09-01T00:00:00.000,LIRR
36035,2020-09-01T00:00:00.000,MNR
3217,2020-09-01T00:00:00.000,SIR
1469274,2020-09-01T00:00:00.000,Subway
19990,2020-09-02T00:00:00.000,AAR
702772,2020-09-02T00:00:00.000,BT
972213,2020-09-02T00:00:00.000,Bus
77585,2020-09-02T00:00:00.000,LIRR
36159,2020-09-02T00:00:00.000,MNR
3192,2020-09-02T00:00:00.000,SIR
1487969,2020-09-02T00:00:00.000,Subway
19992,2020-09-03T00:00:00.000,AAR
745696,2020-09-03T00:00:00.000,BT
1022623,2020-09-03T00:00:00.000,Bus
82554,2020-09-03T00:00:00.000,LIRR
39920,2020-09-03T00:00:00.000,MNR
3327,2020-09-03T00:00:00.000,SIR
1529185,2020-09-03T00:00:00.000,Subway
20223,2020-09-04T00:00:00.000,AAR
797366,2020-09-04T00:00:00.000,BT
1030811,2020-09-04T00:00:00.000,Bus
88345,2020-09-04T00:00:00.000,LIRR
47152,2020-09-04T00:00:00.000,MNR
3148,2020-09-04T00:00:00.000,SIR
1568385,2020-09-04T00:00:00.000,Subway
12118,2020-09-05T00:00:00.000,AAR
688606,2020-09-05T00:00:00.000,BT
715922,2020-09-05T00:00:00.000,Bus
50550,2020-09-05T00:00:00.000,LIRR
34621,2020-09-05T00:00:00.000,MNR
21,2020-09-05T00:00:00.000,SIR
1013725,2020-09-05T00:00:00.000,Subway
10160,2020-09-06T00:00:00.000,AAR
654855,2020-09-06T00:00:00.000,BT
559273,2020-09-06T00:00:00.000,Bus
44727,2020-09-06T00:00:00.000,LIRR
28565,2020-09-06T00:00:00.000,MNR
191,2020-09-06T00:00:00.000,SIR
819409,2020-09-06T00:00:00.000,Subway
9261,2020-09-07T00:00:00.000,AAR
624726,2020-09-07T00:00:00.000,BT
615802,2020-09-07T00:00:00.000,Bus
80050,2020-09-07T00:00:00.000,LIRR
27326,2020-09-07T00:00:00.000,MNR
1210,2020-09-07T00:00:00.000,SIR
870964,2020-09-07T00:00:00.000,Subway
19806,2020-09-08T00:00:00.000,AAR
754377,2020-09-08T00:00:00.000,BT
1039401,2020-09-08T00:00:00.000,Bus
90603,2020-09-08T00:00:00.000,LIRR
42963,2020-09-08T00:00:00.000,MNR
3496,2020-09-08T00:00:00.000,SIR
1555816,2020-09-08T00:00:00.000,Subway
21801,2020-09-09T00:00:00.000,AAR
720087,2020-09-09T00:00:00.000,BT
1072887,2020-09-09T00:00:00.000,Bus
86063,2020-09-09T00:00:00.000,LIRR
41954,2020-09-09T00:00:00.000,MNR
3586,2020-09-09T00:00:00.000,SIR
1610076,2020-09-09T00:00:00.000,Subway
20181,2020-09-10T00:00:00.000,AAR
698623,2020-09-10T00:00:00.000,BT
997030,2020-09-10T00:00:00.000,Bus
82142,2020-09-10T00:00:00.000,LIRR
39296,2020-09-10T00:00:00.000,MNR
3403,2020-09-10T00:00:00.000,SIR
1543662,2020-09-10T00:00:00.000,Subway
20809,2020-09-11T00:00:00.000,AAR
755447,2020-09-11T00:00:00.000,BT
1070920,2020-09-11T00:00:00.000,Bus
88582,2020-09-11T00:00:00.000,LIRR
47781,2020-09-11T00:00:00.000,MNR
3442,2020-09-11T00:00:00.000,SIR
1690334,2020-09-11T00:00:00.000,Subway
12349,2020-09-12T00:00:00.000,AAR
678393,2020-09-12T00:00:00.000,BT
752875,2020-09-12T00:00:00.000,Bus
44546,2020-09-12T00:00:00.000,LIRR
32400,2020-09-12T00:00:00.000,MNR
29,2020-09-12T00:00:00.000,SIR
1083698,2020-09-12T00:00:00.000,Subway
9315,2020-09-13T00:00:00.000,AAR
633226,2020-09-13T00:00:00.000,BT
557231,2020-09-13T00:00:00.000,Bus
36686,2020-09-13T00:00:00.000,LIRR
24009,2020-09-13T00:00:00.000,MNR
4,2020-09-13T00:00:00.000,SIR
796740,2020-09-13T00:00:00.000,Subway
19888,2020-09-14T00:00:00.000,AAR
723164,2020-09-14T00:00:00.000,BT
1065601,2020-09-14T00:00:00.000,Bus
89498,2020-09-14T00:00:00.000,LIRR
41286,2020-09-14T00:00:00.000,MNR
3515,2020-09-14T00:00:00.000,SIR
1604381,2020-09-14T00:00:00.000,Subway
20763,2020-09-15T00:00:00.000,AAR
707312,2020-09-15T00:00:00.000,BT
1091806,2020-09-15T00:00:00.000,Bus
87025,2020-09-15T00:00:00.000,LIRR
41288,2020-09-15T00:00:00.000,MNR
3696,2020-09-15T00:00:00.000,SIR
1678078,2020-09-15T00:00:00.000,Subway
22070,2020-09-16T00:00:00.000,AAR
708976,2020-09-16T00:00:00.000,BT
1097389,2020-09-16T00:00:00.000,Bus
87034,2020-09-16T00:00:00.000,LIRR
41417,2020-09-16T00:00:00.000,MNR
3496,2020-09-16T00:00:00.000,SIR
1686909,2020-09-16T00:00:00.000,Subway
21005,2020-09-17T00:00:00.000,AAR
732302,2020-09-17T00:00:00.000,BT
1094592,2020-09-17T00:00:00.000,Bus
86854,2020-09-17T00:00:00.000,LIRR
42339,2020-09-17T00:00:00.000,MNR
3617,2020-09-17T00:00:00.000,SIR
1692368,2020-09-17T00:00:00.000,Subway
20702,2020-09-18T00:00:00.000,AAR
760661,2020-09-18T00:00:00.000,BT
1083295,2020-09-18T00:00:00.000,Bus
90657,2020-09-18T00:00:00.000,LIRR
48213,2020-09-18T00:00:00.000,MNR
3367,2020-09-18T00:00:00.000,SIR
1725443,2020-09-18T00:00:00.000,Subway
12246,2020-09-19T00:00:00.000,AAR
684420,2020-09-19T00:00:00.000,BT
752437,2020-09-19T00:00:00.000,Bus
46777,2020-09-19T00:00:00.000,LIRR
34608,2020-09-19T00:00:00.000,MNR
1001,2020-09-19T00:00:00.000,SIR
1136947,2020-09-19T00:00:00.000,Subway
9269,2020-09-20T00:00:00.000,AAR
626967,2020-09-20T00:00:00.000,BT
558863,2020-09-20T00:00:00.000,Bus
38973,2020-09-20T00:00:00.000,LIRR
26328,2020-09-20T00:00:00.000,MNR
760,2020-09-20T00:00:00.000,SIR
827605,2020-09-20T00:00:00.000,Subway
19488,2020-09-21T00:00:00.000,AAR
723969,2020-09-21T00:00:00.000,BT
1058256,2020-09-21T00:00:00.000,Bus
89706,2020-09-21T00:00:00.000,LIRR
41901,2020-09-21T00:00:00.000,MNR
3497,2020-09-21T00:00:00.000,SIR
1624139,2020-09-21T00:00:00.000,Subway
21103,2020-09-22T00:00:00.000,AAR
699984,2020-09-22T00:00:00.000,BT
1095678,2020-09-22T00:00:00.000,Bus
87376,2020-09-22T00:00:00.000,LIRR
41389,2020-09-22T00:00:00.000,MNR
3821,2020-09-22T00:00:00.000,SIR
1698504,2020-09-22T00:00:00.000,Subway
22501,2020-09-23T00:00:00.000,AAR
719428,2020-09-23T00:00:00.000,BT
1119904,2020-09-23T00:00:00.000,Bus
88998,2020-09-23T00:00:00.000,LIRR
42506,2020-09-23T00:00:00.000,MNR
3710,2020-09-23T00:00:00.000,SIR
1735333,2020-09-23T00:00:00.000,Subway
21554,2020-09-24T00:00:00.000,AAR
743040,2020-09-24T00:00:00.000,BT
1107707,2020-09-24T00:00:00.000,Bus
89129,2020-09-24T00:00:00.000,LIRR
42969,2020-09-24T00:00:00.000,MNR
3816,2020-09-24T00:00:00.000,SIR
1722364,2020-09-24T00:00:00.000,Subway
21233,2020-09-25T00:00:00.000,AAR
774812,2020-09-25T00:00:00.000,BT
1110956,2020-09-25T00:00:00.000,Bus
92506,2020-09-25T00:00:00.000,LIRR
49819,2020-09-25T00:00:00.000,MNR
3708,2020-09-25T00:00:00.000,SIR
1761591,2020-09-25T00:00:00.000,Subway
12128,2020-09-26T00:00:00.000,AAR
710207,2020-09-26T00:00:00.000,BT
755197,2020-09-26T00:00:00.000,Bus
47169,2020-09-26T00:00:00.000,LIRR
35771,2020-09-26T00:00:00.000,MNR
32,2020-09-26T00:00:00.000,SIR
1120143,2020-09-26T00:00:00.000,Subway
9491,2020-09-27T00:00:00.000,AAR
657913,2020-09-27T00:00:00.000,BT
576684,2020-09-27T00:00:00.000,Bus
39994,2020-09-27T00:00:00.000,LIRR
28480,2020-09-27T00:00:00.000,MNR
5,2020-09-27T00:00:00.000,SIR
846179,2020-09-27T00:00:00.000,Subway
17678,2020-09-28T00:00:00.000,AAR
673929,2020-09-28T00:00:00.000,BT
985185,2020-09-28T00:00:00.000,Bus
89664,2020-09-28T00:00:00.000,LIRR
43237,2020-09-28T00:00:00.000,MNR
3371,2020-09-28T00:00:00.000,SIR
1489240,2020-09-28T00:00:00.000,Subway
20517,2020-09-29T00:00:00.000,AAR
701983,2020-09-29T00:00:00.000,BT
1057135,2020-09-29T00:00:00.000,Bus
88444,2020-09-29T00:00:00.000,LIRR
40515,2020-09-29T00:00:00.000,MNR
3632,2020-09-29T00:00:00.000,SIR
1661264,2020-09-29T00:00:00.000,Subway
21424,2020-09-30T00:00:00.000,AAR
703162,2020-09-30T00:00:00.000,BT
1101663,2020-09-30T00:00:00.000,Bus
89223,2020-09-30T00:00:00.000,LIRR
41967,2020-09-30T00:00:00.000,MNR
3704,2020-09-30T00:00:00.000,SIR
1740820,2020-09-30T00:00:00.000,Subway
22309,2020-10-01T00:00:00.000,AAR
753259,2020-10-01T00:00:00.000,BT
1159859,2020-10-01T00:00:00.000,Bus
86082,2020-10-01T00:00:00.000,LIRR
42390,2020-10-01T00:00:00.000,MNR
4003,2020-10-01T00:00:00.000,SIR
1809958,2020-10-01T00:00:00.000,Subway
21626,2020-10-02T00:00:00.000,AAR
763854,2020-10-02T00:00:00.000,BT
1115793,2020-10-02T00:00:00.000,Bus
87291,2020-10-02T00:00:00.000,LIRR
48883,2020-10-02T00:00:00.000,MNR
3589,2020-10-02T00:00:00.000,SIR
1790612,2020-10-02T00:00:00.000,Subway
12759,2020-10-03T00:00:00.000,AAR
692660,2020-10-03T00:00:00.000,BT
777674,2020-10-03T00:00:00.000,Bus
45018,2020-10-03T00:00:00.000,LIRR
36907,2020-10-03T00:00:00.000,MNR
33,2020-10-03T00:00:00.000,SIR
1168040,2020-10-03T00:00:00.000,Subway
10010,2020-10-04T00:00:00.000,AAR
630577,2020-10-04T00:00:00.000,BT
570608,2020-10-04T00:00:00.000,Bus
34976,2020-10-04T00:00:00.000,LIRR
27667,2020-10-04T00:00:00.000,MNR
761,2020-10-04T00:00:00.000,SIR
852830,2020-10-04T00:00:00.000,Subway
19971,2020-10-05T00:00:00.000,AAR
712360,2020-10-05T00:00:00.000,BT
1102675,2020-10-05T00:00:00.000,Bus
88694,2020-10-05T00:00:00.000,LIRR
42257,2020-10-05T00:00:00.000,MNR
3587,2020-10-05T00:00:00.000,SIR
1678792,2020-10-05T00:00:00.000,Subway
21475,2020-10-06T00:00:00.000,AAR
694732,2020-10-06T00:00:00.000,BT
1137217,2020-10-06T00:00:00.000,Bus
87748,2020-10-06T00:00:00.000,LIRR
43803,2020-10-06T00:00:00.000,MNR
3866,2020-10-06T00:00:00.000,SIR
1758454,2020-10-06T00:00:00.000,Subway
23027,2020-10-07T00:00:00.000,AAR
709768,2020-10-07T00:00:00.000,BT
1123231,2020-10-07T00:00:00.000,Bus
87119,2020-10-07T00:00:00.000,LIRR
43534,2020-10-07T00:00:00.000,MNR
3791,2020-10-07T00:00:00.000,SIR
1770617,2020-10-07T00:00:00.000,Subway
21964,2020-10-08T00:00:00.000,AAR
728664,2020-10-08T00:00:00.000,BT
1126770,2020-10-08T00:00:00.000,Bus
87959,2020-10-08T00:00:00.000,LIRR
44802,2020-10-08T00:00:00.000,MNR
3913,2020-10-08T00:00:00.000,SIR
1798005,2020-10-08T00:00:00.000,Subway
21274,2020-10-09T00:00:00.000,AAR
761385,2020-10-09T00:00:00.000,BT
1117172,2020-10-09T00:00:00.000,Bus
78663,2020-10-09T00:00:00.000,LIRR
52686,2020-10-09T00:00:00.000,MNR
3700,2020-10-09T00:00:00.000,SIR
1808079,2020-10-09T00:00:00.000,Subway
12627,2020-10-10T00:00:00.000,AAR
708941,2020-10-10T00:00:00.000,BT
771088,2020-10-10T00:00:00.000,Bus
44528,2020-10-10T00:00:00.000,LIRR
41409,2020-10-10T00:00:00.000,MNR
1430,2020-10-10T00:00:00.000,SIR
1170227,2020-10-10T00:00:00.000,Subway
9470,2020-10-11T00:00:00.000,AAR
619437,2020-10-11T00:00:00.000,BT
564051,2020-10-11T00:00:00.000,Bus
34593,2020-10-11T00:00:00.000,LIRR
28784,2020-10-11T00:00:00.000,MNR
1049,2020-10-11T00:00:00.000,SIR
848469,2020-10-11T00:00:00.000,Subway
15722,2020-10-12T00:00:00.000,AAR
629715,2020-10-12T00:00:00.000,BT
767564,2020-10-12T00:00:00.000,Bus
76776,2020-10-12T00:00:00.000,LIRR
39838,2020-10-12T00:00:00.000,MNR
2237,2020-10-12T00:00:00.000,SIR
1284655,2020-10-12T00:00:00.000,Subway
20909,2020-10-13T00:00:00.000,AAR
666362,2020-10-13T00:00:00.000,BT
1063680,2020-10-13T00:00:00.000,Bus
76552,2020-10-13T00:00:00.000,LIRR
42205,2020-10-13T00:00:00.000,MNR
3670,2020-10-13T00:00:00.000,SIR
1715183,2020-10-13T00:00:00.000,Subway
23169,2020-10-14T00:00:00.000,AAR
709031,2020-10-14T00:00:00.000,BT
1162256,2020-10-14T00:00:00.000,Bus
89173,2020-10-14T00:00:00.000,LIRR
45148,2020-10-14T00:00:00.000,MNR
3956,2020-10-14T00:00:00.000,SIR
1838682,2020-10-14T00:00:00.000,Subway
22834,2020-10-15T00:00:00.000,AAR
748433,2020-10-15T00:00:00.000,BT
1152434,2020-10-15T00:00:00.000,Bus
90288,2020-10-15T00:00:00.000,LIRR
46249,2020-10-15T00:00:00.000,MNR
4069,2020-10-15T00:00:00.000,SIR
1853753,2020-10-15T00:00:00.000,Subway
20776,2020-10-16T00:00:00.000,AAR
721214,2020-10-16T00:00:00.000,BT
974110,2020-10-16T00:00:00.000,Bus
83798,2020-10-16T00:00:00.000,LIRR
47291,2020-10-16T00:00:00.000,MNR
3366,2020-10-16T00:00:00.000,SIR
1671320,2020-10-16T00:00:00.000,Subway
11831,2020-10-17T00:00:00.000,AAR
658906,2020-10-17T00:00:00.000,BT
778070,2020-10-17T00:00:00.000,Bus
43768,2020-10-17T00:00:00.000,LIRR
37764,2020-10-17T00:00:00.000,MNR
1588,2020-10-17T00:00:00.000,SIR
1209473,2020-10-17T00:00:00.000,Subway
9998,2020-10-18T00:00:00.000,AAR
664093,2020-10-18T00:00:00.000,BT
583350,2020-10-18T00:00:00.000,Bus
34682,2020-10-18T00:00:00.000,LIRR
30690,2020-10-18T00:00:00.000,MNR
1074,2020-10-18T00:00:00.000,SIR
896812,2020-10-18T00:00:00.000,Subway
20812,2020-10-19T00:00:00.000,AAR
718469,2020-10-19T00:00:00.000,BT
1105134,2020-10-19T00:00:00.000,Bus
89186,2020-10-19T00:00:00.000,LIRR
44368,2020-10-19T00:00:00.000,MNR
3570,2020-10-19T00:00:00.000,SIR
1719153,2020-10-19T00:00:00.000,Subway
21936,2020-10-20T00:00:00.000,AAR
686764,2020-10-20T00:00:00.000,BT
1119283,2020-10-20T00:00:00.000,Bus
86591,2020-10-20T00:00:00.000,LIRR
42741,2020-10-20T00:00:00.000,MNR
3859,2020-10-20T00:00:00.000,SIR
1780231,2020-10-20T00:00:00.000,Subway
22959,2020-10-21T00:00:00.000,AAR
700309,2020-10-21T00:00:00.000,BT
1140385,2020-10-21T00:00:00.000,Bus
86210,2020-10-21T00:00:00.000,LIRR
44102,2020-10-21T00:00:00.000,MNR
3848,2020-10-21T00:00:00.000,SIR
1812949,2020-10-21T00:00:00.000,Subway
22391,2020-10-22T00:00:00.000,AAR
732836,2020-10-22T00:00:00.000,BT
1140210,2020-10-22T00:00:00.000,Bus
88686,2020-10-22T00:00:00.000,LIRR
45770,2020-10-22T00:00:00.000,MNR
3927,2020-10-22T00:00:00.000,SIR
1825208,2020-10-22T00:00:00.000,Subway
21766,2020-10-23T00:00:00.000,AAR
752971,2020-10-23T00:00:00.000,BT
1123540,2020-10-23T00:00:00.000,Bus
89931,2020-10-23T00:00:00.000,LIRR
51765,2020-10-23T00:00:00.000,MNR
3680,2020-10-23T00:00:00.000,SIR
1842588,2020-10-23T00:00:00.000,Subway
12916,2020-10-24T00:00:00.000,AAR
688328,2020-10-24T00:00:00.000,BT
775122,2020-10-24T00:00:00.000,Bus
43618,2020-10-24T00:00:00.000,LIRR
38673,2020-10-24T00:00:00.000,MNR
,2020-10-24T00:00:00.000,SIR
1185612,2020-10-24T00:00:00.000,Subway
10074,2020-10-25T00:00:00.000,AAR
648245,2020-10-25T00:00:00.000,BT
572347,2020-10-25T00:00:00.000,Bus
33678,2020-10-25T00:00:00.000,LIRR
28321,2020-10-25T00:00:00.000,MNR
,2020-10-25T00:00:00.000,SIR
885001,2020-10-25T00:00:00.000,Subway
20817,2020-10-26T00:00:00.000,AAR
691976,2020-10-26T00:00:00.000,BT
1061566,2020-10-26T00:00:00.000,Bus
86745,2020-10-26T00:00:00.000,LIRR
43557,2020-10-26T00:00:00.000,MNR
3429,2020-10-26T00:00:00.000,SIR
1690651,2020-10-26T00:00:00.000,Subway
21870,2020-10-27T00:00:00.000,AAR
682218,2020-10-27T00:00:00.000,BT
1143906,2020-10-27T00:00:00.000,Bus
87401,2020-10-27T00:00:00.000,LIRR
43340,2020-10-27T00:00:00.000,MNR
3642,2020-10-27T00:00:00.000,SIR
1815242,2020-10-27T00:00:00.000,Subway
23258,2020-10-28T00:00:00.000,AAR
696599,2020-10-28T00:00:00.000,BT
1119450,2020-10-28T00:00:00.000,Bus
86652,2020-10-28T00:00:00.000,LIRR
43289,2020-10-28T00:00:00.000,MNR
3676,2020-10-28T00:00:00.000,SIR
1819352,2020-10-28T00:00:00.000,Subway
20925,2020-10-29T00:00:00.000,AAR
679384,2020-10-29T00:00:00.000,BT
987440,2020-10-29T00:00:00.000,Bus
81794,2020-10-29T00:00:00.000,LIRR
41157,2020-10-29T00:00:00.000,MNR
3539,2020-10-29T00:00:00.000,SIR
1705072,2020-10-29T00:00:00.000,Subway
21243,2020-10-30T00:00:00.000,AAR
699965,2020-10-30T00:00:00.000,BT
1030639,2020-10-30T00:00:00.000,Bus
84254,2020-10-30T00:00:00.000,LIRR
47967,2020-10-30T00:00:00.000,MNR
3270,2020-10-30T00:00:00.000,SIR
1768018,2020-10-30T00:00:00.000,Subway
12816,2020-10-31T00:00:00.000,AAR
631979,2020-10-31T00:00:00.000,BT
747636,2020-10-31T00:00:00.000,Bus
41538,2020-10-31T00:00:00.000,LIRR
34077,2020-10-31T00:00:00.000,MNR
20,2020-10-31T00:00:00.000,SIR
1174059,2020-10-31T00:00:00.000,Subway
10180,2020-11-01T00:00:00.000,AAR
576218,2020-11-01T00:00:00.000,BT
510820,2020-11-01T00:00:00.000,Bus
29495,2020-11-01T00:00:00.000,LIRR
22602,2020-11-01T00:00:00.000,MNR
3,2020-11-01T00:00:00.000,SIR
786675,2020-11-01T00:00:00.000,Subway
21127,2020-11-02T00:00:00.000,AAR
676228,2020-11-02T00:00:00.000,BT
1072262,2020-11-02T00:00:00.000,Bus
87198,2020-11-02T00:00:00.000,LIRR
40609,2020-11-02T00:00:00.000,MNR
3535,2020-11-02T00:00:00.000,SIR
1747908,2020-11-02T00:00:00.000,Subway
20416,2020-11-03T00:00:00.000,AAR
636282,2020-11-03T00:00:00.000,BT
1027710,2020-11-03T00:00:00.000,Bus
82140,2020-11-03T00:00:00.000,LIRR
39749,2020-11-03T00:00:00.000,MNR
3184,2020-11-03T00:00:00.000,SIR
1602912,2020-11-03T00:00:00.000,Subway
22174,2020-11-04T00:00:00.000,AAR
646754,2020-11-04T00:00:00.000,BT
1089354,2020-11-04T00:00:00.000,Bus
81551,2020-11-04T00:00:00.000,LIRR
38818,2020-11-04T00:00:00.000,MNR
3448,2020-11-04T00:00:00.000,SIR
1690489,2020-11-04T00:00:00.000,Subway
22937,2020-11-05T00:00:00.000,AAR
699264,2020-11-05T00:00:00.000,BT
1130774,2020-11-05T00:00:00.000,Bus
86987,2020-11-05T00:00:00.000,LIRR
41550,2020-11-05T00:00:00.000,MNR
3793,2020-11-05T00:00:00.000,SIR
1793796,2020-11-05T00:00:00.000,Subway
22659,2020-11-06T00:00:00.000,AAR
729219,2020-11-06T00:00:00.000,BT
1120729,2020-11-06T00:00:00.000,Bus
89499,2020-11-06T00:00:00.000,LIRR
48138,2020-11-06T00:00:00.000,MNR
3546,2020-11-06T00:00:00.000,SIR
1837314,2020-11-06T00:00:00.000,Subway
13409,2020-11-07T00:00:00.000,AAR
677094,2020-11-07T00:00:00.000,BT
752851,2020-11-07T00:00:00.000,Bus
46368,2020-11-07T00:00:00.000,LIRR
35870,2020-11-07T00:00:00.000,MNR
35,2020-11-07T00:00:00.000,SIR
1246321,2020-11-07T00:00:00.000,Subway
10474,2020-11-08T00:00:00.000,AAR
645630,2020-11-08T00:00:00.000,BT
587220,2020-11-08T00:00:00.000,Bus
38485,2020-11-08T00:00:00.000,LIRR
27961,2020-11-08T00:00:00.000,MNR
846,2020-11-08T00:00:00.000,SIR
927670,2020-11-08T00:00:00.000,Subway
21444,2020-11-09T00:00:00.000,AAR
709922,2020-11-09T00:00:00.000,BT
1111203,2020-11-09T00:00:00.000,Bus
91681,2020-11-09T00:00:00.000,LIRR
42627,2020-11-09T00:00:00.000,MNR
3561,2020-11-09T00:00:00.000,SIR
1752614,2020-11-09T00:00:00.000,Subway
23138,2020-11-10T00:00:00.000,AAR
688340,2020-11-10T00:00:00.000,BT
1151911,2020-11-10T00:00:00.000,Bus
91532,2020-11-10T00:00:00.000,LIRR
43083,2020-11-10T00:00:00.000,MNR
3848,2020-11-10T00:00:00.000,SIR
1836902,2020-11-10T00:00:00.000,Subway
20263,2020-11-11T00:00:00.000,AAR
636964,2020-11-11T00:00:00.000,BT
969123,2020-11-11T00:00:00.000,Bus
83306,2020-11-11T00:00:00.000,LIRR
40073,2020-11-11T00:00:00.000,MNR
3050,2020-11-11T00:00:00.000,SIR
1614812,2020-11-11T00:00:00.000,Subway
22059,2020-11-12T00:00:00.000,AAR
668630,2020-11-12T00:00:00.000,BT
1054132,2020-11-12T00:00:00.000,Bus
86189,2020-11-12T00:00:00.000,LIRR
40381,2020-11-12T00:00:00.000,MNR
3546,2020-11-12T00:00:00.000,SIR
1776666,2020-11-12T00:00:00.000,Subway
22054,2020-11-13T00:00:00.000,AAR
699810,2020-11-13T00:00:00.000,BT
1061680,2020-11-13T00:00:00.000,Bus
86252,2020-11-13T00:00:00.000,LIRR
45127,2020-11-13T00:00:00.000,MNR
3332,2020-11-13T00:00:00.000,SIR
1816693,2020-11-13T00:00:00.000,Subway
12928,2020-11-14T00:00:00.000,AAR
627332,2020-11-14T00:00:00.000,BT
755951,2020-11-14T00:00:00.000,Bus
41422,2020-11-14T00:00:00.000,LIRR
31397,2020-11-14T00:00:00.000,MNR
14,2020-11-14T00:00:00.000,SIR
1215477,2020-11-14T00:00:00.000,Subway
9763,2020-11-15T00:00:00.000,AAR
548822,2020-11-15T00:00:00.000,BT
528421,2020-11-15T00:00:00.000,Bus
30948,2020-11-15T00:00:00.000,LIRR
20946,2020-11-15T00:00:00.000,MNR
697,2020-11-15T00:00:00.000,SIR
820858,2020-11-15T00:00:00.000,Subway
21851,2020-11-16T00:00:00.000,AAR
659431,2020-11-16T00:00:00.000,BT
1079560,2020-11-16T00:00:00.000,Bus
89463,2020-11-16T00:00:00.000,LIRR
41961,2020-11-16T00:00:00.000,MNR
3532,2020-11-16T00:00:00.000,SIR
1741750,2020-11-16T00:00:00.000,Subway
22524,2020-11-17T00:00:00.000,AAR
664024,2020-11-17T00:00:00.000,BT
1092416,2020-11-17T00:00:00.000,Bus
86965,2020-11-17T00:00:00.000,LIRR
40078,2020-11-17T00:00:00.000,MNR
3584,2020-11-17T00:00:00.000,SIR
1788847,2020-11-17T00:00:00.000,Subway
23390,2020-11-18T00:00:00.000,AAR
671619,2020-11-18T00:00:00.000,BT
1065597,2020-11-18T00:00:00.000,Bus
84069,2020-11-18T00:00:00.000,LIRR
39693,2020-11-18T00:00:00.000,MNR
3495,2020-11-18T00:00:00.000,SIR
1787688,2020-11-18T00:00:00.000,Subway
21780,2020-11-19T00:00:00.000,AAR
689956,2020-11-19T00:00:00.000,BT
1056928,2020-11-19T00:00:00.000,Bus
84662,2020-11-19T00:00:00.000,LIRR
40122,2020-11-19T00:00:00.000,MNR
3529,2020-11-19T00:00:00.000,SIR
1757535,2020-11-19T00:00:00.000,Subway
22945,2020-11-20T00:00:00.000,AAR
715450,2020-11-20T00:00:00.000,BT
1079029,2020-11-20T00:00:00.000,Bus
87402,2020-11-20T00:00:00.000,LIRR
44683,2020-11-20T00:00:00.000,MNR
3473,2020-11-20T00:00:00.000,SIR
1800423,2020-11-20T00:00:00.000,Subway
13193,2020-11-21T00:00:00.000,AAR
652585,2020-11-21T00:00:00.000,BT
750801,2020-11-21T00:00:00.000,Bus
39204,2020-11-21T00:00:00.000,LIRR
27716,2020-11-21T00:00:00.000,MNR
19,2020-11-21T00:00:00.000,SIR
1157957,2020-11-21T00:00:00.000,Subway
10694,2020-11-22T00:00:00.000,AAR
545975,2020-11-22T00:00:00.000,BT
542124,2020-11-22T00:00:00.000,Bus
31019,2020-11-22T00:00:00.000,LIRR
20269,2020-11-22T00:00:00.000,MNR
92,2020-11-22T00:00:00.000,SIR
817963,2020-11-22T00:00:00.000,Subway
21297,2020-11-23T00:00:00.000,AAR
658862,2020-11-23T00:00:00.000,BT
1005225,2020-11-23T00:00:00.000,Bus
87693,2020-11-23T00:00:00.000,LIRR
40668,2020-11-23T00:00:00.000,MNR
3223,2020-11-23T00:00:00.000,SIR
1646525,2020-11-23T00:00:00.000,Subway
22814,2020-11-24T00:00:00.000,AAR
696090,2020-11-24T00:00:00.000,BT
1068789,2020-11-24T00:00:00.000,Bus
89805,2020-11-24T00:00:00.000,LIRR
41772,2020-11-24T00:00:00.000,MNR
3405,2020-11-24T00:00:00.000,SIR
1735702,2020-11-24T00:00:00.000,Subway
21450,2020-11-25T00:00:00.000,AAR
731320,2020-11-25T00:00:00.000,BT
1037242,2020-11-25T00:00:00.000,Bus
93444,2020-11-25T00:00:00.000,LIRR
46209,2020-11-25T00:00:00.000,MNR
3166,2020-11-25T00:00:00.000,SIR
1688227,2020-11-25T00:00:00.000,Subway
12151,2020-11-26T00:00:00.000,AAR
480333,2020-11-26T00:00:00.000,BT
444391,2020-11-26T00:00:00.000,Bus
72572,2020-11-26T00:00:00.000,LIRR
20393,2020-11-26T00:00:00.000,MNR
847,2020-11-26T00:00:00.000,SIR
652276,2020-11-26T00:00:00.000,Subway
12395,2020-11-27T00:00:00.000,AAR
602726,2020-11-27T00:00:00.000,BT
815993,2020-11-27T00:00:00.000,Bus
77273,2020-11-27T00:00:00.000,LIRR
25009,2020-11-27T00:00:00.000,MNR
2046,2020-11-27T00:00:00.000,SIR
1263473,2020-11-27T00:00:00.000,Subway
10808,2020-11-28T00:00:00.000,AAR
544636,2020-11-28T00:00:00.000,BT
689580,2020-11-28T00:00:00.000,Bus
37770,2020-11-28T00:00:00.000,LIRR
24688,2020-11-28T00:00:00.000,MNR
1203,2020-11-28T00:00:00.000,SIR
1032823,2020-11-28T00:00:00.000,Subway
9360,2020-11-29T00:00:00.000,AAR
556581,2020-11-29T00:00:00.000,BT
548548,2020-11-29T00:00:00.000,Bus
32628,2020-11-29T00:00:00.000,LIRR
21898,2020-11-29T00:00:00.000,MNR
826,2020-11-29T00:00:00.000,SIR
826974,2020-11-29T00:00:00.000,Subway
19751,2020-11-30T00:00:00.000,AAR
598010,2020-11-30T00:00:00.000,BT
849277,2020-11-30T00:00:00.000,Bus
80033,2020-11-30T00:00:00.000,LIRR
37026,2020-11-30T00:00:00.000,MNR
3035,2020-11-30T00:00:00.000,SIR
1459131,2020-11-30T00:00:00.000,Subway
21693,2020-12-01T00:00:00.000,AAR
830119,2020-12-01T00:00:00.000,BT
1068627,2020-12-01T00:00:00.000,Bus
73589,2020-12-01T00:00:00.000,LIRR
35225,2020-12-01T00:00:00.000,MNR
3432,2020-12-01T00:00:00.000,SIR
1706348,2020-12-01T00:00:00.000,Subway
22712,2020-12-02T00:00:00.000,AAR
746759,2020-12-02T00:00:00.000,BT
1026056,2020-12-02T00:00:00.000,Bus
73631,2020-12-02T00:00:00.000,LIRR
35615,2020-12-02T00:00:00.000,MNR
3277,2020-12-02T00:00:00.000,SIR
1699968,2020-12-02T00:00:00.000,Subway
22941,2020-12-03T00:00:00.000,AAR
762298,2020-12-03T00:00:00.000,BT
1070197,2020-12-03T00:00:00.000,Bus
75093,2020-12-03T00:00:00.000,LIRR
37013,2020-12-03T00:00:00.000,MNR
3325,2020-12-03T00:00:00.000,SIR
1736045,2020-12-03T00:00:00.000,Subway
21960,2020-12-04T00:00:00.000,AAR
772149,2020-12-04T00:00:00.000,BT
1024641,2020-12-04T00:00:00.000,Bus
72062,2020-12-04T00:00:00.000,LIRR
39228,2020-12-04T00:00:00.000,MNR
3121,2020-12-04T00:00:00.000,SIR
1701628,2020-12-04T00:00:00.000,Subway
10151,2020-12-05T00:00:00.000,AAR
576888,2020-12-05T00:00:00.000,BT
617332,2020-12-05T00:00:00.000,Bus
33528,2020-12-05T00:00:00.000,LIRR
19727,2020-12-05T00:00:00.000,MNR
996,2020-12-05T00:00:00.000,SIR
1000240,2020-12-05T00:00:00.000,Subway
9904,2020-12-06T00:00:00.000,AAR
596859,2020-12-06T00:00:00.000,BT
547330,2020-12-06T00:00:00.000,Bus
35055,2020-12-06T00:00:00.000,LIRR
19652,2020-12-06T00:00:00.000,MNR
885,2020-12-06T00:00:00.000,SIR
878393,2020-12-06T00:00:00.000,Subway
21424,2020-12-07T00:00:00.000,AAR
744355,2020-12-07T00:00:00.000,BT
1032813,2020-12-07T00:00:00.000,Bus
77787,2020-12-07T00:00:00.000,LIRR
36890,2020-12-07T00:00:00.000,MNR
3209,2020-12-07T00:00:00.000,SIR
1656627,2020-12-07T00:00:00.000,Subway
22177,2020-12-08T00:00:00.000,AAR
741735,2020-12-08T00:00:00.000,BT
1034410,2020-12-08T00:00:00.000,Bus
75033,2020-12-08T00:00:00.000,LIRR
36403,2020-12-08T00:00:00.000,MNR
3185,2020-12-08T00:00:00.000,SIR
1540893,2020-12-08T00:00:00.000,Subway
22459,2020-12-09T00:00:00.000,AAR
749141,2020-12-09T00:00:00.000,BT
1018247,2020-12-09T00:00:00.000,Bus
74734,2020-12-09T00:00:00.000,LIRR
35917,2020-12-09T00:00:00.000,MNR
3233,2020-12-09T00:00:00.000,SIR
1701926,2020-12-09T00:00:00.000,Subway
22845,2020-12-10T00:00:00.000,AAR
775135,2020-12-10T00:00:00.000,BT
1075970,2020-12-10T00:00:00.000,Bus
76847,2020-12-10T00:00:00.000,LIRR
37600,2020-12-10T00:00:00.000,MNR
3346,2020-12-10T00:00:00.000,SIR
1761336,2020-12-10T00:00:00.000,Subway
22751,2020-12-11T00:00:00.000,AAR
803098,2020-12-11T00:00:00.000,BT
1064457,2020-12-11T00:00:00.000,Bus
79717,2020-12-11T00:00:00.000,LIRR
42420,2020-12-11T00:00:00.000,MNR
3278,2020-12-11T00:00:00.000,SIR
1786290,2020-12-11T00:00:00.000,Subway
12307,2020-12-12T00:00:00.000,AAR
674297,2020-12-12T00:00:00.000,BT
703892,2020-12-12T00:00:00.000,Bus
41791,2020-12-12T00:00:00.000,LIRR
24118,2020-12-12T00:00:00.000,MNR
20,2020-12-12T00:00:00.000,SIR
1091352,2020-12-12T00:00:00.000,Subway
10208,2020-12-13T00:00:00.000,AAR
669592,2020-12-13T00:00:00.000,BT
582389,2020-12-13T00:00:00.000,Bus
39293,2020-12-13T00:00:00.000,LIRR
22669,2020-12-13T00:00:00.000,MNR
80,2020-12-13T00:00:00.000,SIR
911439,2020-12-13T00:00:00.000,Subway
21333,2020-12-14T00:00:00.000,AAR
755185,2020-12-14T00:00:00.000,BT
955525,2020-12-14T00:00:00.000,Bus
75008,2020-12-14T00:00:00.000,LIRR
36057,2020-12-14T00:00:00.000,MNR
2979,2020-12-14T00:00:00.000,SIR
1584089,2020-12-14T00:00:00.000,Subway
23432,2020-12-15T00:00:00.000,AAR
794239,2020-12-15T00:00:00.000,BT
1088287,2020-12-15T00:00:00.000,Bus
78446,2020-12-15T00:00:00.000,LIRR
38322,2020-12-15T00:00:00.000,MNR
3353,2020-12-15T00:00:00.000,SIR
1783388,2020-12-15T00:00:00.000,Subway
19296,2020-12-16T00:00:00.000,AAR
716878,2020-12-16T00:00:00.000,BT
853797,2020-12-16T00:00:00.000,Bus
68092,2020-12-16T00:00:00.000,LIRR
33572,2020-12-16T00:00:00.000,MNR
2899,2020-12-16T00:00:00.000,SIR
1569079,2020-12-16T00:00:00.000,Subway
9940,2020-12-17T00:00:00.000,AAR
278294,2020-12-17T00:00:00.000,BT
523854,2020-12-17T00:00:00.000,Bus
21417,2020-12-17T00:00:00.000,LIRR
12527,2020-12-17T00:00:00.000,MNR
1613,2020-12-17T00:00:00.000,SIR
1079818,2020-12-17T00:00:00.000,Subway
17537,2020-12-18T00:00:00.000,AAR
680912,2020-12-18T00:00:00.000,BT
943587,2020-12-18T00:00:00.000,Bus
74908,2020-12-18T00:00:00.000,LIRR
41287,2020-12-18T00:00:00.000,MNR
3063,2020-12-18T00:00:00.000,SIR
1735664,2020-12-18T00:00:00.000,Subway
11589,2020-12-19T00:00:00.000,AAR
647917,2020-12-19T00:00:00.000,BT
670787,2020-12-19T00:00:00.000,Bus
41101,2020-12-19T00:00:00.000,LIRR
24217,2020-12-19T00:00:00.000,MNR
25,2020-12-19T00:00:00.000,SIR
1112827,2020-12-19T00:00:00.000,Subway
9585,2020-12-20T00:00:00.000,AAR
576428,2020-12-20T00:00:00.000,BT
516593,2020-12-20T00:00:00.000,Bus
32597,2020-12-20T00:00:00.000,LIRR
18767,2020-12-20T00:00:00.000,MNR
736,2020-12-20T00:00:00.000,SIR
821265,2020-12-20T00:00:00.000,Subway
21647,2020-12-21T00:00:00.000,AAR
764838,2020-12-21T00:00:00.000,BT
1028489,2020-12-21T00:00:00.000,Bus
81225,2020-12-21T00:00:00.000,LIRR
39814,2020-12-21T00:00:00.000,MNR
3244,2020-12-21T00:00:00.000,SIR
1716035,2020-12-21T00:00:00.000,Subway
22820,2020-12-22T00:00:00.000,AAR
809357,2020-12-22T00:00:00.000,BT
1046799,2020-12-22T00:00:00.000,Bus
82001,2020-12-22T00:00:00.000,LIRR
39579,2020-12-22T00:00:00.000,MNR
3254,2020-12-22T00:00:00.000,SIR
1760948,2020-12-22T00:00:00.000,Subway
23305,2020-12-23T00:00:00.000,AAR
843645,2020-12-23T00:00:00.000,BT
1048565,2020-12-23T00:00:00.000,Bus
84404,2020-12-23T00:00:00.000,LIRR
42100,2020-12-23T00:00:00.000,MNR
3201,2020-12-23T00:00:00.000,SIR
1772537,2020-12-23T00:00:00.000,Subway
15928,2020-12-24T00:00:00.000,AAR
795412,2020-12-24T00:00:00.000,BT
822916,2020-12-24T00:00:00.000,Bus
75759,2020-12-24T00:00:00.000,LIRR
38899,2020-12-24T00:00:00.000,MNR
2176,2020-12-24T00:00:00.000,SIR
1312480,2020-12-24T00:00:00.000,Subway
8611,2020-12-25T00:00:00.000,AAR
487064,2020-12-25T00:00:00.000,BT
314171,2020-12-25T00:00:00.000,Bus
51348,2020-12-25T00:00:00.000,LIRR
14435,2020-12-25T00:00:00.000,MNR
631,2020-12-25T00:00:00.000,SIR
485208,2020-12-25T00:00:00.000,Subway
9094,2020-12-26T00:00:00.000,AAR
587618,2020-12-26T00:00:00.000,BT
559111,2020-12-26T00:00:00.000,Bus
36047,2020-12-26T00:00:00.000,LIRR
22076,2020-12-26T00:00:00.000,MNR
1014,2020-12-26T00:00:00.000,SIR
879170,2020-12-26T00:00:00.000,Subway
9457,2020-12-27T00:00:00.000,AAR
602513,2020-12-27T00:00:00.000,BT
474033,2020-12-27T00:00:00.000,Bus
34432,2020-12-27T00:00:00.000,LIRR
20470,2020-12-27T00:00:00.000,MNR
901,2020-12-27T00:00:00.000,SIR
760350,2020-12-27T00:00:00.000,Subway
18820,2020-12-28T00:00:00.000,AAR
748990,2020-12-28T00:00:00.000,BT
922336,2020-12-28T00:00:00.000,Bus
81566,2020-12-28T00:00:00.000,LIRR
41012,2020-12-28T00:00:00.000,MNR
3027,2020-12-28T00:00:00.000,SIR
1510168,2020-12-28T00:00:00.000,Subway
19717,2020-12-29T00:00:00.000,AAR
754674,2020-12-29T00:00:00.000,BT
930711,2020-12-29T00:00:00.000,Bus
78904,2020-12-29T00:00:00.000,LIRR
39416,2020-12-29T00:00:00.000,MNR
3097,2020-12-29T00:00:00.000,SIR
1555198,2020-12-29T00:00:00.000,Subway
20922,2020-12-30T00:00:00.000,AAR
789585,2020-12-30T00:00:00.000,BT
948194,2020-12-30T00:00:00.000,Bus
79298,2020-12-30T00:00:00.000,LIRR
40962,2020-12-30T00:00:00.000,MNR
2990,2020-12-30T00:00:00.000,SIR
1582486,2020-12-30T00:00:00.000,Subway
17167,2020-12-31T00:00:00.000,AAR
719221,2020-12-31T00:00:00.000,BT
792993,2020-12-31T00:00:00.000,Bus
75157,2020-12-31T00:00:00.000,LIRR
39947,2020-12-31T00:00:00.000,MNR
2162,2020-12-31T00:00:00.000,SIR
1274984,2020-12-31T00:00:00.000,Subway
5960,2021-01-01T00:00:00.000,AAR
482250,2021-01-01T00:00:00.000,BT
378288,2021-01-01T00:00:00.000,Bus
28977,2021-01-01T00:00:00.000,LIRR
14988,2021-01-01T00:00:00.000,MNR
805,2021-01-01T00:00:00.000,SIR
613692,2021-01-01T00:00:00.000,Subway
10450,2021-01-02T00:00:00.000,AAR
579407,2021-01-02T00:00:00.000,BT
608686,2021-01-02T00:00:00.000,Bus
28879,2021-01-02T00:00:00.000,LIRR
23139,2021-01-02T00:00:00.000,MNR
1194,2021-01-02T00:00:00.000,SIR
988418,2021-01-02T00:00:00.000,Subway
9745,2021-01-03T00:00:00.000,AAR
533519,2021-01-03T00:00:00.000,BT
413820,2021-01-03T00:00:00.000,Bus
20819,2021-01-03T00:00:00.000,LIRR
15546,2021-01-03T00:00:00.000,MNR
728,2021-01-03T00:00:00.000,SIR
653187,2021-01-03T00:00:00.000,Subway
20612,2021-01-04T00:00:00.000,AAR
688018,2021-01-04T00:00:00.000,BT
964597,2021-01-04T00:00:00.000,Bus
71078,2021-01-04T00:00:00.000,LIRR
35679,2021-01-04T00:00:00.000,MNR
3260,2021-01-04T00:00:00.000,SIR
1557977,2021-01-04T00:00:00.000,Subway
21641,2021-01-05T00:00:00.000,AAR
707238,2021-01-05T00:00:00.000,BT
990479,2021-01-05T00:00:00.000,Bus
70424,2021-01-05T00:00:00.000,LIRR
35805,2021-01-05T00:00:00.000,MNR
3392,2021-01-05T00:00:00.000,SIR
1597518,2021-01-05T00:00:00.000,Subway
22795,2021-01-06T00:00:00.000,AAR
740665,2021-01-06T00:00:00.000,BT
996123,2021-01-06T00:00:00.000,Bus
70289,2021-01-06T00:00:00.000,LIRR
35857,2021-01-06T00:00:00.000,MNR
3260,2021-01-06T00:00:00.000,SIR
1613629,2021-01-06T00:00:00.000,Subway
21571,2021-01-07T00:00:00.000,AAR
734604,2021-01-07T00:00:00.000,BT
989097,2021-01-07T00:00:00.000,Bus
69695,2021-01-07T00:00:00.000,LIRR
36344,2021-01-07T00:00:00.000,MNR
3149,2021-01-07T00:00:00.000,SIR
1611099,2021-01-07T00:00:00.000,Subway
21641,2021-01-08T00:00:00.000,AAR
746491,2021-01-08T00:00:00.000,BT
982175,2021-01-08T00:00:00.000,Bus
68649,2021-01-08T00:00:00.000,LIRR
39102,2021-01-08T00:00:00.000,MNR
3017,2021-01-08T00:00:00.000,SIR
1619242,2021-01-08T00:00:00.000,Subway
12023,2021-01-09T00:00:00.000,AAR
626546,2021-01-09T00:00:00.000,BT
643475,2021-01-09T00:00:00.000,Bus
26962,2021-01-09T00:00:00.000,LIRR
22332,2021-01-09T00:00:00.000,MNR
806,2021-01-09T00:00:00.000,SIR
990412,2021-01-09T00:00:00.000,Subway
9467,2021-01-10T00:00:00.000,AAR
579135,2021-01-10T00:00:00.000,BT
501437,2021-01-10T00:00:00.000,Bus
23751,2021-01-10T00:00:00.000,LIRR
18076,2021-01-10T00:00:00.000,MNR
593,2021-01-10T00:00:00.000,SIR
763097,2021-01-10T00:00:00.000,Subway
21089,2021-01-11T00:00:00.000,AAR
725227,2021-01-11T00:00:00.000,BT
966517,2021-01-11T00:00:00.000,Bus
72285,2021-01-11T00:00:00.000,LIRR
36015,2021-01-11T00:00:00.000,MNR
3123,2021-01-11T00:00:00.000,SIR
1568207,2021-01-11T00:00:00.000,Subway
21623,2021-01-12T00:00:00.000,AAR
724848,2021-01-12T00:00:00.000,BT
997279,2021-01-12T00:00:00.000,Bus
71403,2021-01-12T00:00:00.000,LIRR
36563,2021-01-12T00:00:00.000,MNR
3297,2021-01-12T00:00:00.000,SIR
1640428,2021-01-12T00:00:00.000,Subway
22720,2021-01-13T00:00:00.000,AAR
738146,2021-01-13T00:00:00.000,BT
996646,2021-01-13T00:00:00.000,Bus
70591,2021-01-13T00:00:00.000,LIRR
36488,2021-01-13T00:00:00.000,MNR
3160,2021-01-13T00:00:00.000,SIR
1641652,2021-01-13T00:00:00.000,Subway
21950,2021-01-14T00:00:00.000,AAR
747291,2021-01-14T00:00:00.000,BT
1017757,2021-01-14T00:00:00.000,Bus
70937,2021-01-14T00:00:00.000,LIRR
37403,2021-01-14T00:00:00.000,MNR
3234,2021-01-14T00:00:00.000,SIR
1647396,2021-01-14T00:00:00.000,Subway
21819,2021-01-15T00:00:00.000,AAR
778122,2021-01-15T00:00:00.000,BT
981817,2021-01-15T00:00:00.000,Bus
70180,2021-01-15T00:00:00.000,LIRR
41025,2021-01-15T00:00:00.000,MNR
2978,2021-01-15T00:00:00.000,SIR
1627120,2021-01-15T00:00:00.000,Subway
11654,2021-01-16T00:00:00.000,AAR
635888,2021-01-16T00:00:00.000,BT
645625,2021-01-16T00:00:00.000,Bus
27116,2021-01-16T00:00:00.000,LIRR
22548,2021-01-16T00:00:00.000,MNR
1099,2021-01-16T00:00:00.000,SIR
991500,2021-01-16T00:00:00.000,Subway
9880,2021-01-17T00:00:00.000,AAR
594839,2021-01-17T00:00:00.000,BT
504031,2021-01-17T00:00:00.000,Bus
24223,2021-01-17T00:00:00.000,LIRR
20269,2021-01-17T00:00:00.000,MNR
910,2021-01-17T00:00:00.000,SIR
797654,2021-01-17T00:00:00.000,Subway
14124,2021-01-18T00:00:00.000,AAR
693422,2021-01-18T00:00:00.000,BT
766926,2021-01-18T00:00:00.000,Bus
68674,2021-01-18T00:00:00.000,LIRR
22337,2021-01-18T00:00:00.000,MNR
2141,2021-01-18T00:00:00.000,SIR
1276978,2021-01-18T00:00:00.000,Subway
21049,2021-01-19T00:00:00.000,AAR
745201,2021-01-19T00:00:00.000,BT
1013616,2021-01-19T00:00:00.000,Bus
72565,2021-01-19T00:00:00.000,LIRR
36885,2021-01-19T00:00:00.000,MNR
3328,2021-01-19T00:00:00.000,SIR
1635915,2021-01-19T00:00:00.000,Subway
19281,2021-01-20T00:00:00.000,AAR
713022,2021-01-20T00:00:00.000,BT
921371,2021-01-20T00:00:00.000,Bus
67925,2021-01-20T00:00:00.000,LIRR
35263,2021-01-20T00:00:00.000,MNR
2963,2021-01-20T00:00:00.000,SIR
1575075,2021-01-20T00:00:00.000,Subway
19925,2021-01-21T00:00:00.000,AAR
752266,2021-01-21T00:00:00.000,BT
1007042,2021-01-21T00:00:00.000,Bus
71225,2021-01-21T00:00:00.000,LIRR
37003,2021-01-21T00:00:00.000,MNR
3258,2021-01-21T00:00:00.000,SIR
1652842,2021-01-21T00:00:00.000,Subway
20375,2021-01-22T00:00:00.000,AAR
774846,2021-01-22T00:00:00.000,BT
1018584,2021-01-22T00:00:00.000,Bus
71317,2021-01-22T00:00:00.000,LIRR
40981,2021-01-22T00:00:00.000,MNR
3174,2021-01-22T00:00:00.000,SIR
1672001,2021-01-22T00:00:00.000,Subway
10536,2021-01-23T00:00:00.000,AAR
643135,2021-01-23T00:00:00.000,BT
619673,2021-01-23T00:00:00.000,Bus
27942,2021-01-23T00:00:00.000,LIRR
22216,2021-01-23T00:00:00.000,MNR
1114,2021-01-23T00:00:00.000,SIR
997551,2021-01-23T00:00:00.000,Subway
8317,2021-01-24T00:00:00.000,AAR
576335,2021-01-24T00:00:00.000,BT
458203,2021-01-24T00:00:00.000,Bus
23974,2021-01-24T00:00:00.000,LIRR
17881,2021-01-24T00:00:00.000,MNR
821,2021-01-24T00:00:00.000,SIR
741139,2021-01-24T00:00:00.000,Subway
19991,2021-01-25T00:00:00.000,AAR
740989,2021-01-25T00:00:00.000,BT
978987,2021-01-25T00:00:00.000,Bus
73131,2021-01-25T00:00:00.000,LIRR
36509,2021-01-25T00:00:00.000,MNR
3226,2021-01-25T00:00:00.000,SIR
1592468,2021-01-25T00:00:00.000,Subway
18115,2021-01-26T00:00:00.000,AAR
668615,2021-01-26T00:00:00.000,BT
911579,2021-01-26T00:00:00.000,Bus
68237,2021-01-26T00:00:00.000,LIRR
34574,2021-01-26T00:00:00.000,MNR
2965,2021-01-26T00:00:00.000,SIR
1550953,2021-01-26T00:00:00.000,Subway
19841,2021-01-27T00:00:00.000,AAR
722630,2021-01-27T00:00:00.000,BT
1004792,2021-01-27T00:00:00.000,Bus
70353,2021-01-27T00:00:00.000,LIRR
35635,2021-01-27T00:00:00.000,MNR
3098,2021-01-27T00:00:00.000,SIR
1660278,2021-01-27T00:00:00.000,Subway
20139,2021-01-28T00:00:00.000,AAR
759150,2021-01-28T00:00:00.000,BT
950205,2021-01-28T00:00:00.000,Bus
70023,2021-01-28T00:00:00.000,LIRR
37015,2021-01-28T00:00:00.000,MNR
3208,2021-01-28T00:00:00.000,SIR
1646806,2021-01-28T00:00:00.000,Subway
19047,2021-01-29T00:00:00.000,AAR
776618,2021-01-29T00:00:00.000,BT
812264,2021-01-29T00:00:00.000,Bus
65128,2021-01-29T00:00:00.000,LIRR
37760,2021-01-29T00:00:00.000,MNR
2646,2021-01-29T00:00:00.000,SIR
1511680,2021-01-29T00:00:00.000,Subway
10284,2021-01-30T00:00:00.000,AAR
645905,2021-01-30T00:00:00.000,BT
566837,2021-01-30T00:00:00.000,Bus
26642,2021-01-30T00:00:00.000,LIRR
21229,2021-01-30T00:00:00.000,MNR
811,2021-01-30T00:00:00.000,SIR
942615,2021-01-30T00:00:00.000,Subway
8616,2021-01-31T00:00:00.000,AAR
615020,2021-01-31T00:00:00.000,BT
427945,2021-01-31T00:00:00.000,Bus
23091,2021-01-31T00:00:00.000,LIRR
17531,2021-01-31T00:00:00.000,MNR
620,2021-01-31T00:00:00.000,SIR
722853,2021-01-31T00:00:00.000,Subway
12202,2021-02-01T00:00:00.000,AAR
229737,2021-02-01T00:00:00.000,BT
337228,2021-02-01T00:00:00.000,Bus
8611,2021-02-01T00:00:00.000,LIRR
12093,2021-02-01T00:00:00.000,MNR
954,2021-02-01T00:00:00.000,SIR
583230,2021-02-01T00:00:00.000,Subway
8155,2021-02-02T00:00:00.000,AAR
272219,2021-02-02T00:00:00.000,BT
543073,2021-02-02T00:00:00.000,Bus
22756,2021-02-02T00:00:00.000,LIRR
22258,2021-02-02T00:00:00.000,MNR
1517,2021-02-02T00:00:00.000,SIR
1005985,2021-02-02T00:00:00.000,Subway
16869,2021-02-03T00:00:00.000,AAR
621142,2021-02-03T00:00:00.000,BT
949695,2021-02-03T00:00:00.000,Bus
69068,2021-02-03T00:00:00.000,LIRR
36347,2021-02-03T00:00:00.000,MNR
3057,2021-02-03T00:00:00.000,SIR
1702598,2021-02-03T00:00:00.000,Subway
20328,2021-02-04T00:00:00.000,AAR
724607,2021-02-04T00:00:00.000,BT
1033791,2021-02-04T00:00:00.000,Bus
71341,2021-02-04T00:00:00.000,LIRR
37590,2021-02-04T00:00:00.000,MNR
3381,2021-02-04T00:00:00.000,SIR
1785833,2021-02-04T00:00:00.000,Subway
20136,2021-02-05T00:00:00.000,AAR
759678,2021-02-05T00:00:00.000,BT
1001775,2021-02-05T00:00:00.000,Bus
68866,2021-02-05T00:00:00.000,LIRR
40322,2021-02-05T00:00:00.000,MNR
3115,2021-02-05T00:00:00.000,SIR
1741015,2021-02-05T00:00:00.000,Subway
12020,2021-02-06T00:00:00.000,AAR
673155,2021-02-06T00:00:00.000,BT
715717,2021-02-06T00:00:00.000,Bus
29248,2021-02-06T00:00:00.000,LIRR
25168,2021-02-06T00:00:00.000,MNR
1280,2021-02-06T00:00:00.000,SIR
1148477,2021-02-06T00:00:00.000,Subway
7115,2021-02-07T00:00:00.000,AAR
419437,2021-02-07T00:00:00.000,BT
367095,2021-02-07T00:00:00.000,Bus
17110,2021-02-07T00:00:00.000,LIRR
14068,2021-02-07T00:00:00.000,MNR
736,2021-02-07T00:00:00.000,SIR
652521,2021-02-07T00:00:00.000,Subway
17786,2021-02-08T00:00:00.000,AAR
665494,2021-02-08T00:00:00.000,BT
964007,2021-02-08T00:00:00.000,Bus
70984,2021-02-08T00:00:00.000,LIRR
36921,2021-02-08T00:00:00.000,MNR
3075,2021-02-08T00:00:00.000,SIR
1639753,2021-02-08T00:00:00.000,Subway
19386,2021-02-09T00:00:00.000,AAR
690102,2021-02-09T00:00:00.000,BT
992290,2021-02-09T00:00:00.000,Bus
69548,2021-02-09T00:00:00.000,LIRR
34582,2021-02-09T00:00:00.000,MNR
3123,2021-02-09T00:00:00.000,SIR
1666467,2021-02-09T00:00:00.000,Subway
22169,2021-02-10T00:00:00.000,AAR
753255,2021-02-10T00:00:00.000,BT
1052021,2021-02-10T00:00:00.000,Bus
71257,2021-02-10T00:00:00.000,LIRR
36580,2021-02-10T00:00:00.000,MNR
3284,2021-02-10T00:00:00.000,SIR
1750121,2021-02-10T00:00:00.000,Subway
20144,2021-02-11T00:00:00.000,AAR
755919,2021-02-11T00:00:00.000,BT
1005348,2021-02-11T00:00:00.000,Bus
70196,2021-02-11T00:00:00.000,LIRR
37230,2021-02-11T00:00:00.000,MNR
3148,2021-02-11T00:00:00.000,SIR
1714656,2021-02-11T00:00:00.000,Subway
20165,2021-02-12T00:00:00.000,AAR
784094,2021-02-12T00:00:00.000,BT
965421,2021-02-12T00:00:00.000,Bus
72130,2021-02-12T00:00:00.000,LIRR
42228,2021-02-12T00:00:00.000,MNR
2823,2021-02-12T00:00:00.000,SIR
1706430,2021-02-12T00:00:00.000,Subway
11669,2021-02-13T00:00:00.000,AAR
684572,2021-02-13T00:00:00.000,BT
656637,2021-02-13T00:00:00.000,Bus
29284,2021-02-13T00:00:00.000,LIRR
25456,2021-02-13T00:00:00.000,MNR
1198,2021-02-13T00:00:00.000,SIR
1092063,2021-02-13T00:00:00.000,Subway
7835,2021-02-14T00:00:00.000,AAR
555851,2021-02-14T00:00:00.000,BT
479319,2021-02-14T00:00:00.000,Bus
23392,2021-02-14T00:00:00.000,LIRR
20489,2021-02-14T00:00:00.000,MNR
863,2021-02-14T00:00:00.000,SIR
858014,2021-02-14T00:00:00.000,Subway
11437,2021-02-15T00:00:00.000,AAR
663766,2021-02-15T00:00:00.000,BT
726412,2021-02-15T00:00:00.000,Bus
65652,2021-02-15T00:00:00.000,LIRR
21792,2021-02-15T00:00:00.000,MNR
1764,2021-02-15T00:00:00.000,SIR
1218593,2021-02-15T00:00:00.000,Subway
19126,2021-02-16T00:00:00.000,AAR
719981,2021-02-16T00:00:00.000,BT
963223,2021-02-16T00:00:00.000,Bus
72718,2021-02-16T00:00:00.000,LIRR
36234,2021-02-16T00:00:00.000,MNR
3211,2021-02-16T00:00:00.000,SIR
1627528,2021-02-16T00:00:00.000,Subway
22336,2021-02-17T00:00:00.000,AAR
795435,2021-02-17T00:00:00.000,BT
1061711,2021-02-17T00:00:00.000,Bus
74219,2021-02-17T00:00:00.000,LIRR
39205,2021-02-17T00:00:00.000,MNR
3349,2021-02-17T00:00:00.000,SIR
1733160,2021-02-17T00:00:00.000,Subway
15843,2021-02-18T00:00:00.000,AAR
537533,2021-02-18T00:00:00.000,BT
725951,2021-02-18T00:00:00.000,Bus
57987,2021-02-18T00:00:00.000,LIRR
31747,2021-02-18T00:00:00.000,MNR
2521,2021-02-18T00:00:00.000,SIR
1381886,2021-02-18T00:00:00.000,Subway
14172,2021-02-19T00:00:00.000,AAR
566845,2021-02-19T00:00:00.000,BT
809308,2021-02-19T00:00:00.000,Bus
64121,2021-02-19T00:00:00.000,LIRR
38307,2021-02-19T00:00:00.000,MNR
2707,2021-02-19T00:00:00.000,SIR
1566021,2021-02-19T00:00:00.000,Subway
10578,2021-02-20T00:00:00.000,AAR
626059,2021-02-20T00:00:00.000,BT
679240,2021-02-20T00:00:00.000,Bus
30920,2021-02-20T00:00:00.000,LIRR
25729,2021-02-20T00:00:00.000,MNR
1381,2021-02-20T00:00:00.000,SIR
1110589,2021-02-20T00:00:00.000,Subway
9195,2021-02-21T00:00:00.000,AAR
618477,2021-02-21T00:00:00.000,BT
516715,2021-02-21T00:00:00.000,Bus
25208,2021-02-21T00:00:00.000,LIRR
19844,2021-02-21T00:00:00.000,MNR
956,2021-02-21T00:00:00.000,SIR
836095,2021-02-21T00:00:00.000,Subway
19015,2021-02-22T00:00:00.000,AAR
723021,2021-02-22T00:00:00.000,BT
927414,2021-02-22T00:00:00.000,Bus
69741,2021-02-22T00:00:00.000,LIRR
35468,2021-02-22T00:00:00.000,MNR
3079,2021-02-22T00:00:00.000,SIR
1582054,2021-02-22T00:00:00.000,Subway
20852,2021-02-23T00:00:00.000,AAR
746180,2021-02-23T00:00:00.000,BT
1040398,2021-02-23T00:00:00.000,Bus
73492,2021-02-23T00:00:00.000,LIRR
37505,2021-02-23T00:00:00.000,MNR
3406,2021-02-23T00:00:00.000,SIR
1730198,2021-02-23T00:00:00.000,Subway
23223,2021-02-24T00:00:00.000,AAR
786656,2021-02-24T00:00:00.000,BT
1099351,2021-02-24T00:00:00.000,Bus
74777,2021-02-24T00:00:00.000,LIRR
39124,2021-02-24T00:00:00.000,MNR
3546,2021-02-24T00:00:00.000,SIR
1806306,2021-02-24T00:00:00.000,Subway
22138,2021-02-25T00:00:00.000,AAR
813144,2021-02-25T00:00:00.000,BT
1069420,2021-02-25T00:00:00.000,Bus
75030,2021-02-25T00:00:00.000,LIRR
39397,2021-02-25T00:00:00.000,MNR
3543,2021-02-25T00:00:00.000,SIR
1798165,2021-02-25T00:00:00.000,Subway
21911,2021-02-26T00:00:00.000,AAR
830001,2021-02-26T00:00:00.000,BT
1065376,2021-02-26T00:00:00.000,Bus
76696,2021-02-26T00:00:00.000,LIRR
44410,2021-02-26T00:00:00.000,MNR
3359,2021-02-26T00:00:00.000,SIR
1822812,2021-02-26T00:00:00.000,Subway
11319,2021-02-27T00:00:00.000,AAR
686855,2021-02-27T00:00:00.000,BT
635820,2021-02-27T00:00:00.000,Bus
28849,2021-02-27T00:00:00.000,LIRR
24256,2021-02-27T00:00:00.000,MNR
1324,2021-02-27T00:00:00.000,SIR
1072932,2021-02-27T00:00:00.000,Subway
8910,2021-02-28T00:00:00.000,AAR
645602,2021-02-28T00:00:00.000,BT
491545,2021-02-28T00:00:00.000,Bus
23778,2021-02-28T00:00:00.000,LIRR
20086,2021-02-28T00:00:00.000,MNR
972,2021-02-28T00:00:00.000,SIR
810071,2021-02-28T00:00:00.000,Subway
20359,2021-03-01T00:00:00.000,AAR
765678,2021-03-01T00:00:00.000,BT
1020837,2021-03-01T00:00:00.000,Bus
74430,2021-03-01T00:00:00.000,LIRR
36339,2021-03-01T00:00:00.000,MNR
3333,2021-03-01T00:00:00.000,SIR
1696274,2021-03-01T00:00:00.000,Subway
20640,2021-03-02T00:00:00.000,AAR
759369,2021-03-02T00:00:00.000,BT
1024511,2021-03-02T00:00:00.000,Bus
75335,2021-03-02T00:00:00.000,LIRR
36611,2021-03-02T00:00:00.000,MNR
3472,2021-03-02T00:00:00.000,SIR
1749511,2021-03-02T00:00:00.000,Subway
22823,2021-03-03T00:00:00.000,AAR
791200,2021-03-03T00:00:00.000,BT
1119137,2021-03-03T00:00:00.000,Bus
78770,2021-03-03T00:00:00.000,LIRR
39651,2021-03-03T00:00:00.000,MNR
3569,2021-03-03T00:00:00.000,SIR
1846431,2021-03-03T00:00:00.000,Subway
21727,2021-03-04T00:00:00.000,AAR
806996,2021-03-04T00:00:00.000,BT
1078036,2021-03-04T00:00:00.000,Bus
78642,2021-03-04T00:00:00.000,LIRR
39730,2021-03-04T00:00:00.000,MNR
3456,2021-03-04T00:00:00.000,SIR
1808744,2021-03-04T00:00:00.000,Subway
21842,2021-03-05T00:00:00.000,AAR
826412,2021-03-05T00:00:00.000,BT
1041408,2021-03-05T00:00:00.000,Bus
79104,2021-03-05T00:00:00.000,LIRR
45027,2021-03-05T00:00:00.000,MNR
3270,2021-03-05T00:00:00.000,SIR
1825915,2021-03-05T00:00:00.000,Subway
11951,2021-03-06T00:00:00.000,AAR
730253,2021-03-06T00:00:00.000,BT
696719,2021-03-06T00:00:00.000,Bus
37158,2021-03-06T00:00:00.000,LIRR
27276,2021-03-06T00:00:00.000,MNR
3,2021-03-06T00:00:00.000,SIR
1167884,2021-03-06T00:00:00.000,Subway
9843,2021-03-07T00:00:00.000,AAR
675516,2021-03-07T00:00:00.000,BT
525930,2021-03-07T00:00:00.000,Bus
29306,2021-03-07T00:00:00.000,LIRR
21547,2021-03-07T00:00:00.000,MNR
58,2021-03-07T00:00:00.000,SIR
894119,2021-03-07T00:00:00.000,Subway
20685,2021-03-08T00:00:00.000,AAR
793619,2021-03-08T00:00:00.000,BT
1039763,2021-03-08T00:00:00.000,Bus
79355,2021-03-08T00:00:00.000,LIRR
39763,2021-03-08T00:00:00.000,MNR
3344,2021-03-08T00:00:00.000,SIR
1719586,2021-03-08T00:00:00.000,Subway
22200,2021-03-09T00:00:00.000,AAR
785235,2021-03-09T00:00:00.000,BT
1101988,2021-03-09T00:00:00.000,Bus
79269,2021-03-09T00:00:00.000,LIRR
40944,2021-03-09T00:00:00.000,MNR
3602,2021-03-09T00:00:00.000,SIR
1834068,2021-03-09T00:00:00.000,Subway
22774,2021-03-10T00:00:00.000,AAR
804970,2021-03-10T00:00:00.000,BT
1104610,2021-03-10T00:00:00.000,Bus
78069,2021-03-10T00:00:00.000,LIRR
41488,2021-03-10T00:00:00.000,MNR
3625,2021-03-10T00:00:00.000,SIR
1849077,2021-03-10T00:00:00.000,Subway
22617,2021-03-11T00:00:00.000,AAR
826572,2021-03-11T00:00:00.000,BT
1107502,2021-03-11T00:00:00.000,Bus
80398,2021-03-11T00:00:00.000,LIRR
42543,2021-03-11T00:00:00.000,MNR
3682,2021-03-11T00:00:00.000,SIR
1881902,2021-03-11T00:00:00.000,Subway
21724,2021-03-12T00:00:00.000,AAR
853403,2021-03-12T00:00:00.000,BT
1092388,2021-03-12T00:00:00.000,Bus
82399,2021-03-12T00:00:00.000,LIRR
48553,2021-03-12T00:00:00.000,MNR
3507,2021-03-12T00:00:00.000,SIR
1914465,2021-03-12T00:00:00.000,Subway
11932,2021-03-13T00:00:00.000,AAR
770704,2021-03-13T00:00:00.000,BT
730218,2021-03-13T00:00:00.000,Bus
38465,2021-03-13T00:00:00.000,LIRR
31500,2021-03-13T00:00:00.000,MNR
,2021-03-13T00:00:00.000,SIR
1257372,2021-03-13T00:00:00.000,Subway
9732,2021-03-14T00:00:00.000,AAR
729348,2021-03-14T00:00:00.000,BT
531754,2021-03-14T00:00:00.000,Bus
30405,2021-03-14T00:00:00.000,LIRR
22347,2021-03-14T00:00:00.000,MNR
,2021-03-14T00:00:00.000,SIR
923968,2021-03-14T00:00:00.000,Subway
19986,2021-03-15T00:00:00.000,AAR
805793,2021-03-15T00:00:00.000,BT
1023990,2021-03-15T00:00:00.000,Bus
79331,2021-03-15T00:00:00.000,LIRR
39529,2021-03-15T00:00:00.000,MNR
3264,2021-03-15T00:00:00.000,SIR
1730024,2021-03-15T00:00:00.000,Subway
20903,2021-03-16T00:00:00.000,AAR
789895,2021-03-16T00:00:00.000,BT
1062179,2021-03-16T00:00:00.000,Bus
77672,2021-03-16T00:00:00.000,LIRR
40038,2021-03-16T00:00:00.000,MNR
3394,2021-03-16T00:00:00.000,SIR
1798288,2021-03-16T00:00:00.000,Subway
22323,2021-03-17T00:00:00.000,AAR
803624,2021-03-17T00:00:00.000,BT
1103979,2021-03-17T00:00:00.000,Bus
81431,2021-03-17T00:00:00.000,LIRR
41682,2021-03-17T00:00:00.000,MNR
3465,2021-03-17T00:00:00.000,SIR
1866414,2021-03-17T00:00:00.000,Subway
20264,2021-03-18T00:00:00.000,AAR
803659,2021-03-18T00:00:00.000,BT
1019472,2021-03-18T00:00:00.000,Bus
76532,2021-03-18T00:00:00.000,LIRR
39884,2021-03-18T00:00:00.000,MNR
3283,2021-03-18T00:00:00.000,SIR
1771092,2021-03-18T00:00:00.000,Subway
20357,2021-03-19T00:00:00.000,AAR
843457,2021-03-19T00:00:00.000,BT
1083647,2021-03-19T00:00:00.000,Bus
80041,2021-03-19T00:00:00.000,LIRR
46605,2021-03-19T00:00:00.000,MNR
3331,2021-03-19T00:00:00.000,SIR
1906749,2021-03-19T00:00:00.000,Subway
12558,2021-03-20T00:00:00.000,AAR
771913,2021-03-20T00:00:00.000,BT
768908,2021-03-20T00:00:00.000,Bus
41743,2021-03-20T00:00:00.000,LIRR
33068,2021-03-20T00:00:00.000,MNR
,2021-03-20T00:00:00.000,SIR
1307403,2021-03-20T00:00:00.000,Subway
10358,2021-03-21T00:00:00.000,AAR
750496,2021-03-21T00:00:00.000,BT
579358,2021-03-21T00:00:00.000,Bus
34693,2021-03-21T00:00:00.000,LIRR
26380,2021-03-21T00:00:00.000,MNR
,2021-03-21T00:00:00.000,SIR
1013386,2021-03-21T00:00:00.000,Subway
20427,2021-03-22T00:00:00.000,AAR
823668,2021-03-22T00:00:00.000,BT
1095241,2021-03-22T00:00:00.000,Bus
84171,2021-03-22T00:00:00.000,LIRR
43281,2021-03-22T00:00:00.000,MNR
3646,2021-03-22T00:00:00.000,SIR
1801438,2021-03-22T00:00:00.000,Subway
21590,2021-03-23T00:00:00.000,AAR
809905,2021-03-23T00:00:00.000,BT
1133504,2021-03-23T00:00:00.000,Bus
83106,2021-03-23T00:00:00.000,LIRR
41654,2021-03-23T00:00:00.000,MNR
3727,2021-03-23T00:00:00.000,SIR
1879574,2021-03-23T00:00:00.000,Subway
21651,2021-03-24T00:00:00.000,AAR
799264,2021-03-24T00:00:00.000,BT
1075968,2021-03-24T00:00:00.000,Bus
79590,2021-03-24T00:00:00.000,LIRR
40301,2021-03-24T00:00:00.000,MNR
3578,2021-03-24T00:00:00.000,SIR
1828084,2021-03-24T00:00:00.000,Subway
21763,2021-03-25T00:00:00.000,AAR
835924,2021-03-25T00:00:00.000,BT
1127964,2021-03-25T00:00:00.000,Bus
83556,2021-03-25T00:00:00.000,LIRR
44105,2021-03-25T00:00:00.000,MNR
3747,2021-03-25T00:00:00.000,SIR
1925768,2021-03-25T00:00:00.000,Subway
20805,2021-03-26T00:00:00.000,AAR
834611,2021-03-26T00:00:00.000,BT
1091753,2021-03-26T00:00:00.000,Bus
84436,2021-03-26T00:00:00.000,LIRR
49529,2021-03-26T00:00:00.000,MNR
3536,2021-03-26T00:00:00.000,SIR
1938246,2021-03-26T00:00:00.000,Subway
12900,2021-03-27T00:00:00.000,AAR
840881,2021-03-27T00:00:00.000,BT
781981,2021-03-27T00:00:00.000,Bus
47484,2021-03-27T00:00:00.000,LIRR
38301,2021-03-27T00:00:00.000,MNR
,2021-03-27T00:00:00.000,SIR
1374266,2021-03-27T00:00:00.000,Subway
9104,2021-03-28T00:00:00.000,AAR
646610,2021-03-28T00:00:00.000,BT
459949,2021-03-28T00:00:00.000,Bus
28347,2021-03-28T00:00:00.000,LIRR
21000,2021-03-28T00:00:00.000,MNR
,2021-03-28T00:00:00.000,SIR
807247,2021-03-28T00:00:00.000,Subway
18543,2021-03-29T00:00:00.000,AAR
771185,2021-03-29T00:00:00.000,BT
1002597,2021-03-29T00:00:00.000,Bus
86467,2021-03-29T00:00:00.000,LIRR
44240,2021-03-29T00:00:00.000,MNR
3378,2021-03-29T00:00:00.000,SIR
1742162,2021-03-29T00:00:00.000,Subway
21019,2021-03-30T00:00:00.000,AAR
833327,2021-03-30T00:00:00.000,BT
1079381,2021-03-30T00:00:00.000,Bus
91258,2021-03-30T00:00:00.000,LIRR
46574,2021-03-30T00:00:00.000,MNR
3806,2021-03-30T00:00:00.000,SIR
1881537,2021-03-30T00:00:00.000,Subway
20374,2021-03-31T00:00:00.000,AAR
838995,2021-03-31T00:00:00.000,BT
995873,2021-03-31T00:00:00.000,Bus
84850,2021-03-31T00:00:00.000,LIRR
43954,2021-03-31T00:00:00.000,MNR
3526,2021-03-31T00:00:00.000,SIR
1808546,2021-03-31T00:00:00.000,Subway
20490,2021-04-01T00:00:00.000,AAR
849186,2021-04-01T00:00:00.000,BT
1030209,2021-04-01T00:00:00.000,Bus
77285,2021-04-01T00:00:00.000,LIRR
38466,2021-04-01T00:00:00.000,MNR
3434,2021-04-01T00:00:00.000,SIR
1841815,2021-04-01T00:00:00.000,Subway
18839,2021-04-02T00:00:00.000,AAR
844489,2021-04-02T00:00:00.000,BT
958085,2021-04-02T00:00:00.000,Bus
79770,2021-04-02T00:00:00.000,LIRR
49308,2021-04-02T00:00:00.000,MNR
3070,2021-04-02T00:00:00.000,SIR
1757698,2021-04-02T00:00:00.000,Subway
12735,2021-04-03T00:00:00.000,AAR
764429,2021-04-03T00:00:00.000,BT
750682,2021-04-03T00:00:00.000,Bus
47662,2021-04-03T00:00:00.000,LIRR
37706,2021-04-03T00:00:00.000,MNR
1503,2021-04-03T00:00:00.000,SIR
1318461,2021-04-03T00:00:00.000,Subway
11632,2021-04-04T00:00:00.000,AAR
725655,2021-04-04T00:00:00.000,BT
519812,2021-04-04T00:00:00.000,Bus
40868,2021-04-04T00:00:00.000,LIRR
30673,2021-04-04T00:00:00.000,MNR
1066,2021-04-04T00:00:00.000,SIR
950194,2021-04-04T00:00:00.000,Subway
19970,2021-04-05T00:00:00.000,AAR
891937,2021-04-05T00:00:00.000,BT
1088750,2021-04-05T00:00:00.000,Bus
87048,2021-04-05T00:00:00.000,LIRR
46156,2021-04-05T00:00:00.000,MNR
3431,2021-04-05T00:00:00.000,SIR
1818703,2021-04-05T00:00:00.000,Subway
21695,2021-04-06T00:00:00.000,AAR
840402,2021-04-06T00:00:00.000,BT
1155101,2021-04-06T00:00:00.000,Bus
85757,2021-04-06T00:00:00.000,LIRR
45178,2021-04-06T00:00:00.000,MNR
3873,2021-04-06T00:00:00.000,SIR
1942198,2021-04-06T00:00:00.000,Subway
23469,2021-04-07T00:00:00.000,AAR
856152,2021-04-07T00:00:00.000,BT
1172362,2021-04-07T00:00:00.000,Bus
85479,2021-04-07T00:00:00.000,LIRR
45747,2021-04-07T00:00:00.000,MNR
3809,2021-04-07T00:00:00.000,SIR
1985370,2021-04-07T00:00:00.000,Subway
22579,2021-04-08T00:00:00.000,AAR
872034,2021-04-08T00:00:00.000,BT
1177833,2021-04-08T00:00:00.000,Bus
86715,2021-04-08T00:00:00.000,LIRR
47059,2021-04-08T00:00:00.000,MNR
3893,2021-04-08T00:00:00.000,SIR
2013413,2021-04-08T00:00:00.000,Subway
21978,2021-04-09T00:00:00.000,AAR
890863,2021-04-09T00:00:00.000,BT
1144311,2021-04-09T00:00:00.000,Bus
87051,2021-04-09T00:00:00.000,LIRR
52445,2021-04-09T00:00:00.000,MNR
3686,2021-04-09T00:00:00.000,SIR
2026724,2021-04-09T00:00:00.000,Subway
12713,2021-04-10T00:00:00.000,AAR
804187,2021-04-10T00:00:00.000,BT
790023,2021-04-10T00:00:00.000,Bus
45962,2021-04-10T00:00:00.000,LIRR
36629,2021-04-10T00:00:00.000,MNR
1500,2021-04-10T00:00:00.000,SIR
1391245,2021-04-10T00:00:00.000,Subway
9742,2021-04-11T00:00:00.000,AAR
706143,2021-04-11T00:00:00.000,BT
504407,2021-04-11T00:00:00.000,Bus
32034,2021-04-11T00:00:00.000,LIRR
22933,2021-04-11T00:00:00.000,MNR
1020,2021-04-11T00:00:00.000,SIR
899646,2021-04-11T00:00:00.000,Subway
21192,2021-04-12T00:00:00.000,AAR
810810,2021-04-12T00:00:00.000,BT
1087799,2021-04-12T00:00:00.000,Bus
83124,2021-04-12T00:00:00.000,LIRR
43563,2021-04-12T00:00:00.000,MNR
3418,2021-04-12T00:00:00.000,SIR
1845836,2021-04-12T00:00:00.000,Subway
22728,2021-04-13T00:00:00.000,AAR
823801,2021-04-13T00:00:00.000,BT
1196355,2021-04-13T00:00:00.000,Bus
87182,2021-04-13T00:00:00.000,LIRR
46150,2021-04-13T00:00:00.000,MNR
3877,2021-04-13T00:00:00.000,SIR
2012153,2021-04-13T00:00:00.000,Subway
23462,2021-04-14T00:00:00.000,AAR
854192,2021-04-14T00:00:00.000,BT
1199954,2021-04-14T00:00:00.000,Bus
86698,2021-04-14T00:00:00.000,LIRR
47970,2021-04-14T00:00:00.000,MNR
3810,2021-04-14T00:00:00.000,SIR
2018126,2021-04-14T00:00:00.000,Subway
21198,2021-04-15T00:00:00.000,AAR
828871,2021-04-15T00:00:00.000,BT
1083083,2021-04-15T00:00:00.000,Bus
81762,2021-04-15T00:00:00.000,LIRR
44175,2021-04-15T00:00:00.000,MNR
3593,2021-04-15T00:00:00.000,SIR
1906733,2021-04-15T00:00:00.000,Subway
21632,2021-04-16T00:00:00.000,AAR
865026,2021-04-16T00:00:00.000,BT
1157507,2021-04-16T00:00:00.000,Bus
87190,2021-04-16T00:00:00.000,LIRR
54355,2021-04-16T00:00:00.000,MNR
3591,2021-04-16T00:00:00.000,SIR
2078856,2021-04-16T00:00:00.000,Subway
13313,2021-04-17T00:00:00.000,AAR
802353,2021-04-17T00:00:00.000,BT
803352,2021-04-17T00:00:00.000,Bus
49901,2021-04-17T00:00:00.000,LIRR
39789,2021-04-17T00:00:00.000,MNR
,2021-04-17T00:00:00.000,SIR
1425036,2021-04-17T00:00:00.000,Subway
10865,2021-04-18T00:00:00.000,AAR
771008,2021-04-18T00:00:00.000,BT
607333,2021-04-18T00:00:00.000,Bus
38263,2021-04-18T00:00:00.000,LIRR
30983,2021-04-18T00:00:00.000,MNR
,2021-04-18T00:00:00.000,SIR
1082503,2021-04-18T00:00:00.000,Subway
21274,2021-04-19T00:00:00.000,AAR
849732,2021-04-19T00:00:00.000,BT
1147977,2021-04-19T00:00:00.000,Bus
87167,2021-04-19T00:00:00.000,LIRR
45925,2021-04-19T00:00:00.000,MNR
3634,2021-04-19T00:00:00.000,SIR
1911326,2021-04-19T00:00:00.000,Subway
23528,2021-04-20T00:00:00.000,AAR
847281,2021-04-20T00:00:00.000,BT
1223642,2021-04-20T00:00:00.000,Bus
90034,2021-04-20T00:00:00.000,LIRR
49100,2021-04-20T00:00:00.000,MNR
4135,2021-04-20T00:00:00.000,SIR
2082495,2021-04-20T00:00:00.000,Subway
22379,2021-04-21T00:00:00.000,AAR
843816,2021-04-21T00:00:00.000,BT
1139762,2021-04-21T00:00:00.000,Bus
83533,2021-04-21T00:00:00.000,LIRR
45253,2021-04-21T00:00:00.000,MNR
3788,2021-04-21T00:00:00.000,SIR
1965922,2021-04-21T00:00:00.000,Subway
21832,2021-04-22T00:00:00.000,AAR
862989,2021-04-22T00:00:00.000,BT
1166357,2021-04-22T00:00:00.000,Bus
86606,2021-04-22T00:00:00.000,LIRR
46790,2021-04-22T00:00:00.000,MNR
3837,2021-04-22T00:00:00.000,SIR
2040232,2021-04-22T00:00:00.000,Subway
22035,2021-04-23T00:00:00.000,AAR
896789,2021-04-23T00:00:00.000,BT
1184193,2021-04-23T00:00:00.000,Bus
92834,2021-04-23T00:00:00.000,LIRR
56155,2021-04-23T00:00:00.000,MNR
3737,2021-04-23T00:00:00.000,SIR
2121350,2021-04-23T00:00:00.000,Subway
13351,2021-04-24T00:00:00.000,AAR
834991,2021-04-24T00:00:00.000,BT
809163,2021-04-24T00:00:00.000,Bus
51570,2021-04-24T00:00:00.000,LIRR
43227,2021-04-24T00:00:00.000,MNR
,2021-04-24T00:00:00.000,SIR
1520057,2021-04-24T00:00:00.000,Subway
9777,2021-04-25T00:00:00.000,AAR
736581,2021-04-25T00:00:00.000,BT
540989,2021-04-25T00:00:00.000,Bus
34054,2021-04-25T00:00:00.000,LIRR
23855,2021-04-25T00:00:00.000,MNR
,2021-04-25T00:00:00.000,SIR
985027,2021-04-25T00:00:00.000,Subway
21083,2021-04-26T00:00:00.000,AAR
848216,2021-04-26T00:00:00.000,BT
1156913,2021-04-26T00:00:00.000,Bus
89303,2021-04-26T00:00:00.000,LIRR
46752,2021-04-26T00:00:00.000,MNR
3761,2021-04-26T00:00:00.000,SIR
1955370,2021-04-26T00:00:00.000,Subway
22603,2021-04-27T00:00:00.000,AAR
838252,2021-04-27T00:00:00.000,BT
1198299,2021-04-27T00:00:00.000,Bus
89028,2021-04-27T00:00:00.000,LIRR
47310,2021-04-27T00:00:00.000,MNR
4020,2021-04-27T00:00:00.000,SIR
2041698,2021-04-27T00:00:00.000,Subway
24412,2021-04-28T00:00:00.000,AAR
876902,2021-04-28T00:00:00.000,BT
1227777,2021-04-28T00:00:00.000,Bus
92150,2021-04-28T00:00:00.000,LIRR
50011,2021-04-28T00:00:00.000,MNR
4027,2021-04-28T00:00:00.000,SIR
2135793,2021-04-28T00:00:00.000,Subway
22201,2021-04-29T00:00:00.000,AAR
880512,2021-04-29T00:00:00.000,BT
1166096,2021-04-29T00:00:00.000,Bus
88705,2021-04-29T00:00:00.000,LIRR
47785,2021-04-29T00:00:00.000,MNR
3881,2021-04-29T00:00:00.000,SIR
2028524,2021-04-29T00:00:00.000,Subway
22322,2021-04-30T00:00:00.000,AAR
905499,2021-04-30T00:00:00.000,BT
1185321,2021-04-30T00:00:00.000,Bus
93530,2021-04-30T00:00:00.000,LIRR
57364,2021-04-30T00:00:00.000,MNR
3699,2021-04-30T00:00:00.000,SIR
2159476,2021-04-30T00:00:00.000,Subway
13263,2021-05-01T00:00:00.000,AAR
829299,2021-05-01T00:00:00.000,BT
818655,2021-05-01T00:00:00.000,Bus
51067,2021-05-01T00:00:00.000,LIRR
41395,2021-05-01T00:00:00.000,MNR
,2021-05-01T00:00:00.000,SIR
1515211,2021-05-01T00:00:00.000,Subway
11541,2021-05-02T00:00:00.000,AAR
817653,2021-05-02T00:00:00.000,BT
620063,2021-05-02T00:00:00.000,Bus
41827,2021-05-02T00:00:00.000,LIRR
32683,2021-05-02T00:00:00.000,MNR
,2021-05-02T00:00:00.000,SIR
1153471,2021-05-02T00:00:00.000,Subway
21492,2021-05-03T00:00:00.000,AAR
884938,2021-05-03T00:00:00.000,BT
1165505,2021-05-03T00:00:00.000,Bus
91084,2021-05-03T00:00:00.000,LIRR
45800,2021-05-03T00:00:00.000,MNR
3744,2021-05-03T00:00:00.000,SIR
1971010,2021-05-03T00:00:00.000,Subway
22962,2021-05-04T00:00:00.000,AAR
843315,2021-05-04T00:00:00.000,BT
1227250,2021-05-04T00:00:00.000,Bus
93107,2021-05-04T00:00:00.000,LIRR
49415,2021-05-04T00:00:00.000,MNR
4181,2021-05-04T00:00:00.000,SIR
2120071,2021-05-04T00:00:00.000,Subway
23236,2021-05-05T00:00:00.000,AAR
845203,2021-05-05T00:00:00.000,BT
1158445,2021-05-05T00:00:00.000,Bus
91994,2021-05-05T00:00:00.000,LIRR
48351,2021-05-05T00:00:00.000,MNR
3851,2021-05-05T00:00:00.000,SIR
2074543,2021-05-05T00:00:00.000,Subway
23792,2021-05-06T00:00:00.000,AAR
891907,2021-05-06T00:00:00.000,BT
1258536,2021-05-06T00:00:00.000,Bus
94244,2021-05-06T00:00:00.000,LIRR
52748,2021-05-06T00:00:00.000,MNR
4168,2021-05-06T00:00:00.000,SIR
2199943,2021-05-06T00:00:00.000,Subway
22730,2021-05-07T00:00:00.000,AAR
923456,2021-05-07T00:00:00.000,BT
1222741,2021-05-07T00:00:00.000,Bus
101637,2021-05-07T00:00:00.000,LIRR
61477,2021-05-07T00:00:00.000,MNR
3827,2021-05-07T00:00:00.000,SIR
2238033,2021-05-07T00:00:00.000,Subway
13339,2021-05-08T00:00:00.000,AAR
842498,2021-05-08T00:00:00.000,BT
779188,2021-05-08T00:00:00.000,Bus
56309,2021-05-08T00:00:00.000,LIRR
42664,2021-05-08T00:00:00.000,MNR
,2021-05-08T00:00:00.000,SIR
1444674,2021-05-08T00:00:00.000,Subway
13897,2021-05-09T00:00:00.000,AAR
844651,2021-05-09T00:00:00.000,BT
576000,2021-05-09T00:00:00.000,Bus
54074,2021-05-09T00:00:00.000,LIRR
37795,2021-05-09T00:00:00.000,MNR
856,2021-05-09T00:00:00.000,SIR
1107878,2021-05-09T00:00:00.000,Subway
20751,2021-05-10T00:00:00.000,AAR
907866,2021-05-10T00:00:00.000,BT
1149109,2021-05-10T00:00:00.000,Bus
96813,2021-05-10T00:00:00.000,LIRR
50090,2021-05-10T00:00:00.000,MNR
3850,2021-05-10T00:00:00.000,SIR
1990039,2021-05-10T00:00:00.000,Subway
22751,2021-05-11T00:00:00.000,AAR
868045,2021-05-11T00:00:00.000,BT
1231886,2021-05-11T00:00:00.000,Bus
97358,2021-05-11T00:00:00.000,LIRR
51588,2021-05-11T00:00:00.000,MNR
4227,2021-05-11T00:00:00.000,SIR
2148322,2021-05-11T00:00:00.000,Subway
23946,2021-05-12T00:00:00.000,AAR
883727,2021-05-12T00:00:00.000,BT
1238990,2021-05-12T00:00:00.000,Bus
98930,2021-05-12T00:00:00.000,LIRR
53548,2021-05-12T00:00:00.000,MNR
4193,2021-05-12T00:00:00.000,SIR
2182277,2021-05-12T00:00:00.000,Subway
23439,2021-05-13T00:00:00.000,AAR
906535,2021-05-13T00:00:00.000,BT
1182347,2021-05-13T00:00:00.000,Bus
103047,2021-05-13T00:00:00.000,LIRR
55558,2021-05-13T00:00:00.000,MNR
4112,2021-05-13T00:00:00.000,SIR
2163052,2021-05-13T00:00:00.000,Subway
22437,2021-05-14T00:00:00.000,AAR
937116,2021-05-14T00:00:00.000,BT
1220112,2021-05-14T00:00:00.000,Bus
104885,2021-05-14T00:00:00.000,LIRR
63394,2021-05-14T00:00:00.000,MNR
3963,2021-05-14T00:00:00.000,SIR
2266974,2021-05-14T00:00:00.000,Subway
13516,2021-05-15T00:00:00.000,AAR
875002,2021-05-15T00:00:00.000,BT
844096,2021-05-15T00:00:00.000,Bus
63079,2021-05-15T00:00:00.000,LIRR
49401,2021-05-15T00:00:00.000,MNR
11,2021-05-15T00:00:00.000,SIR
1637231,2021-05-15T00:00:00.000,Subway
11062,2021-05-16T00:00:00.000,AAR
839835,2021-05-16T00:00:00.000,BT
621750,2021-05-16T00:00:00.000,Bus
49166,2021-05-16T00:00:00.000,LIRR
36227,2021-05-16T00:00:00.000,MNR
14,2021-05-16T00:00:00.000,SIR
1201904,2021-05-16T00:00:00.000,Subway
20779,2021-05-17T00:00:00.000,AAR
852183,2021-05-17T00:00:00.000,BT
1157960,2021-05-17T00:00:00.000,Bus
98458,2021-05-17T00:00:00.000,LIRR
52803,2021-05-17T00:00:00.000,MNR
3990,2021-05-17T00:00:00.000,SIR
2022584,2021-05-17T00:00:00.000,Subway
22367,2021-05-18T00:00:00.000,AAR
826273,2021-05-18T00:00:00.000,BT
1215676,2021-05-18T00:00:00.000,Bus
100430,2021-05-18T00:00:00.000,LIRR
54920,2021-05-18T00:00:00.000,MNR
4321,2021-05-18T00:00:00.000,SIR
2150049,2021-05-18T00:00:00.000,Subway
23784,2021-05-19T00:00:00.000,AAR
909326,2021-05-19T00:00:00.000,BT
1253578,2021-05-19T00:00:00.000,Bus
104762,2021-05-19T00:00:00.000,LIRR
56851,2021-05-19T00:00:00.000,MNR
4367,2021-05-19T00:00:00.000,SIR
2257549,2021-05-19T00:00:00.000,Subway
23659,2021-05-20T00:00:00.000,AAR
924005,2021-05-20T00:00:00.000,BT
1243965,2021-05-20T00:00:00.000,Bus
106604,2021-05-20T00:00:00.000,LIRR
57425,2021-05-20T00:00:00.000,MNR
4441,2021-05-20T00:00:00.000,SIR
2269471,2021-05-20T00:00:00.000,Subway
22520,2021-05-21T00:00:00.000,AAR
956256,2021-05-21T00:00:00.000,BT
1221591,2021-05-21T00:00:00.000,Bus
110077,2021-05-21T00:00:00.000,LIRR
67283,2021-05-21T00:00:00.000,MNR
4264,2021-05-21T00:00:00.000,SIR
2331876,2021-05-21T00:00:00.000,Subway
13397,2021-05-22T00:00:00.000,AAR
891483,2021-05-22T00:00:00.000,BT
839877,2021-05-22T00:00:00.000,Bus
66293,2021-05-22T00:00:00.000,LIRR
51249,2021-05-22T00:00:00.000,MNR
1787,2021-05-22T00:00:00.000,SIR
1645268,2021-05-22T00:00:00.000,Subway
11765,2021-05-23T00:00:00.000,AAR
887726,2021-05-23T00:00:00.000,BT
645466,2021-05-23T00:00:00.000,Bus
58005,2021-05-23T00:00:00.000,LIRR
40613,2021-05-23T00:00:00.000,MNR
1358,2021-05-23T00:00:00.000,SIR
1268928,2021-05-23T00:00:00.000,Subway
21563,2021-05-24T00:00:00.000,AAR
931485,2021-05-24T00:00:00.000,BT
1192453,2021-05-24T00:00:00.000,Bus
105528,2021-05-24T00:00:00.000,LIRR
55179,2021-05-24T00:00:00.000,MNR
4252,2021-05-24T00:00:00.000,SIR
2118877,2021-05-24T00:00:00.000,Subway
22854,2021-05-25T00:00:00.000,AAR
888682,2021-05-25T00:00:00.000,BT
1253998,2021-05-25T00:00:00.000,Bus
110871,2021-05-25T00:00:00.000,LIRR
58737,2021-05-25T00:00:00.000,MNR
4683,2021-05-25T00:00:00.000,SIR
2270945,2021-05-25T00:00:00.000,Subway
23594,2021-05-26T00:00:00.000,AAR
924917,2021-05-26T00:00:00.000,BT
1241052,2021-05-26T00:00:00.000,Bus
114548,2021-05-26T00:00:00.000,LIRR
59613,2021-05-26T00:00:00.000,MNR
4429,2021-05-26T00:00:00.000,SIR
2275882,2021-05-26T00:00:00.000,Subway
23450,2021-05-27T00:00:00.000,AAR
949366,2021-05-27T00:00:00.000,BT
1246269,2021-05-27T00:00:00.000,Bus
117293,2021-05-27T00:00:00.000,LIRR
62852,2021-05-27T00:00:00.000,MNR
4619,2021-05-27T00:00:00.000,SIR
2352019,2021-05-27T00:00:00.000,Subway
21520,2021-05-28T00:00:00.000,AAR
951778,2021-05-28T00:00:00.000,BT
1135369,2021-05-28T00:00:00.000,Bus
112780,2021-05-28T00:00:00.000,LIRR
66048,2021-05-28T00:00:00.000,MNR
4047,2021-05-28T00:00:00.000,SIR
2232599,2021-05-28T00:00:00.000,Subway
11734,2021-05-29T00:00:00.000,AAR
749968,2021-05-29T00:00:00.000,BT
648192,2021-05-29T00:00:00.000,Bus
54774,2021-05-29T00:00:00.000,LIRR
38894,2021-05-29T00:00:00.000,MNR
1332,2021-05-29T00:00:00.000,SIR
1370135,2021-05-29T00:00:00.000,Subway
10028,2021-05-30T00:00:00.000,AAR
673110,2021-05-30T00:00:00.000,BT
484864,2021-05-30T00:00:00.000,Bus
43418,2021-05-30T00:00:00.000,LIRR
30072,2021-05-30T00:00:00.000,MNR
956,2021-05-30T00:00:00.000,SIR
1065176,2021-05-30T00:00:00.000,Subway
10380,2021-05-31T00:00:00.000,AAR
723559,2021-05-31T00:00:00.000,BT
702801,2021-05-31T00:00:00.000,Bus
102292,2021-05-31T00:00:00.000,LIRR
43039,2021-05-31T00:00:00.000,MNR
1651,2021-05-31T00:00:00.000,SIR
1389651,2021-05-31T00:00:00.000,Subway
22308,2021-06-01T00:00:00.000,AAR
944197,2021-06-01T00:00:00.000,BT
1230127,2021-06-01T00:00:00.000,Bus
114759,2021-06-01T00:00:00.000,LIRR
94923,2021-06-01T00:00:00.000,MNR
4705,2021-06-01T00:00:00.000,SIR
2258831,2021-06-01T00:00:00.000,Subway
24325,2021-06-02T00:00:00.000,AAR
912224,2021-06-02T00:00:00.000,BT
1249102,2021-06-02T00:00:00.000,Bus
112503,2021-06-02T00:00:00.000,LIRR
90821,2021-06-02T00:00:00.000,MNR
4772,2021-06-02T00:00:00.000,SIR
2343745,2021-06-02T00:00:00.000,Subway
23026,2021-06-03T00:00:00.000,AAR
900500,2021-06-03T00:00:00.000,BT
1143159,2021-06-03T00:00:00.000,Bus
102751,2021-06-03T00:00:00.000,LIRR
84815,2021-06-03T00:00:00.000,MNR
4419,2021-06-03T00:00:00.000,SIR
2233917,2021-06-03T00:00:00.000,Subway
22743,2021-06-04T00:00:00.000,AAR
910596,2021-06-04T00:00:00.000,BT
1160335,2021-06-04T00:00:00.000,Bus
104564,2021-06-04T00:00:00.000,LIRR
88908,2021-06-04T00:00:00.000,MNR
4308,2021-06-04T00:00:00.000,SIR
2310032,2021-06-04T00:00:00.000,Subway
14636,2021-06-05T00:00:00.000,AAR
903417,2021-06-05T00:00:00.000,BT
874545,2021-06-05T00:00:00.000,Bus
72827,2021-06-05T00:00:00.000,LIRR
62687,2021-06-05T00:00:00.000,MNR
,2021-06-05T00:00:00.000,SIR
1792204,2021-06-05T00:00:00.000,Subway
12514,2021-06-06T00:00:00.000,AAR
932132,2021-06-06T00:00:00.000,BT
654780,2021-06-06T00:00:00.000,Bus
61866,2021-06-06T00:00:00.000,LIRR
51469,2021-06-06T00:00:00.000,MNR
,2021-06-06T00:00:00.000,SIR
1363344,2021-06-06T00:00:00.000,Subway
21511,2021-06-07T00:00:00.000,AAR
967758,2021-06-07T00:00:00.000,BT
1200737,2021-06-07T00:00:00.000,Bus
112097,2021-06-07T00:00:00.000,LIRR
89412,2021-06-07T00:00:00.000,MNR
4348,2021-06-07T00:00:00.000,SIR
2223265,2021-06-07T00:00:00.000,Subway
22948,2021-06-08T00:00:00.000,AAR
879381,2021-06-08T00:00:00.000,BT
1175335,2021-06-08T00:00:00.000,Bus
108346,2021-06-08T00:00:00.000,LIRR
87986,2021-06-08T00:00:00.000,MNR
4561,2021-06-08T00:00:00.000,SIR
2265591,2021-06-08T00:00:00.000,Subway
23868,2021-06-09T00:00:00.000,AAR
900400,2021-06-09T00:00:00.000,BT
1259005,2021-06-09T00:00:00.000,Bus
107918,2021-06-09T00:00:00.000,LIRR
90641,2021-06-09T00:00:00.000,MNR
4586,2021-06-09T00:00:00.000,SIR
2386026,2021-06-09T00:00:00.000,Subway
23498,2021-06-10T00:00:00.000,AAR
937047,2021-06-10T00:00:00.000,BT
1276901,2021-06-10T00:00:00.000,Bus
113236,2021-06-10T00:00:00.000,LIRR
91323,2021-06-10T00:00:00.000,MNR
4801,2021-06-10T00:00:00.000,SIR
2473818,2021-06-10T00:00:00.000,Subway
23324,2021-06-11T00:00:00.000,AAR
962219,2021-06-11T00:00:00.000,BT
1221484,2021-06-11T00:00:00.000,Bus
118259,2021-06-11T00:00:00.000,LIRR
94566,2021-06-11T00:00:00.000,MNR
4371,2021-06-11T00:00:00.000,SIR
2468258,2021-06-11T00:00:00.000,Subway
14450,2021-06-12T00:00:00.000,AAR
900793,2021-06-12T00:00:00.000,BT
849178,2021-06-12T00:00:00.000,Bus
68188,2021-06-12T00:00:00.000,LIRR
61468,2021-06-12T00:00:00.000,MNR
,2021-06-12T00:00:00.000,SIR
1775538,2021-06-12T00:00:00.000,Subway
12047,2021-06-13T00:00:00.000,AAR
896746,2021-06-13T00:00:00.000,BT
647385,2021-06-13T00:00:00.000,Bus
59186,2021-06-13T00:00:00.000,LIRR
51712,2021-06-13T00:00:00.000,MNR
,2021-06-13T00:00:00.000,SIR
1379959,2021-06-13T00:00:00.000,Subway
21568,2021-06-14T00:00:00.000,AAR
926615,2021-06-14T00:00:00.000,BT
1176722,2021-06-14T00:00:00.000,Bus
115254,2021-06-14T00:00:00.000,LIRR
91064,2021-06-14T00:00:00.000,MNR
4205,2021-06-14T00:00:00.000,SIR
2223186,2021-06-14T00:00:00.000,Subway
23460,2021-06-15T00:00:00.000,AAR
903274,2021-06-15T00:00:00.000,BT
1277203,2021-06-15T00:00:00.000,Bus
117580,2021-06-15T00:00:00.000,LIRR
96688,2021-06-15T00:00:00.000,MNR
4925,2021-06-15T00:00:00.000,SIR
2469785,2021-06-15T00:00:00.000,Subway
24788,2021-06-16T00:00:00.000,AAR
939111,2021-06-16T00:00:00.000,BT
1288040,2021-06-16T00:00:00.000,Bus
119205,2021-06-16T00:00:00.000,LIRR
94690,2021-06-16T00:00:00.000,MNR
4745,2021-06-16T00:00:00.000,SIR
2519444,2021-06-16T00:00:00.000,Subway
23292,2021-06-17T00:00:00.000,AAR
954531,2021-06-17T00:00:00.000,BT
1281552,2021-06-17T00:00:00.000,Bus
121580,2021-06-17T00:00:00.000,LIRR
98435,2021-06-17T00:00:00.000,MNR
4989,2021-06-17T00:00:00.000,SIR
2552497,2021-06-17T00:00:00.000,Subway
22491,2021-06-18T00:00:00.000,AAR
989037,2021-06-18T00:00:00.000,BT
1235675,2021-06-18T00:00:00.000,Bus
122848,2021-06-18T00:00:00.000,LIRR
104304,2021-06-18T00:00:00.000,MNR
4549,2021-06-18T00:00:00.000,SIR
2572013,2021-06-18T00:00:00.000,Subway
13949,2021-06-19T00:00:00.000,AAR
942028,2021-06-19T00:00:00.000,BT
841519,2021-06-19T00:00:00.000,Bus
76508,2021-06-19T00:00:00.000,LIRR
66134,2021-06-19T00:00:00.000,MNR
,2021-06-19T00:00:00.000,SIR
1784312,2021-06-19T00:00:00.000,Subway
13189,2021-06-20T00:00:00.000,AAR
931890,2021-06-20T00:00:00.000,BT
652557,2021-06-20T00:00:00.000,Bus
76969,2021-06-20T00:00:00.000,LIRR
60876,2021-06-20T00:00:00.000,MNR
,2021-06-20T00:00:00.000,SIR
1389352,2021-06-20T00:00:00.000,Subway
20512,2021-06-21T00:00:00.000,AAR
1005143,2021-06-21T00:00:00.000,BT
1191844,2021-06-21T00:00:00.000,Bus
123918,2021-06-21T00:00:00.000,LIRR
95740,2021-06-21T00:00:00.000,MNR
4601,2021-06-21T00:00:00.000,SIR
2264368,2021-06-21T00:00:00.000,Subway
22293,2021-06-22T00:00:00.000,AAR
904916,2021-06-22T00:00:00.000,BT
1172110,2021-06-22T00:00:00.000,Bus
116165,2021-06-22T00:00:00.000,LIRR
97637,2021-06-22T00:00:00.000,MNR
4648,2021-06-22T00:00:00.000,SIR
2354873,2021-06-22T00:00:00.000,Subway
24223,2021-06-23T00:00:00.000,AAR
928876,2021-06-23T00:00:00.000,BT
1264095,2021-06-23T00:00:00.000,Bus
121867,2021-06-23T00:00:00.000,LIRR
101864,2021-06-23T00:00:00.000,MNR
5027,2021-06-23T00:00:00.000,SIR
2547416,2021-06-23T00:00:00.000,Subway
22842,2021-06-24T00:00:00.000,AAR
968613,2021-06-24T00:00:00.000,BT
1248843,2021-06-24T00:00:00.000,Bus
121542,2021-06-24T00:00:00.000,LIRR
100509,2021-06-24T00:00:00.000,MNR
5045,2021-06-24T00:00:00.000,SIR
2552639,2021-06-24T00:00:00.000,Subway
22400,2021-06-25T00:00:00.000,AAR
983621,2021-06-25T00:00:00.000,BT
1214123,2021-06-25T00:00:00.000,Bus
126722,2021-06-25T00:00:00.000,LIRR
100537,2021-06-25T00:00:00.000,MNR
4712,2021-06-25T00:00:00.000,SIR
2582713,2021-06-25T00:00:00.000,Subway
13520,2021-06-26T00:00:00.000,AAR
929034,2021-06-26T00:00:00.000,BT
841585,2021-06-26T00:00:00.000,Bus
76560,2021-06-26T00:00:00.000,LIRR
66738,2021-06-26T00:00:00.000,MNR
1682,2021-06-26T00:00:00.000,SIR
1854179,2021-06-26T00:00:00.000,Subway
11883,2021-06-27T00:00:00.000,AAR
915853,2021-06-27T00:00:00.000,BT
656004,2021-06-27T00:00:00.000,Bus
75058,2021-06-27T00:00:00.000,LIRR
62411,2021-06-27T00:00:00.000,MNR
1436,2021-06-27T00:00:00.000,SIR
1559967,2021-06-27T00:00:00.000,Subway
20503,2021-06-28T00:00:00.000,AAR
976149,2021-06-28T00:00:00.000,BT
1152019,2021-06-28T00:00:00.000,Bus
122263,2021-06-28T00:00:00.000,LIRR
101482,2021-06-28T00:00:00.000,MNR
4564,2021-06-28T00:00:00.000,SIR
2252362,2021-06-28T00:00:00.000,Subway
21612,2021-06-29T00:00:00.000,AAR
924373,2021-06-29T00:00:00.000,BT
1169268,2021-06-29T00:00:00.000,Bus
119355,2021-06-29T00:00:00.000,LIRR
97829,2021-06-29T00:00:00.000,MNR
4717,2021-06-29T00:00:00.000,SIR
2343739,2021-06-29T00:00:00.000,Subway
23001,2021-06-30T00:00:00.000,AAR
943235,2021-06-30T00:00:00.000,BT
1139886,2021-06-30T00:00:00.000,Bus
119358,2021-06-30T00:00:00.000,LIRR
99455,2021-06-30T00:00:00.000,MNR
4476,2021-06-30T00:00:00.000,SIR
2346388,2021-06-30T00:00:00.000,Subway
22011,2021-07-01T00:00:00.000,AAR
939529,2021-07-01T00:00:00.000,BT
1104516,2021-07-01T00:00:00.000,Bus
114363,2021-07-01T00:00:00.000,LIRR
90018,2021-07-01T00:00:00.000,MNR
4598,2021-07-01T00:00:00.000,SIR
2292461,2021-07-01T00:00:00.000,Subway
21489,2021-07-02T00:00:00.000,AAR
916066,2021-07-02T00:00:00.000,BT
1121116,2021-07-02T00:00:00.000,Bus
116542,2021-07-02T00:00:00.000,LIRR
94252,2021-07-02T00:00:00.000,MNR
4258,2021-07-02T00:00:00.000,SIR
2296044,2021-07-02T00:00:00.000,Subway
12676,2021-07-03T00:00:00.000,AAR
782738,2021-07-03T00:00:00.000,BT
738089,2021-07-03T00:00:00.000,Bus
63827,2021-07-03T00:00:00.000,LIRR
57381,2021-07-03T00:00:00.000,MNR
1768,2021-07-03T00:00:00.000,SIR
1541988,2021-07-03T00:00:00.000,Subway
12816,2021-07-04T00:00:00.000,AAR
737487,2021-07-04T00:00:00.000,BT
615001,2021-07-04T00:00:00.000,Bus
70165,2021-07-04T00:00:00.000,LIRR
63948,2021-07-04T00:00:00.000,MNR
1815,2021-07-04T00:00:00.000,SIR
1468510,2021-07-04T00:00:00.000,Subway
10303,2021-07-05T00:00:00.000,AAR
860159,2021-07-05T00:00:00.000,BT
770321,2021-07-05T00:00:00.000,Bus
78370,2021-07-05T00:00:00.000,LIRR
59711,2021-07-05T00:00:00.000,MNR
2005,2021-07-05T00:00:00.000,SIR
1495709,2021-07-05T00:00:00.000,Subway
22648,2021-07-06T00:00:00.000,AAR
949171,2021-07-06T00:00:00.000,BT
1181416,2021-07-06T00:00:00.000,Bus
127893,2021-07-06T00:00:00.000,LIRR
100494,2021-07-06T00:00:00.000,MNR
4690,2021-07-06T00:00:00.000,SIR
2302002,2021-07-06T00:00:00.000,Subway
23637,2021-07-07T00:00:00.000,AAR
914328,2021-07-07T00:00:00.000,BT
1234617,2021-07-07T00:00:00.000,Bus
122603,2021-07-07T00:00:00.000,LIRR
99137,2021-07-07T00:00:00.000,MNR
5028,2021-07-07T00:00:00.000,SIR
2437064,2021-07-07T00:00:00.000,Subway
22941,2021-07-08T00:00:00.000,AAR
907477,2021-07-08T00:00:00.000,BT
1164513,2021-07-08T00:00:00.000,Bus
116274,2021-07-08T00:00:00.000,LIRR
93197,2021-07-08T00:00:00.000,MNR
4785,2021-07-08T00:00:00.000,SIR
2364250,2021-07-08T00:00:00.000,Subway
20632,2021-07-09T00:00:00.000,AAR
879216,2021-07-09T00:00:00.000,BT
1115969,2021-07-09T00:00:00.000,Bus
109420,2021-07-09T00:00:00.000,LIRR
88347,2021-07-09T00:00:00.000,MNR
4325,2021-07-09T00:00:00.000,SIR
2318387,2021-07-09T00:00:00.000,Subway
14518,2021-07-10T00:00:00.000,AAR
887781,2021-07-10T00:00:00.000,BT
855908,2021-07-10T00:00:00.000,Bus
72964,2021-07-10T00:00:00.000,LIRR
64429,2021-07-10T00:00:00.000,MNR
2204,2021-07-10T00:00:00.000,SIR
1781717,2021-07-10T00:00:00.000,Subway
11725,2021-07-11T00:00:00.000,AAR
848494,2021-07-11T00:00:00.000,BT
635511,2021-07-11T00:00:00.000,Bus
62559,2021-07-11T00:00:00.000,LIRR
53178,2021-07-11T00:00:00.000,MNR
1549,2021-07-11T00:00:00.000,SIR
1365854,2021-07-11T00:00:00.000,Subway
20623,2021-07-12T00:00:00.000,AAR
927503,2021-07-12T00:00:00.000,BT
1171521,2021-07-12T00:00:00.000,Bus
120503,2021-07-12T00:00:00.000,LIRR
99023,2021-07-12T00:00:00.000,MNR
4563,2021-07-12T00:00:00.000,SIR
2245412,2021-07-12T00:00:00.000,Subway
22286,2021-07-13T00:00:00.000,AAR
883246,2021-07-13T00:00:00.000,BT
1239045,2021-07-13T00:00:00.000,Bus
123373,2021-07-13T00:00:00.000,LIRR
105314,2021-07-13T00:00:00.000,MNR
5117,2021-07-13T00:00:00.000,SIR
2457526,2021-07-13T00:00:00.000,Subway
23662,2021-07-14T00:00:00.000,AAR
913223,2021-07-14T00:00:00.000,BT
1260044,2021-07-14T00:00:00.000,Bus
120455,2021-07-14T00:00:00.000,LIRR
101843,2021-07-14T00:00:00.000,MNR
5018,2021-07-14T00:00:00.000,SIR
2517615,2021-07-14T00:00:00.000,Subway
23772,2021-07-15T00:00:00.000,AAR
948843,2021-07-15T00:00:00.000,BT
1275846,2021-07-15T00:00:00.000,Bus
125587,2021-07-15T00:00:00.000,LIRR
105171,2021-07-15T00:00:00.000,MNR
5209,2021-07-15T00:00:00.000,SIR
2581582,2021-07-15T00:00:00.000,Subway
21730,2021-07-16T00:00:00.000,AAR
981020,2021-07-16T00:00:00.000,BT
1219118,2021-07-16T00:00:00.000,Bus
123465,2021-07-16T00:00:00.000,LIRR
104331,2021-07-16T00:00:00.000,MNR
4626,2021-07-16T00:00:00.000,SIR
2536569,2021-07-16T00:00:00.000,Subway
13228,2021-07-17T00:00:00.000,AAR
899378,2021-07-17T00:00:00.000,BT
795347,2021-07-17T00:00:00.000,Bus
73001,2021-07-17T00:00:00.000,LIRR
64513,2021-07-17T00:00:00.000,MNR
,2021-07-17T00:00:00.000,SIR
1717480,2021-07-17T00:00:00.000,Subway
11313,2021-07-18T00:00:00.000,AAR
835184,2021-07-18T00:00:00.000,BT
640618,2021-07-18T00:00:00.000,Bus
67362,2021-07-18T00:00:00.000,LIRR
56174,2021-07-18T00:00:00.000,MNR
,2021-07-18T00:00:00.000,SIR
1405344,2021-07-18T00:00:00.000,Subway
20276,2021-07-19T00:00:00.000,AAR
946177,2021-07-19T00:00:00.000,BT
1208792,2021-07-19T00:00:00.000,Bus
126653,2021-07-19T00:00:00.000,LIRR
103403,2021-07-19T00:00:00.000,MNR
4717,2021-07-19T00:00:00.000,SIR
2327756,2021-07-19T00:00:00.000,Subway
22213,2021-07-20T00:00:00.000,AAR
915668,2021-07-20T00:00:00.000,BT
1217802,2021-07-20T00:00:00.000,Bus
125809,2021-07-20T00:00:00.000,LIRR
107009,2021-07-20T00:00:00.000,MNR
5015,2021-07-20T00:00:00.000,SIR
2462002,2021-07-20T00:00:00.000,Subway
22865,2021-07-21T00:00:00.000,AAR
920149,2021-07-21T00:00:00.000,BT
1225595,2021-07-21T00:00:00.000,Bus
121530,2021-07-21T00:00:00.000,LIRR
104862,2021-07-21T00:00:00.000,MNR
4934,2021-07-21T00:00:00.000,SIR
2504568,2021-07-21T00:00:00.000,Subway
23122,2021-07-22T00:00:00.000,AAR
949374,2021-07-22T00:00:00.000,BT
1279778,2021-07-22T00:00:00.000,Bus
127275,2021-07-22T00:00:00.000,LIRR
102275,2021-07-22T00:00:00.000,MNR
5187,2021-07-22T00:00:00.000,SIR
2582151,2021-07-22T00:00:00.000,Subway
22314,2021-07-23T00:00:00.000,AAR
972390,2021-07-23T00:00:00.000,BT
1219255,2021-07-23T00:00:00.000,Bus
130474,2021-07-23T00:00:00.000,LIRR
101070,2021-07-23T00:00:00.000,MNR
4713,2021-07-23T00:00:00.000,SIR
2552330,2021-07-23T00:00:00.000,Subway
14042,2021-07-24T00:00:00.000,AAR
927128,2021-07-24T00:00:00.000,BT
856250,2021-07-24T00:00:00.000,Bus
84852,2021-07-24T00:00:00.000,LIRR
68579,2021-07-24T00:00:00.000,MNR
,2021-07-24T00:00:00.000,SIR
1852402,2021-07-24T00:00:00.000,Subway
11419,2021-07-25T00:00:00.000,AAR
885261,2021-07-25T00:00:00.000,BT
625645,2021-07-25T00:00:00.000,Bus
66417,2021-07-25T00:00:00.000,LIRR
53090,2021-07-25T00:00:00.000,MNR
,2021-07-25T00:00:00.000,SIR
1364830,2021-07-25T00:00:00.000,Subway
19910,2021-07-26T00:00:00.000,AAR
956556,2021-07-26T00:00:00.000,BT
1219135,2021-07-26T00:00:00.000,Bus
129875,2021-07-26T00:00:00.000,LIRR
101260,2021-07-26T00:00:00.000,MNR
4714,2021-07-26T00:00:00.000,SIR
2318455,2021-07-26T00:00:00.000,Subway
22609,2021-07-27T00:00:00.000,AAR
916975,2021-07-27T00:00:00.000,BT
1267804,2021-07-27T00:00:00.000,Bus
128262,2021-07-27T00:00:00.000,LIRR
102950,2021-07-27T00:00:00.000,MNR
5132,2021-07-27T00:00:00.000,SIR
2487947,2021-07-27T00:00:00.000,Subway
23145,2021-07-28T00:00:00.000,AAR
929783,2021-07-28T00:00:00.000,BT
1276296,2021-07-28T00:00:00.000,Bus
126767,2021-07-28T00:00:00.000,LIRR
99976,2021-07-28T00:00:00.000,MNR
5004,2021-07-28T00:00:00.000,SIR
2534756,2021-07-28T00:00:00.000,Subway
22164,2021-07-29T00:00:00.000,AAR
928588,2021-07-29T00:00:00.000,BT
1186642,2021-07-29T00:00:00.000,Bus
120318,2021-07-29T00:00:00.000,LIRR
94716,2021-07-29T00:00:00.000,MNR
4743,2021-07-29T00:00:00.000,SIR
2428764,2021-07-29T00:00:00.000,Subway
22127,2021-07-30T00:00:00.000,AAR
953767,2021-07-30T00:00:00.000,BT
1235623,2021-07-30T00:00:00.000,Bus
131905,2021-07-30T00:00:00.000,LIRR
103531,2021-07-30T00:00:00.000,MNR
4812,2021-07-30T00:00:00.000,SIR
2557677,2021-07-30T00:00:00.000,Subway
13932,2021-07-31T00:00:00.000,AAR
926998,2021-07-31T00:00:00.000,BT
857333,2021-07-31T00:00:00.000,Bus
85371,2021-07-31T00:00:00.000,LIRR
67121,2021-07-31T00:00:00.000,MNR
,2021-07-31T00:00:00.000,SIR
1841007,2021-07-31T00:00:00.000,Subway
11627,2021-08-01T00:00:00.000,AAR
901024,2021-08-01T00:00:00.000,BT
629963,2021-08-01T00:00:00.000,Bus
66030,2021-08-01T00:00:00.000,LIRR
51978,2021-08-01T00:00:00.000,MNR
,2021-08-01T00:00:00.000,SIR
1351294,2021-08-01T00:00:00.000,Subway
19824,2021-08-02T00:00:00.000,AAR
948599,2021-08-02T00:00:00.000,BT
1208484,2021-08-02T00:00:00.000,Bus
126151,2021-08-02T00:00:00.000,LIRR
102349,2021-08-02T00:00:00.000,MNR
4799,2021-08-02T00:00:00.000,SIR
2333923,2021-08-02T00:00:00.000,Subway
22828,2021-08-03T00:00:00.000,AAR
906762,2021-08-03T00:00:00.000,BT
1262043,2021-08-03T00:00:00.000,Bus
123949,2021-08-03T00:00:00.000,LIRR
103249,2021-08-03T00:00:00.000,MNR
5262,2021-08-03T00:00:00.000,SIR
2483802,2021-08-03T00:00:00.000,Subway
23611,2021-08-04T00:00:00.000,AAR
918166,2021-08-04T00:00:00.000,BT
1257876,2021-08-04T00:00:00.000,Bus
123700,2021-08-04T00:00:00.000,LIRR
99332,2021-08-04T00:00:00.000,MNR
5016,2021-08-04T00:00:00.000,SIR
2529002,2021-08-04T00:00:00.000,Subway
22610,2021-08-05T00:00:00.000,AAR
943602,2021-08-05T00:00:00.000,BT
1259332,2021-08-05T00:00:00.000,Bus
119999,2021-08-05T00:00:00.000,LIRR
98290,2021-08-05T00:00:00.000,MNR
5097,2021-08-05T00:00:00.000,SIR
2529190,2021-08-05T00:00:00.000,Subway
22179,2021-08-06T00:00:00.000,AAR
971847,2021-08-06T00:00:00.000,BT
1222343,2021-08-06T00:00:00.000,Bus
123238,2021-08-06T00:00:00.000,LIRR
101218,2021-08-06T00:00:00.000,MNR
4500,2021-08-06T00:00:00.000,SIR
2519444,2021-08-06T00:00:00.000,Subway
14108,2021-08-07T00:00:00.000,AAR
905076,2021-08-07T00:00:00.000,BT
836715,2021-08-07T00:00:00.000,Bus
76835,2021-08-07T00:00:00.000,LIRR
67267,2021-08-07T00:00:00.000,MNR
,2021-08-07T00:00:00.000,SIR
1780458,2021-08-07T00:00:00.000,Subway
11934,2021-08-08T00:00:00.000,AAR
853294,2021-08-08T00:00:00.000,BT
598574,2021-08-08T00:00:00.000,Bus
61066,2021-08-08T00:00:00.000,LIRR
54265,2021-08-08T00:00:00.000,MNR
,2021-08-08T00:00:00.000,SIR
1333885,2021-08-08T00:00:00.000,Subway
20540,2021-08-09T00:00:00.000,AAR
945037,2021-08-09T00:00:00.000,BT
1183050,2021-08-09T00:00:00.000,Bus
109865,2021-08-09T00:00:00.000,LIRR
95599,2021-08-09T00:00:00.000,MNR
4845,2021-08-09T00:00:00.000,SIR
2289434,2021-08-09T00:00:00.000,Subway
23079,2021-08-10T00:00:00.000,AAR
901598,2021-08-10T00:00:00.000,BT
1245670,2021-08-10T00:00:00.000,Bus
122544,2021-08-10T00:00:00.000,LIRR
95330,2021-08-10T00:00:00.000,MNR
5037,2021-08-10T00:00:00.000,SIR
2442194,2021-08-10T00:00:00.000,Subway
23338,2021-08-11T00:00:00.000,AAR
923305,2021-08-11T00:00:00.000,BT
1246306,2021-08-11T00:00:00.000,Bus
119708,2021-08-11T00:00:00.000,LIRR
94737,2021-08-11T00:00:00.000,MNR
4928,2021-08-11T00:00:00.000,SIR
2475949,2021-08-11T00:00:00.000,Subway
22427,2021-08-12T00:00:00.000,AAR
957288,2021-08-12T00:00:00.000,BT
1223666,2021-08-12T00:00:00.000,Bus
119717,2021-08-12T00:00:00.000,LIRR
90818,2021-08-12T00:00:00.000,MNR
4764,2021-08-12T00:00:00.000,SIR
2448589,2021-08-12T00:00:00.000,Subway
21336,2021-08-13T00:00:00.000,AAR
970596,2021-08-13T00:00:00.000,BT
1189426,2021-08-13T00:00:00.000,Bus
123849,2021-08-13T00:00:00.000,LIRR
91861,2021-08-13T00:00:00.000,MNR
4522,2021-08-13T00:00:00.000,SIR
2430102,2021-08-13T00:00:00.000,Subway
13157,2021-08-14T00:00:00.000,AAR
891879,2021-08-14T00:00:00.000,BT
811826,2021-08-14T00:00:00.000,Bus
75664,2021-08-14T00:00:00.000,LIRR
57650,2021-08-14T00:00:00.000,MNR
,2021-08-14T00:00:00.000,SIR
1718222,2021-08-14T00:00:00.000,Subway
12395,2021-08-15T00:00:00.000,AAR
904970,2021-08-15T00:00:00.000,BT
661705,2021-08-15T00:00:00.000,Bus
72983,2021-08-15T00:00:00.000,LIRR
54362,2021-08-15T00:00:00.000,MNR
,2021-08-15T00:00:00.000,SIR
1430620,2021-08-15T00:00:00.000,Subway
20087,2021-08-16T00:00:00.000,AAR
979490,2021-08-16T00:00:00.000,BT
1170216,2021-08-16T00:00:00.000,Bus
123942,2021-08-16T00:00:00.000,LIRR
100258,2021-08-16T00:00:00.000,MNR
4769,2021-08-16T00:00:00.000,SIR
2287627,2021-08-16T00:00:00.000,Subway
22245,2021-08-17T00:00:00.000,AAR
911065,2021-08-17T00:00:00.000,BT
1209633,2021-08-17T00:00:00.000,Bus
120737,2021-08-17T00:00:00.000,LIRR
103616,2021-08-17T00:00:00.000,MNR
5081,2021-08-17T00:00:00.000,SIR
2427611,2021-08-17T00:00:00.000,Subway
22715,2021-08-18T00:00:00.000,AAR
916587,2021-08-18T00:00:00.000,BT
1210760,2021-08-18T00:00:00.000,Bus
117216,2021-08-18T00:00:00.000,LIRR
97853,2021-08-18T00:00:00.000,MNR
4878,2021-08-18T00:00:00.000,SIR
2445638,2021-08-18T00:00:00.000,Subway
21838,2021-08-19T00:00:00.000,AAR
930936,2021-08-19T00:00:00.000,BT
1194375,2021-08-19T00:00:00.000,Bus
117409,2021-08-19T00:00:00.000,LIRR
93036,2021-08-19T00:00:00.000,MNR
4871,2021-08-19T00:00:00.000,SIR
2439624,2021-08-19T00:00:00.000,Subway
21451,2021-08-20T00:00:00.000,AAR
961994,2021-08-20T00:00:00.000,BT
1183308,2021-08-20T00:00:00.000,Bus
124627,2021-08-20T00:00:00.000,LIRR
99533,2021-08-20T00:00:00.000,MNR
4590,2021-08-20T00:00:00.000,SIR
2456334,2021-08-20T00:00:00.000,Subway
13046,2021-08-21T00:00:00.000,AAR
909192,2021-08-21T00:00:00.000,BT
822340,2021-08-21T00:00:00.000,Bus
72843,2021-08-21T00:00:00.000,LIRR
61997,2021-08-21T00:00:00.000,MNR
1409,2021-08-21T00:00:00.000,SIR
1715030,2021-08-21T00:00:00.000,Subway
7979,2021-08-22T00:00:00.000,AAR
594954,2021-08-22T00:00:00.000,BT
369246,2021-08-22T00:00:00.000,Bus
27528,2021-08-22T00:00:00.000,LIRR
16121,2021-08-22T00:00:00.000,MNR
560,2021-08-22T00:00:00.000,SIR
745240,2021-08-22T00:00:00.000,Subway
18809,2021-08-23T00:00:00.000,AAR
792313,2021-08-23T00:00:00.000,BT
1032792,2021-08-23T00:00:00.000,Bus
110003,2021-08-23T00:00:00.000,LIRR
84223,2021-08-23T00:00:00.000,MNR
4062,2021-08-23T00:00:00.000,SIR
2052669,2021-08-23T00:00:00.000,Subway
22679,2021-08-24T00:00:00.000,AAR
924735,2021-08-24T00:00:00.000,BT
1234884,2021-08-24T00:00:00.000,Bus
130591,2021-08-24T00:00:00.000,LIRR
98325,2021-08-24T00:00:00.000,MNR
5041,2021-08-24T00:00:00.000,SIR
2462365,2021-08-24T00:00:00.000,Subway
23351,2021-08-25T00:00:00.000,AAR
956599,2021-08-25T00:00:00.000,BT
1236342,2021-08-25T00:00:00.000,Bus
127392,2021-08-25T00:00:00.000,LIRR
93307,2021-08-25T00:00:00.000,MNR
5165,2021-08-25T00:00:00.000,SIR
2498255,2021-08-25T00:00:00.000,Subway
22068,2021-08-26T00:00:00.000,AAR
964274,2021-08-26T00:00:00.000,BT
1222996,2021-08-26T00:00:00.000,Bus
122067,2021-08-26T00:00:00.000,LIRR
91039,2021-08-26T00:00:00.000,MNR
4995,2021-08-26T00:00:00.000,SIR
2480137,2021-08-26T00:00:00.000,Subway
21211,2021-08-27T00:00:00.000,AAR
975655,2021-08-27T00:00:00.000,BT
1147249,2021-08-27T00:00:00.000,Bus
119665,2021-08-27T00:00:00.000,LIRR
90532,2021-08-27T00:00:00.000,MNR
4392,2021-08-27T00:00:00.000,SIR
2388210,2021-08-27T00:00:00.000,Subway
12760,2021-08-28T00:00:00.000,AAR
875775,2021-08-28T00:00:00.000,BT
776489,2021-08-28T00:00:00.000,Bus
68988,2021-08-28T00:00:00.000,LIRR
56208,2021-08-28T00:00:00.000,MNR
1661,2021-08-28T00:00:00.000,SIR
1659434,2021-08-28T00:00:00.000,Subway
11558,2021-08-29T00:00:00.000,AAR
879589,2021-08-29T00:00:00.000,BT
630281,2021-08-29T00:00:00.000,Bus
68832,2021-08-29T00:00:00.000,LIRR
54068,2021-08-29T00:00:00.000,MNR
2076,2021-08-29T00:00:00.000,SIR
1398566,2021-08-29T00:00:00.000,Subway
19224,2021-08-30T00:00:00.000,AAR
967471,2021-08-30T00:00:00.000,BT
1182908,2021-08-30T00:00:00.000,Bus
131574,2021-08-30T00:00:00.000,LIRR
97092,2021-08-30T00:00:00.000,MNR
4695,2021-08-30T00:00:00.000,SIR
2321000,2021-08-30T00:00:00.000,Subway
22724,2021-08-31T00:00:00.000,AAR
930307,2021-08-31T00:00:00.000,BT
1246463,2021-08-31T00:00:00.000,Bus
133641,2021-08-31T00:00:00.000,LIRR
99949,2021-08-31T00:00:00.000,MNR
5390,2021-08-31T00:00:00.000,SIR
2532584,2021-08-31T00:00:00.000,Subway
20878,2021-09-01T00:00:00.000,AAR
868865,2021-09-01T00:00:00.000,BT
1086148,2021-09-01T00:00:00.000,Bus
118437,2021-09-01T00:00:00.000,LIRR
90598,2021-09-01T00:00:00.000,MNR
4551,2021-09-01T00:00:00.000,SIR
2294448,2021-09-01T00:00:00.000,Subway
21179,2021-09-02T00:00:00.000,AAR
783635,2021-09-02T00:00:00.000,BT
1188941,2021-09-02T00:00:00.000,Bus
105647,2021-09-02T00:00:00.000,LIRR
37898,2021-09-02T00:00:00.000,MNR
2620,2021-09-02T00:00:00.000,SIR
1661558,2021-09-02T00:00:00.000,Subway
22585,2021-09-03T00:00:00.000,AAR
997662,2021-09-03T00:00:00.000,BT
1221668,2021-09-03T00:00:00.000,Bus
139807,2021-09-03T00:00:00.000,LIRR
97937,2021-09-03T00:00:00.000,MNR
4450,2021-09-03T00:00:00.000,SIR
2390392,2021-09-03T00:00:00.000,Subway
13382,2021-09-04T00:00:00.000,AAR
926076,2021-09-04T00:00:00.000,BT
834456,2021-09-04T00:00:00.000,Bus
84764,2021-09-04T00:00:00.000,LIRR
57137,2021-09-04T00:00:00.000,MNR
2104,2021-09-04T00:00:00.000,SIR
1777639,2021-09-04T00:00:00.000,Subway
11931,2021-09-05T00:00:00.000,AAR
859650,2021-09-05T00:00:00.000,BT
618622,2021-09-05T00:00:00.000,Bus
71004,2021-09-05T00:00:00.000,LIRR
45169,2021-09-05T00:00:00.000,MNR
1541,2021-09-05T00:00:00.000,SIR
1415352,2021-09-05T00:00:00.000,Subway
10077,2021-09-06T00:00:00.000,AAR
808479,2021-09-06T00:00:00.000,BT
733947,2021-09-06T00:00:00.000,Bus
77906,2021-09-06T00:00:00.000,LIRR
51338,2021-09-06T00:00:00.000,MNR
1966,2021-09-06T00:00:00.000,SIR
1521388,2021-09-06T00:00:00.000,Subway
21143,2021-09-07T00:00:00.000,AAR
927168,2021-09-07T00:00:00.000,BT
1102372,2021-09-07T00:00:00.000,Bus
137623,2021-09-07T00:00:00.000,LIRR
113742,2021-09-07T00:00:00.000,MNR
4795,2021-09-07T00:00:00.000,SIR
2233674,2021-09-07T00:00:00.000,Subway
22354,2021-09-08T00:00:00.000,AAR
901742,2021-09-08T00:00:00.000,BT
1192895,2021-09-08T00:00:00.000,Bus
135722,2021-09-08T00:00:00.000,LIRR
110925,2021-09-08T00:00:00.000,MNR
5228,2021-09-08T00:00:00.000,SIR
2529619,2021-09-08T00:00:00.000,Subway
23653,2021-09-09T00:00:00.000,AAR
918050,2021-09-09T00:00:00.000,BT
1249341,2021-09-09T00:00:00.000,Bus
139547,2021-09-09T00:00:00.000,LIRR
111708,2021-09-09T00:00:00.000,MNR
5378,2021-09-09T00:00:00.000,SIR
2702713,2021-09-09T00:00:00.000,Subway
23037,2021-09-10T00:00:00.000,AAR
960770,2021-09-10T00:00:00.000,BT
1322430,2021-09-10T00:00:00.000,Bus
150895,2021-09-10T00:00:00.000,LIRR
113495,2021-09-10T00:00:00.000,MNR
5377,2021-09-10T00:00:00.000,SIR
2840443,2021-09-10T00:00:00.000,Subway
13070,2021-09-11T00:00:00.000,AAR
902748,2021-09-11T00:00:00.000,BT
870791,2021-09-11T00:00:00.000,Bus
82235,2021-09-11T00:00:00.000,LIRR
65329,2021-09-11T00:00:00.000,MNR
2182,2021-09-11T00:00:00.000,SIR
1983091,2021-09-11T00:00:00.000,Subway
12239,2021-09-12T00:00:00.000,AAR
915001,2021-09-12T00:00:00.000,BT
694561,2021-09-12T00:00:00.000,Bus
77028,2021-09-12T00:00:00.000,LIRR
58979,2021-09-12T00:00:00.000,MNR
1679,2021-09-12T00:00:00.000,SIR
1589976,2021-09-12T00:00:00.000,Subway
21898,2021-09-13T00:00:00.000,AAR
969630,2021-09-13T00:00:00.000,BT
1441516,2021-09-13T00:00:00.000,Bus
147829,2021-09-13T00:00:00.000,LIRR
122504,2021-09-13T00:00:00.000,MNR
6133,2021-09-13T00:00:00.000,SIR
2852796,2021-09-13T00:00:00.000,Subway
23132,2021-09-14T00:00:00.000,AAR
906678,2021-09-14T00:00:00.000,BT
1511145,2021-09-14T00:00:00.000,Bus
144904,2021-09-14T00:00:00.000,LIRR
120532,2021-09-14T00:00:00.000,MNR
6672,2021-09-14T00:00:00.000,SIR
3011275,2021-09-14T00:00:00.000,Subway
23966,2021-09-15T00:00:00.000,AAR
910866,2021-09-15T00:00:00.000,BT
1503627,2021-09-15T00:00:00.000,Bus
139927,2021-09-15T00:00:00.000,LIRR
116413,2021-09-15T00:00:00.000,MNR
6410,2021-09-15T00:00:00.000,SIR
2987334,2021-09-15T00:00:00.000,Subway
20826,2021-09-16T00:00:00.000,AAR
856373,2021-09-16T00:00:00.000,BT
1210069,2021-09-16T00:00:00.000,Bus
127995,2021-09-16T00:00:00.000,LIRR
107680,2021-09-16T00:00:00.000,MNR
5308,2021-09-16T00:00:00.000,SIR
2534545,2021-09-16T00:00:00.000,Subway
23282,2021-09-17T00:00:00.000,AAR
956169,2021-09-17T00:00:00.000,BT
1456201,2021-09-17T00:00:00.000,Bus
142120,2021-09-17T00:00:00.000,LIRR
119349,2021-09-17T00:00:00.000,MNR
6131,2021-09-17T00:00:00.000,SIR
3028545,2021-09-17T00:00:00.000,Subway
14054,2021-09-18T00:00:00.000,AAR
925463,2021-09-18T00:00:00.000,BT
871175,2021-09-18T00:00:00.000,Bus
77267,2021-09-18T00:00:00.000,LIRR
76288,2021-09-18T00:00:00.000,MNR
2582,2021-09-18T00:00:00.000,SIR
2014848,2021-09-18T00:00:00.000,Subway
12612,2021-09-19T00:00:00.000,AAR
922962,2021-09-19T00:00:00.000,BT
674024,2021-09-19T00:00:00.000,Bus
69397,2021-09-19T00:00:00.000,LIRR
64139,2021-09-19T00:00:00.000,MNR
1897,2021-09-19T00:00:00.000,SIR
1596823,2021-09-19T00:00:00.000,Subway
21889,2021-09-20T00:00:00.000,AAR
968033,2021-09-20T00:00:00.000,BT
1481676,2021-09-20T00:00:00.000,Bus
148068,2021-09-20T00:00:00.000,LIRR
122101,2021-09-20T00:00:00.000,MNR
6548,2021-09-20T00:00:00.000,SIR
2883211,2021-09-20T00:00:00.000,Subway
22399,2021-09-21T00:00:00.000,AAR
859814,2021-09-21T00:00:00.000,BT
1505803,2021-09-21T00:00:00.000,Bus
142672,2021-09-21T00:00:00.000,LIRR
123923,2021-09-21T00:00:00.000,MNR
6998,2021-09-21T00:00:00.000,SIR
3018312,2021-09-21T00:00:00.000,Subway
23157,2021-09-22T00:00:00.000,AAR
867244,2021-09-22T00:00:00.000,BT
1506211,2021-09-22T00:00:00.000,Bus
139853,2021-09-22T00:00:00.000,LIRR
120056,2021-09-22T00:00:00.000,MNR
6812,2021-09-22T00:00:00.000,SIR
3021113,2021-09-22T00:00:00.000,Subway
23031,2021-09-23T00:00:00.000,AAR
919419,2021-09-23T00:00:00.000,BT
1483075,2021-09-23T00:00:00.000,Bus
140127,2021-09-23T00:00:00.000,LIRR
115473,2021-09-23T00:00:00.000,MNR
6724,2021-09-23T00:00:00.000,SIR
3016106,2021-09-23T00:00:00.000,Subway
21941,2021-09-24T00:00:00.000,AAR
950654,2021-09-24T00:00:00.000,BT
1469705,2021-09-24T00:00:00.000,Bus
142827,2021-09-24T00:00:00.000,LIRR
116730,2021-09-24T00:00:00.000,MNR
6294,2021-09-24T00:00:00.000,SIR
3121747,2021-09-24T00:00:00.000,Subway
13909,2021-09-25T00:00:00.000,AAR
930964,2021-09-25T00:00:00.000,BT
872490,2021-09-25T00:00:00.000,Bus
88460,2021-09-25T00:00:00.000,LIRR
81282,2021-09-25T00:00:00.000,MNR
2719,2021-09-25T00:00:00.000,SIR
2129492,2021-09-25T00:00:00.000,Subway
12034,2021-09-26T00:00:00.000,AAR
902074,2021-09-26T00:00:00.000,BT
657257,2021-09-26T00:00:00.000,Bus
80069,2021-09-26T00:00:00.000,LIRR
64937,2021-09-26T00:00:00.000,MNR
2238,2021-09-26T00:00:00.000,SIR
1614677,2021-09-26T00:00:00.000,Subway
21209,2021-09-27T00:00:00.000,AAR
955252,2021-09-27T00:00:00.000,BT
1489441,2021-09-27T00:00:00.000,Bus
146154,2021-09-27T00:00:00.000,LIRR
121534,2021-09-27T00:00:00.000,MNR
6715,2021-09-27T00:00:00.000,SIR
2873368,2021-09-27T00:00:00.000,Subway
21727,2021-09-28T00:00:00.000,AAR
835727,2021-09-28T00:00:00.000,BT
1457421,2021-09-28T00:00:00.000,Bus
141188,2021-09-28T00:00:00.000,LIRR
118253,2021-09-28T00:00:00.000,MNR
6827,2021-09-28T00:00:00.000,SIR
2927715,2021-09-28T00:00:00.000,Subway
23323,2021-09-29T00:00:00.000,AAR
865530,2021-09-29T00:00:00.000,BT
1513184,2021-09-29T00:00:00.000,Bus
137483,2021-09-29T00:00:00.000,LIRR
120032,2021-09-29T00:00:00.000,MNR
6789,2021-09-29T00:00:00.000,SIR
3063720,2021-09-29T00:00:00.000,Subway
23555,2021-09-30T00:00:00.000,AAR
946957,2021-09-30T00:00:00.000,BT
1516081,2021-09-30T00:00:00.000,Bus
144838,2021-09-30T00:00:00.000,LIRR
121842,2021-09-30T00:00:00.000,MNR
7104,2021-09-30T00:00:00.000,SIR
3146861,2021-09-30T00:00:00.000,Subway
23098,2021-10-01T00:00:00.000,AAR
971797,2021-10-01T00:00:00.000,BT
1492942,2021-10-01T00:00:00.000,Bus
140003,2021-10-01T00:00:00.000,LIRR
116182,2021-10-01T00:00:00.000,MNR
6325,2021-10-01T00:00:00.000,SIR
3162881,2021-10-01T00:00:00.000,Subway
14145,2021-10-02T00:00:00.000,AAR
906902,2021-10-02T00:00:00.000,BT
883902,2021-10-02T00:00:00.000,Bus
86563,2021-10-02T00:00:00.000,LIRR
80946,2021-10-02T00:00:00.000,MNR
2562,2021-10-02T00:00:00.000,SIR
2063660,2021-10-02T00:00:00.000,Subway
12936,2021-10-03T00:00:00.000,AAR
901761,2021-10-03T00:00:00.000,BT
673253,2021-10-03T00:00:00.000,Bus
74851,2021-10-03T00:00:00.000,LIRR
66758,2021-10-03T00:00:00.000,MNR
1904,2021-10-03T00:00:00.000,SIR
1575738,2021-10-03T00:00:00.000,Subway
21794,2021-10-04T00:00:00.000,AAR
931800,2021-10-04T00:00:00.000,BT
1419155,2021-10-04T00:00:00.000,Bus
152598,2021-10-04T00:00:00.000,LIRR
121256,2021-10-04T00:00:00.000,MNR
6591,2021-10-04T00:00:00.000,SIR
2864349,2021-10-04T00:00:00.000,Subway
23644,2021-10-05T00:00:00.000,AAR
883065,2021-10-05T00:00:00.000,BT
1499767,2021-10-05T00:00:00.000,Bus
150226,2021-10-05T00:00:00.000,LIRR
124670,2021-10-05T00:00:00.000,MNR
7027,2021-10-05T00:00:00.000,SIR
3091160,2021-10-05T00:00:00.000,Subway
24677,2021-10-06T00:00:00.000,AAR
908517,2021-10-06T00:00:00.000,BT
1532668,2021-10-06T00:00:00.000,Bus
149640,2021-10-06T00:00:00.000,LIRR
123097,2021-10-06T00:00:00.000,MNR
6972,2021-10-06T00:00:00.000,SIR
3140986,2021-10-06T00:00:00.000,Subway
24571,2021-10-07T00:00:00.000,AAR
937405,2021-10-07T00:00:00.000,BT
1523168,2021-10-07T00:00:00.000,Bus
150072,2021-10-07T00:00:00.000,LIRR
121407,2021-10-07T00:00:00.000,MNR
7298,2021-10-07T00:00:00.000,SIR
3190747,2021-10-07T00:00:00.000,Subway
23356,2021-10-08T00:00:00.000,AAR
980198,2021-10-08T00:00:00.000,BT
1473912,2021-10-08T00:00:00.000,Bus
153755,2021-10-08T00:00:00.000,LIRR
123609,2021-10-08T00:00:00.000,MNR
6660,2021-10-08T00:00:00.000,SIR
3168473,2021-10-08T00:00:00.000,Subway
13634,2021-10-09T00:00:00.000,AAR
919108,2021-10-09T00:00:00.000,BT
856308,2021-10-09T00:00:00.000,Bus
84631,2021-10-09T00:00:00.000,LIRR
81969,2021-10-09T00:00:00.000,MNR
47,2021-10-09T00:00:00.000,SIR
2052699,2021-10-09T00:00:00.000,Subway
11794,2021-10-10T00:00:00.000,AAR
834085,2021-10-10T00:00:00.000,BT
601821,2021-10-10T00:00:00.000,Bus
65636,2021-10-10T00:00:00.000,LIRR
59049,2021-10-10T00:00:00.000,MNR
166,2021-10-10T00:00:00.000,SIR
1499385,2021-10-10T00:00:00.000,Subway
16917,2021-10-11T00:00:00.000,AAR
890158,2021-10-11T00:00:00.000,BT
1045865,2021-10-11T00:00:00.000,Bus
131714,2021-10-11T00:00:00.000,LIRR
114458,2021-10-11T00:00:00.000,MNR
3883,2021-10-11T00:00:00.000,SIR
2263615,2021-10-11T00:00:00.000,Subway
23848,2021-10-12T00:00:00.000,AAR
927703,2021-10-12T00:00:00.000,BT
1514608,2021-10-12T00:00:00.000,Bus
154602,2021-10-12T00:00:00.000,LIRR
128194,2021-10-12T00:00:00.000,MNR
7292,2021-10-12T00:00:00.000,SIR
3102879,2021-10-12T00:00:00.000,Subway
24396,2021-10-13T00:00:00.000,AAR
908155,2021-10-13T00:00:00.000,BT
1511356,2021-10-13T00:00:00.000,Bus
151319,2021-10-13T00:00:00.000,LIRR
124790,2021-10-13T00:00:00.000,MNR
7198,2021-10-13T00:00:00.000,SIR
3157457,2021-10-13T00:00:00.000,Subway
24144,2021-10-14T00:00:00.000,AAR
940493,2021-10-14T00:00:00.000,BT
1527543,2021-10-14T00:00:00.000,Bus
154572,2021-10-14T00:00:00.000,LIRR
126815,2021-10-14T00:00:00.000,MNR
7386,2021-10-14T00:00:00.000,SIR
3240686,2021-10-14T00:00:00.000,Subway
23251,2021-10-15T00:00:00.000,AAR
977179,2021-10-15T00:00:00.000,BT
1491099,2021-10-15T00:00:00.000,Bus
150932,2021-10-15T00:00:00.000,LIRR
124654,2021-10-15T00:00:00.000,MNR
6786,2021-10-15T00:00:00.000,SIR
3227068,2021-10-15T00:00:00.000,Subway
13307,2021-10-16T00:00:00.000,AAR
895742,2021-10-16T00:00:00.000,BT
856990,2021-10-16T00:00:00.000,Bus
83415,2021-10-16T00:00:00.000,LIRR
74913,2021-10-16T00:00:00.000,MNR
2369,2021-10-16T00:00:00.000,SIR
2042027,2021-10-16T00:00:00.000,Subway
12564,2021-10-17T00:00:00.000,AAR
881711,2021-10-17T00:00:00.000,BT
663944,2021-10-17T00:00:00.000,Bus
74826,2021-10-17T00:00:00.000,LIRR
69729,2021-10-17T00:00:00.000,MNR
1853,2021-10-17T00:00:00.000,SIR
1629991,2021-10-17T00:00:00.000,Subway
21454,2021-10-18T00:00:00.000,AAR
953968,2021-10-18T00:00:00.000,BT
1461843,2021-10-18T00:00:00.000,Bus
153681,2021-10-18T00:00:00.000,LIRR
127381,2021-10-18T00:00:00.000,MNR
6810,2021-10-18T00:00:00.000,SIR
2982883,2021-10-18T00:00:00.000,Subway
23403,2021-10-19T00:00:00.000,AAR
894690,2021-10-19T00:00:00.000,BT
1510722,2021-10-19T00:00:00.000,Bus
153382,2021-10-19T00:00:00.000,LIRR
129993,2021-10-19T00:00:00.000,MNR
7250,2021-10-19T00:00:00.000,SIR
3178208,2021-10-19T00:00:00.000,Subway
24474,2021-10-20T00:00:00.000,AAR
911641,2021-10-20T00:00:00.000,BT
1525608,2021-10-20T00:00:00.000,Bus
155242,2021-10-20T00:00:00.000,LIRR
131127,2021-10-20T00:00:00.000,MNR
7148,2021-10-20T00:00:00.000,SIR
3234327,2021-10-20T00:00:00.000,Subway
24007,2021-10-21T00:00:00.000,AAR
942278,2021-10-21T00:00:00.000,BT
1476434,2021-10-21T00:00:00.000,Bus
149850,2021-10-21T00:00:00.000,LIRR
127259,2021-10-21T00:00:00.000,MNR
7498,2021-10-21T00:00:00.000,SIR
3267697,2021-10-21T00:00:00.000,Subway
22843,2021-10-22T00:00:00.000,AAR
974051,2021-10-22T00:00:00.000,BT
1471199,2021-10-22T00:00:00.000,Bus
145810,2021-10-22T00:00:00.000,LIRR
126554,2021-10-22T00:00:00.000,MNR
6297,2021-10-22T00:00:00.000,SIR
3225816,2021-10-22T00:00:00.000,Subway
13556,2021-10-23T00:00:00.000,AAR
898381,2021-10-23T00:00:00.000,BT
847596,2021-10-23T00:00:00.000,Bus
74720,2021-10-23T00:00:00.000,LIRR
82865,2021-10-23T00:00:00.000,MNR
2243,2021-10-23T00:00:00.000,SIR
2077488,2021-10-23T00:00:00.000,Subway
12314,2021-10-24T00:00:00.000,AAR
894019,2021-10-24T00:00:00.000,BT
659283,2021-10-24T00:00:00.000,Bus
69611,2021-10-24T00:00:00.000,LIRR
68154,2021-10-24T00:00:00.000,MNR
1908,2021-10-24T00:00:00.000,SIR
1599927,2021-10-24T00:00:00.000,Subway
21724,2021-10-25T00:00:00.000,AAR
942309,2021-10-25T00:00:00.000,BT
1461023,2021-10-25T00:00:00.000,Bus
158330,2021-10-25T00:00:00.000,LIRR
125755,2021-10-25T00:00:00.000,MNR
7026,2021-10-25T00:00:00.000,SIR
2994936,2021-10-25T00:00:00.000,Subway
21220,2021-10-26T00:00:00.000,AAR
753257,2021-10-26T00:00:00.000,BT
1233660,2021-10-26T00:00:00.000,Bus
130109,2021-10-26T00:00:00.000,LIRR
104517,2021-10-26T00:00:00.000,MNR
5278,2021-10-26T00:00:00.000,SIR
2702635,2021-10-26T00:00:00.000,Subway
24144,2021-10-27T00:00:00.000,AAR
885381,2021-10-27T00:00:00.000,BT
1503535,2021-10-27T00:00:00.000,Bus
155865,2021-10-27T00:00:00.000,LIRR
129881,2021-10-27T00:00:00.000,MNR
7054,2021-10-27T00:00:00.000,SIR
3300580,2021-10-27T00:00:00.000,Subway
24814,2021-10-28T00:00:00.000,AAR
948927,2021-10-28T00:00:00.000,BT
1515489,2021-10-28T00:00:00.000,Bus
159574,2021-10-28T00:00:00.000,LIRR
132170,2021-10-28T00:00:00.000,MNR
7605,2021-10-28T00:00:00.000,SIR
3365971,2021-10-28T00:00:00.000,Subway
22477,2021-10-29T00:00:00.000,AAR
963339,2021-10-29T00:00:00.000,BT
1426938,2021-10-29T00:00:00.000,Bus
153317,2021-10-29T00:00:00.000,LIRR
122632,2021-10-29T00:00:00.000,MNR
6597,2021-10-29T00:00:00.000,SIR
3251779,2021-10-29T00:00:00.000,Subway
12642,2021-10-30T00:00:00.000,AAR
838311,2021-10-30T00:00:00.000,BT
819620,2021-10-30T00:00:00.000,Bus
76471,2021-10-30T00:00:00.000,LIRR
69281,2021-10-30T00:00:00.000,MNR
2177,2021-10-30T00:00:00.000,SIR
2044310,2021-10-30T00:00:00.000,Subway
12233,2021-10-31T00:00:00.000,AAR
848080,2021-10-31T00:00:00.000,BT
656203,2021-10-31T00:00:00.000,Bus
68674,2021-10-31T00:00:00.000,LIRR
66300,2021-10-31T00:00:00.000,MNR
1910,2021-10-31T00:00:00.000,SIR
1746769,2021-10-31T00:00:00.000,Subway
21387,2021-11-01T00:00:00.000,AAR
930007,2021-11-01T00:00:00.000,BT
1448304,2021-11-01T00:00:00.000,Bus
158356,2021-11-01T00:00:00.000,LIRR
131251,2021-11-01T00:00:00.000,MNR
6783,2021-11-01T00:00:00.000,SIR
3034306,2021-11-01T00:00:00.000,Subway
22016,2021-11-02T00:00:00.000,AAR
857588,2021-11-02T00:00:00.000,BT
1258180,2021-11-02T00:00:00.000,Bus
147832,2021-11-02T00:00:00.000,LIRR
129297,2021-11-02T00:00:00.000,MNR
5679,2021-11-02T00:00:00.000,SIR
2848222,2021-11-02T00:00:00.000,Subway
23349,2021-11-03T00:00:00.000,AAR
895445,2021-11-03T00:00:00.000,BT
1507287,2021-11-03T00:00:00.000,Bus
154203,2021-11-03T00:00:00.000,LIRR
130954,2021-11-03T00:00:00.000,MNR
7371,2021-11-03T00:00:00.000,SIR
3293732,2021-11-03T00:00:00.000,Subway
24009,2021-11-04T00:00:00.000,AAR
926558,2021-11-04T00:00:00.000,BT
1486942,2021-11-04T00:00:00.000,Bus
151353,2021-11-04T00:00:00.000,LIRR
126533,2021-11-04T00:00:00.000,MNR
7210,2021-11-04T00:00:00.000,SIR
3284315,2021-11-04T00:00:00.000,Subway
23009,2021-11-05T00:00:00.000,AAR
948572,2021-11-05T00:00:00.000,BT
1457014,2021-11-05T00:00:00.000,Bus
150227,2021-11-05T00:00:00.000,LIRR
121824,2021-11-05T00:00:00.000,MNR
6769,2021-11-05T00:00:00.000,SIR
3293438,2021-11-05T00:00:00.000,Subway
13672,2021-11-06T00:00:00.000,AAR
886770,2021-11-06T00:00:00.000,BT
864499,2021-11-06T00:00:00.000,Bus
84943,2021-11-06T00:00:00.000,LIRR
80784,2021-11-06T00:00:00.000,MNR
2410,2021-11-06T00:00:00.000,SIR
2195864,2021-11-06T00:00:00.000,Subway
10647,2021-11-07T00:00:00.000,AAR
766396,2021-11-07T00:00:00.000,BT
614513,2021-11-07T00:00:00.000,Bus
81181,2021-11-07T00:00:00.000,LIRR
72175,2021-11-07T00:00:00.000,MNR
2978,2021-11-07T00:00:00.000,SIR
1888985,2021-11-07T00:00:00.000,Subway
22136,2021-11-08T00:00:00.000,AAR
929916,2021-11-08T00:00:00.000,BT
1461178,2021-11-08T00:00:00.000,Bus
159723,2021-11-08T00:00:00.000,LIRR
131127,2021-11-08T00:00:00.000,MNR
6921,2021-11-08T00:00:00.000,SIR
3065533,2021-11-08T00:00:00.000,Subway
24504,2021-11-09T00:00:00.000,AAR
894165,2021-11-09T00:00:00.000,BT
1518264,2021-11-09T00:00:00.000,Bus
157181,2021-11-09T00:00:00.000,LIRR
134070,2021-11-09T00:00:00.000,MNR
7677,2021-11-09T00:00:00.000,SIR
3279457,2021-11-09T00:00:00.000,Subway
24608,2021-11-10T00:00:00.000,AAR
910763,2021-11-10T00:00:00.000,BT
1514453,2021-11-10T00:00:00.000,Bus
159254,2021-11-10T00:00:00.000,LIRR
134400,2021-11-10T00:00:00.000,MNR
7445,2021-11-10T00:00:00.000,SIR
3351992,2021-11-10T00:00:00.000,Subway
19846,2021-11-11T00:00:00.000,AAR
903015,2021-11-11T00:00:00.000,BT
1198235,2021-11-11T00:00:00.000,Bus
143386,2021-11-11T00:00:00.000,LIRR
122940,2021-11-11T00:00:00.000,MNR
5493,2021-11-11T00:00:00.000,SIR
2922235,2021-11-11T00:00:00.000,Subway
21598,2021-11-12T00:00:00.000,AAR
913561,2021-11-12T00:00:00.000,BT
1350608,2021-11-12T00:00:00.000,Bus
141671,2021-11-12T00:00:00.000,LIRR
117650,2021-11-12T00:00:00.000,MNR
6082,2021-11-12T00:00:00.000,SIR
3158682,2021-11-12T00:00:00.000,Subway
13124,2021-11-13T00:00:00.000,AAR
847073,2021-11-13T00:00:00.000,BT
815114,2021-11-13T00:00:00.000,Bus
80829,2021-11-13T00:00:00.000,LIRR
74296,2021-11-13T00:00:00.000,MNR
2286,2021-11-13T00:00:00.000,SIR
2169863,2021-11-13T00:00:00.000,Subway
12460,2021-11-14T00:00:00.000,AAR
870483,2021-11-14T00:00:00.000,BT
657129,2021-11-14T00:00:00.000,Bus
72488,2021-11-14T00:00:00.000,LIRR
62856,2021-11-14T00:00:00.000,MNR
1772,2021-11-14T00:00:00.000,SIR
1703136,2021-11-14T00:00:00.000,Subway
22208,2021-11-15T00:00:00.000,AAR
938961,2021-11-15T00:00:00.000,BT
1437414,2021-11-15T00:00:00.000,Bus
160952,2021-11-15T00:00:00.000,LIRR
132234,2021-11-15T00:00:00.000,MNR
6792,2021-11-15T00:00:00.000,SIR
3110969,2021-11-15T00:00:00.000,Subway
23694,2021-11-16T00:00:00.000,AAR
893721,2021-11-16T00:00:00.000,BT
1492110,2021-11-16T00:00:00.000,Bus
161362,2021-11-16T00:00:00.000,LIRR
137235,2021-11-16T00:00:00.000,MNR
7472,2021-11-16T00:00:00.000,SIR
3340844,2021-11-16T00:00:00.000,Subway
24396,2021-11-17T00:00:00.000,AAR
912456,2021-11-17T00:00:00.000,BT
1501740,2021-11-17T00:00:00.000,Bus
158372,2021-11-17T00:00:00.000,LIRR
131113,2021-11-17T00:00:00.000,MNR
7453,2021-11-17T00:00:00.000,SIR
3369069,2021-11-17T00:00:00.000,Subway
24071,2021-11-18T00:00:00.000,AAR
941999,2021-11-18T00:00:00.000,BT
1505488,2021-11-18T00:00:00.000,Bus
157433,2021-11-18T00:00:00.000,LIRR
132632,2021-11-18T00:00:00.000,MNR
7511,2021-11-18T00:00:00.000,SIR
3412249,2021-11-18T00:00:00.000,Subway
22662,2021-11-19T00:00:00.000,AAR
973446,2021-11-19T00:00:00.000,BT
1429787,2021-11-19T00:00:00.000,Bus
151795,2021-11-19T00:00:00.000,LIRR
127093,2021-11-19T00:00:00.000,MNR
6842,2021-11-19T00:00:00.000,SIR
3316999,2021-11-19T00:00:00.000,Subway
13195,2021-11-20T00:00:00.000,AAR
902428,2021-11-20T00:00:00.000,BT
861772,2021-11-20T00:00:00.000,Bus
94412,2021-11-20T00:00:00.000,LIRR
82894,2021-11-20T00:00:00.000,MNR
2367,2021-11-20T00:00:00.000,SIR
2135731,2021-11-20T00:00:00.000,Subway
12774,2021-11-21T00:00:00.000,AAR
878015,2021-11-21T00:00:00.000,BT
674551,2021-11-21T00:00:00.000,Bus
80467,2021-11-21T00:00:00.000,LIRR
66859,2021-11-21T00:00:00.000,MNR
1827,2021-11-21T00:00:00.000,SIR
1674206,2021-11-21T00:00:00.000,Subway
21441,2021-11-22T00:00:00.000,AAR
931711,2021-11-22T00:00:00.000,BT
1418226,2021-11-22T00:00:00.000,Bus
156874,2021-11-22T00:00:00.000,LIRR
127776,2021-11-22T00:00:00.000,MNR
6896,2021-11-22T00:00:00.000,SIR
3130363,2021-11-22T00:00:00.000,Subway
22574,2021-11-23T00:00:00.000,AAR
936443,2021-11-23T00:00:00.000,BT
1424890,2021-11-23T00:00:00.000,Bus
162241,2021-11-23T00:00:00.000,LIRR
136562,2021-11-23T00:00:00.000,MNR
7194,2021-11-23T00:00:00.000,SIR
3286591,2021-11-23T00:00:00.000,Subway
21002,2021-11-24T00:00:00.000,AAR
1005773,2021-11-24T00:00:00.000,BT
1343391,2021-11-24T00:00:00.000,Bus
165349,2021-11-24T00:00:00.000,LIRR
139391,2021-11-24T00:00:00.000,MNR
6589,2021-11-24T00:00:00.000,SIR
3085289,2021-11-24T00:00:00.000,Subway
15459,2021-11-25T00:00:00.000,AAR
824108,2021-11-25T00:00:00.000,BT
509782,2021-11-25T00:00:00.000,Bus
125417,2021-11-25T00:00:00.000,LIRR
69945,2021-11-25T00:00:00.000,MNR
1990,2021-11-25T00:00:00.000,SIR
1357198,2021-11-25T00:00:00.000,Subway
11077,2021-11-26T00:00:00.000,AAR
878294,2021-11-26T00:00:00.000,BT
843588,2021-11-26T00:00:00.000,Bus
128452,2021-11-26T00:00:00.000,LIRR
108747,2021-11-26T00:00:00.000,MNR
3205,2021-11-26T00:00:00.000,SIR
2089772,2021-11-26T00:00:00.000,Subway
10620,2021-11-27T00:00:00.000,AAR
792960,2021-11-27T00:00:00.000,BT
750986,2021-11-27T00:00:00.000,Bus
83676,2021-11-27T00:00:00.000,LIRR
76112,2021-11-27T00:00:00.000,MNR
2216,2021-11-27T00:00:00.000,SIR
1880422,2021-11-27T00:00:00.000,Subway
10481,2021-11-28T00:00:00.000,AAR
850968,2021-11-28T00:00:00.000,BT
592081,2021-11-28T00:00:00.000,Bus
75197,2021-11-28T00:00:00.000,LIRR
65128,2021-11-28T00:00:00.000,MNR
1669,2021-11-28T00:00:00.000,SIR
1465745,2021-11-28T00:00:00.000,Subway
21124,2021-11-29T00:00:00.000,AAR
948214,2021-11-29T00:00:00.000,BT
1381661,2021-11-29T00:00:00.000,Bus
166154,2021-11-29T00:00:00.000,LIRR
132498,2021-11-29T00:00:00.000,MNR
6692,2021-11-29T00:00:00.000,SIR
2996015,2021-11-29T00:00:00.000,Subway
22469,2021-11-30T00:00:00.000,AAR
893302,2021-11-30T00:00:00.000,BT
1432539,2021-11-30T00:00:00.000,Bus
166738,2021-11-30T00:00:00.000,LIRR
136630,2021-11-30T00:00:00.000,MNR
7124,2021-11-30T00:00:00.000,SIR
3207209,2021-11-30T00:00:00.000,Subway
23347,2021-12-01T00:00:00.000,AAR
899657,2021-12-01T00:00:00.000,BT
1463384,2021-12-01T00:00:00.000,Bus
163163,2021-12-01T00:00:00.000,LIRR
136126,2021-12-01T00:00:00.000,MNR
7266,2021-12-01T00:00:00.000,SIR
3326469,2021-12-01T00:00:00.000,Subway
22540,2021-12-02T00:00:00.000,AAR
912906,2021-12-02T00:00:00.000,BT
1449142,2021-12-02T00:00:00.000,Bus
154723,2021-12-02T00:00:00.000,LIRR
127508,2021-12-02T00:00:00.000,MNR
7290,2021-12-02T00:00:00.000,SIR
3358843,2021-12-02T00:00:00.000,Subway
22518,2021-12-03T00:00:00.000,AAR
932682,2021-12-03T00:00:00.000,BT
1419078,2021-12-03T00:00:00.000,Bus
144500,2021-12-03T00:00:00.000,LIRR
119424,2021-12-03T00:00:00.000,MNR
6442,2021-12-03T00:00:00.000,SIR
3374097,2021-12-03T00:00:00.000,Subway
13317,2021-12-04T00:00:00.000,AAR
845407,2021-12-04T00:00:00.000,BT
864764,2021-12-04T00:00:00.000,Bus
91477,2021-12-04T00:00:00.000,LIRR
81392,2021-12-04T00:00:00.000,MNR
56,2021-12-04T00:00:00.000,SIR
2318147,2021-12-04T00:00:00.000,Subway
12541,2021-12-05T00:00:00.000,AAR
847465,2021-12-05T00:00:00.000,BT
665129,2021-12-05T00:00:00.000,Bus
72716,2021-12-05T00:00:00.000,LIRR
60526,2021-12-05T00:00:00.000,MNR
193,2021-12-05T00:00:00.000,SIR
1737352,2021-12-05T00:00:00.000,Subway
21761,2021-12-06T00:00:00.000,AAR
903560,2021-12-06T00:00:00.000,BT
1394230,2021-12-06T00:00:00.000,Bus
154970,2021-12-06T00:00:00.000,LIRR
127260,2021-12-06T00:00:00.000,MNR
6687,2021-12-06T00:00:00.000,SIR
3135869,2021-12-06T00:00:00.000,Subway
23262,2021-12-07T00:00:00.000,AAR
878124,2021-12-07T00:00:00.000,BT
1453136,2021-12-07T00:00:00.000,Bus
153749,2021-12-07T00:00:00.000,LIRR
131033,2021-12-07T00:00:00.000,MNR
7367,2021-12-07T00:00:00.000,SIR
3367790,2021-12-07T00:00:00.000,Subway
22691,2021-12-08T00:00:00.000,AAR
885768,2021-12-08T00:00:00.000,BT
1430106,2021-12-08T00:00:00.000,Bus
156218,2021-12-08T00:00:00.000,LIRR
130222,2021-12-08T00:00:00.000,MNR
6948,2021-12-08T00:00:00.000,SIR
3378727,2021-12-08T00:00:00.000,Subway
22743,2021-12-09T00:00:00.000,AAR
914555,2021-12-09T00:00:00.000,BT
1436883,2021-12-09T00:00:00.000,Bus
154367,2021-12-09T00:00:00.000,LIRR
126159,2021-12-09T00:00:00.000,MNR
7222,2021-12-09T00:00:00.000,SIR
3433600,2021-12-09T00:00:00.000,Subway
22237,2021-12-10T00:00:00.000,AAR
948623,2021-12-10T00:00:00.000,BT
1404176,2021-12-10T00:00:00.000,Bus
152524,2021-12-10T00:00:00.000,LIRR
127711,2021-12-10T00:00:00.000,MNR
6331,2021-12-10T00:00:00.000,SIR
3417451,2021-12-10T00:00:00.000,Subway
13396,2021-12-11T00:00:00.000,AAR
857516,2021-12-11T00:00:00.000,BT
786137,2021-12-11T00:00:00.000,Bus
91894,2021-12-11T00:00:00.000,LIRR
81068,2021-12-11T00:00:00.000,MNR
2291,2021-12-11T00:00:00.000,SIR
2266265,2021-12-11T00:00:00.000,Subway
12189,2021-12-12T00:00:00.000,AAR
848583,2021-12-12T00:00:00.000,BT
627007,2021-12-12T00:00:00.000,Bus
80874,2021-12-12T00:00:00.000,LIRR
66471,2021-12-12T00:00:00.000,MNR
1833,2021-12-12T00:00:00.000,SIR
1829872,2021-12-12T00:00:00.000,Subway
21617,2021-12-13T00:00:00.000,AAR
915082,2021-12-13T00:00:00.000,BT
1333718,2021-12-13T00:00:00.000,Bus
153387,2021-12-13T00:00:00.000,LIRR
129698,2021-12-13T00:00:00.000,MNR
6769,2021-12-13T00:00:00.000,SIR
3120850,2021-12-13T00:00:00.000,Subway
23042,2021-12-14T00:00:00.000,AAR
883531,2021-12-14T00:00:00.000,BT
1378221,2021-12-14T00:00:00.000,Bus
154939,2021-12-14T00:00:00.000,LIRR
131812,2021-12-14T00:00:00.000,MNR
7124,2021-12-14T00:00:00.000,SIR
3274170,2021-12-14T00:00:00.000,Subway
23732,2021-12-15T00:00:00.000,AAR
916200,2021-12-15T00:00:00.000,BT
1436154,2021-12-15T00:00:00.000,Bus
153128,2021-12-15T00:00:00.000,LIRR
129761,2021-12-15T00:00:00.000,MNR
6908,2021-12-15T00:00:00.000,SIR
3242168,2021-12-15T00:00:00.000,Subway
23623,2021-12-16T00:00:00.000,AAR
936592,2021-12-16T00:00:00.000,BT
1438193,2021-12-16T00:00:00.000,Bus
152710,2021-12-16T00:00:00.000,LIRR
126131,2021-12-16T00:00:00.000,MNR
7043,2021-12-16T00:00:00.000,SIR
3219799,2021-12-16T00:00:00.000,Subway
22539,2021-12-17T00:00:00.000,AAR
957963,2021-12-17T00:00:00.000,BT
1375383,2021-12-17T00:00:00.000,Bus
146111,2021-12-17T00:00:00.000,LIRR
121037,2021-12-17T00:00:00.000,MNR
6404,2021-12-17T00:00:00.000,SIR
3112088,2021-12-17T00:00:00.000,Subway
12312,2021-12-18T00:00:00.000,AAR
842219,2021-12-18T00:00:00.000,BT
786073,2021-12-18T00:00:00.000,Bus
74306,2021-12-18T00:00:00.000,LIRR
66097,2021-12-18T00:00:00.000,MNR
1987,2021-12-18T00:00:00.000,SIR
1880969,2021-12-18T00:00:00.000,Subway
12238,2021-12-19T00:00:00.000,AAR
808094,2021-12-19T00:00:00.000,BT
636393,2021-12-19T00:00:00.000,Bus
65698,2021-12-19T00:00:00.000,LIRR
56292,2021-12-19T00:00:00.000,MNR
1694,2021-12-19T00:00:00.000,SIR
1579809,2021-12-19T00:00:00.000,Subway
20318,2021-12-20T00:00:00.000,AAR
883430,2021-12-20T00:00:00.000,BT
1277654,2021-12-20T00:00:00.000,Bus
132078,2021-12-20T00:00:00.000,LIRR
102695,2021-12-20T00:00:00.000,MNR
5979,2021-12-20T00:00:00.000,SIR
2716451,2021-12-20T00:00:00.000,Subway
21656,2021-12-21T00:00:00.000,AAR
867383,2021-12-21T00:00:00.000,BT
1299476,2021-12-21T00:00:00.000,Bus
124376,2021-12-21T00:00:00.000,LIRR
97141,2021-12-21T00:00:00.000,MNR
5772,2021-12-21T00:00:00.000,SIR
2697325,2021-12-21T00:00:00.000,Subway
21673,2021-12-22T00:00:00.000,AAR
872827,2021-12-22T00:00:00.000,BT
1252621,2021-12-22T00:00:00.000,Bus
117678,2021-12-22T00:00:00.000,LIRR
92941,2021-12-22T00:00:00.000,MNR
5594,2021-12-22T00:00:00.000,SIR
2634565,2021-12-22T00:00:00.000,Subway
19335,2021-12-23T00:00:00.000,AAR
886043,2021-12-23T00:00:00.000,BT
1166953,2021-12-23T00:00:00.000,Bus
118388,2021-12-23T00:00:00.000,LIRR
97238,2021-12-23T00:00:00.000,MNR
5000,2021-12-23T00:00:00.000,SIR
2486489,2021-12-23T00:00:00.000,Subway
12009,2021-12-24T00:00:00.000,AAR
755215,2021-12-24T00:00:00.000,BT
746809,2021-12-24T00:00:00.000,Bus
97408,2021-12-24T00:00:00.000,LIRR
81055,2021-12-24T00:00:00.000,MNR
2289,2021-12-24T00:00:00.000,SIR
1575449,2021-12-24T00:00:00.000,Subway
9021,2021-12-25T00:00:00.000,AAR
580890,2021-12-25T00:00:00.000,BT
329549,2021-12-25T00:00:00.000,Bus
39466,2021-12-25T00:00:00.000,LIRR
31575,2021-12-25T00:00:00.000,MNR
1008,2021-12-25T00:00:00.000,SIR
810937,2021-12-25T00:00:00.000,Subway
8744,2021-12-26T00:00:00.000,AAR
688544,2021-12-26T00:00:00.000,BT
518897,2021-12-26T00:00:00.000,Bus
56467,2021-12-26T00:00:00.000,LIRR
51478,2021-12-26T00:00:00.000,MNR
1746,2021-12-26T00:00:00.000,SIR
1284738,2021-12-26T00:00:00.000,Subway
14952,2021-12-27T00:00:00.000,AAR
770482,2021-12-27T00:00:00.000,BT
890096,2021-12-27T00:00:00.000,Bus
108463,2021-12-27T00:00:00.000,LIRR
89427,2021-12-27T00:00:00.000,MNR
4026,2021-12-27T00:00:00.000,SIR
2007649,2021-12-27T00:00:00.000,Subway
16736,2021-12-28T00:00:00.000,AAR
759949,2021-12-28T00:00:00.000,BT
953933,2021-12-28T00:00:00.000,Bus
109904,2021-12-28T00:00:00.000,LIRR
89719,2021-12-28T00:00:00.000,MNR
4372,2021-12-28T00:00:00.000,SIR
2168419,2021-12-28T00:00:00.000,Subway
16859,2021-12-29T00:00:00.000,AAR
767294,2021-12-29T00:00:00.000,BT
921562,2021-12-29T00:00:00.000,Bus
105898,2021-12-29T00:00:00.000,LIRR
92605,2021-12-29T00:00:00.000,MNR
3996,2021-12-29T00:00:00.000,SIR
2167077,2021-12-29T00:00:00.000,Subway
16177,2021-12-30T00:00:00.000,AAR
789954,2021-12-30T00:00:00.000,BT
928012,2021-12-30T00:00:00.000,Bus
110101,2021-12-30T00:00:00.000,LIRR
90827,2021-12-30T00:00:00.000,MNR
3944,2021-12-30T00:00:00.000,SIR
2198415,2021-12-30T00:00:00.000,Subway
11498,2021-12-31T00:00:00.000,AAR
660539,2021-12-31T00:00:00.000,BT
699749,2021-12-31T00:00:00.000,Bus
96699,2021-12-31T00:00:00.000,LIRR
85232,2021-12-31T00:00:00.000,MNR
2270,2021-12-31T00:00:00.000,SIR
1627589,2021-12-31T00:00:00.000,Subway
4904,2022-01-01T00:00:00.000,AAR
504340,2022-01-01T00:00:00.000,BT
350845,2022-01-01T00:00:00.000,Bus
33980,2022-01-01T00:00:00.000,LIRR
30341,2022-01-01T00:00:00.000,MNR
1262,2022-01-01T00:00:00.000,SIR
1027918,2022-01-01T00:00:00.000,Subway
8383,2022-01-02T00:00:00.000,AAR
612728,2022-01-02T00:00:00.000,BT
475096,2022-01-02T00:00:00.000,Bus
49155,2022-01-02T00:00:00.000,LIRR
42587,2022-01-02T00:00:00.000,MNR
1571,2022-01-02T00:00:00.000,SIR
1219735,2022-01-02T00:00:00.000,Subway
16437,2022-01-03T00:00:00.000,AAR
715523,2022-01-03T00:00:00.000,BT
1000002,2022-01-03T00:00:00.000,Bus
102961,2022-01-03T00:00:00.000,LIRR
83990,2022-01-03T00:00:00.000,MNR
4515,2022-01-03T00:00:00.000,SIR
2168229,2022-01-03T00:00:00.000,Subway
17909,2022-01-04T00:00:00.000,AAR
728093,2022-01-04T00:00:00.000,BT
1082360,2022-01-04T00:00:00.000,Bus
104247,2022-01-04T00:00:00.000,LIRR
81978,2022-01-04T00:00:00.000,MNR
4795,2022-01-04T00:00:00.000,SIR
2289352,2022-01-04T00:00:00.000,Subway
18861,2022-01-05T00:00:00.000,AAR
713044,2022-01-05T00:00:00.000,BT
1078511,2022-01-05T00:00:00.000,Bus
98251,2022-01-05T00:00:00.000,LIRR
77579,2022-01-05T00:00:00.000,MNR
4659,2022-01-05T00:00:00.000,SIR
2267942,2022-01-05T00:00:00.000,Subway
18672,2022-01-06T00:00:00.000,AAR
765304,2022-01-06T00:00:00.000,BT
1146904,2022-01-06T00:00:00.000,Bus
103562,2022-01-06T00:00:00.000,LIRR
82567,2022-01-06T00:00:00.000,MNR
4909,2022-01-06T00:00:00.000,SIR
2391176,2022-01-06T00:00:00.000,Subway
14203,2022-01-07T00:00:00.000,AAR
584125,2022-01-07T00:00:00.000,BT
880997,2022-01-07T00:00:00.000,Bus
90207,2022-01-07T00:00:00.000,LIRR
73067,2022-01-07T00:00:00.000,MNR
3628,2022-01-07T00:00:00.000,SIR
2121941,2022-01-07T00:00:00.000,Subway
9126,2022-01-08T00:00:00.000,AAR
611526,2022-01-08T00:00:00.000,BT
631341,2022-01-08T00:00:00.000,Bus
51707,2022-01-08T00:00:00.000,LIRR
46428,2022-01-08T00:00:00.000,MNR
1672,2022-01-08T00:00:00.000,SIR
1486065,2022-01-08T00:00:00.000,Subway
7916,2022-01-09T00:00:00.000,AAR
591692,2022-01-09T00:00:00.000,BT
475438,2022-01-09T00:00:00.000,Bus
43383,2022-01-09T00:00:00.000,LIRR
35309,2022-01-09T00:00:00.000,MNR
1210,2022-01-09T00:00:00.000,SIR
1102472,2022-01-09T00:00:00.000,Subway
18268,2022-01-10T00:00:00.000,AAR
771399,2022-01-10T00:00:00.000,BT
1147341,2022-01-10T00:00:00.000,Bus
116463,2022-01-10T00:00:00.000,LIRR
90220,2022-01-10T00:00:00.000,MNR
4954,2022-01-10T00:00:00.000,SIR
2347323,2022-01-10T00:00:00.000,Subway
17388,2022-01-11T00:00:00.000,AAR
753389,2022-01-11T00:00:00.000,BT
1040581,2022-01-11T00:00:00.000,Bus
104378,2022-01-11T00:00:00.000,LIRR
81438,2022-01-11T00:00:00.000,MNR
4655,2022-01-11T00:00:00.000,SIR
2266378,2022-01-11T00:00:00.000,Subway
19679,2022-01-12T00:00:00.000,AAR
780099,2022-01-12T00:00:00.000,BT
1179931,2022-01-12T00:00:00.000,Bus
111022,2022-01-12T00:00:00.000,LIRR
86050,2022-01-12T00:00:00.000,MNR
5024,2022-01-12T00:00:00.000,SIR
2459224,2022-01-12T00:00:00.000,Subway
19918,2022-01-13T00:00:00.000,AAR
812418,2022-01-13T00:00:00.000,BT
1218552,2022-01-13T00:00:00.000,Bus
112519,2022-01-13T00:00:00.000,LIRR
87672,2022-01-13T00:00:00.000,MNR
5132,2022-01-13T00:00:00.000,SIR
2524197,2022-01-13T00:00:00.000,Subway
18878,2022-01-14T00:00:00.000,AAR
850577,2022-01-14T00:00:00.000,BT
1186647,2022-01-14T00:00:00.000,Bus
109199,2022-01-14T00:00:00.000,LIRR
88634,2022-01-14T00:00:00.000,MNR
4774,2022-01-14T00:00:00.000,SIR
2522972,2022-01-14T00:00:00.000,Subway
9510,2022-01-15T00:00:00.000,AAR
711897,2022-01-15T00:00:00.000,BT
573037,2022-01-15T00:00:00.000,Bus
53410,2022-01-15T00:00:00.000,LIRR
45309,2022-01-15T00:00:00.000,MNR
1449,2022-01-15T00:00:00.000,SIR
1434676,2022-01-15T00:00:00.000,Subway
8545,2022-01-16T00:00:00.000,AAR
657217,2022-01-16T00:00:00.000,BT
456257,2022-01-16T00:00:00.000,Bus
43578,2022-01-16T00:00:00.000,LIRR
38025,2022-01-16T00:00:00.000,MNR
1140,2022-01-16T00:00:00.000,SIR
1165626,2022-01-16T00:00:00.000,Subway
8760,2022-01-17T00:00:00.000,AAR
646772,2022-01-17T00:00:00.000,BT
694066,2022-01-17T00:00:00.000,Bus
98738,2022-01-17T00:00:00.000,LIRR
44075,2022-01-17T00:00:00.000,MNR
2190,2022-01-17T00:00:00.000,SIR
1600048,2022-01-17T00:00:00.000,Subway
19389,2022-01-18T00:00:00.000,AAR
810674,2022-01-18T00:00:00.000,BT
1222195,2022-01-18T00:00:00.000,Bus
125615,2022-01-18T00:00:00.000,LIRR
100364,2022-01-18T00:00:00.000,MNR
5381,2022-01-18T00:00:00.000,SIR
2541044,2022-01-18T00:00:00.000,Subway
21111,2022-01-19T00:00:00.000,AAR
826598,2022-01-19T00:00:00.000,BT
1286788,2022-01-19T00:00:00.000,Bus
121249,2022-01-19T00:00:00.000,LIRR
96281,2022-01-19T00:00:00.000,MNR
5598,2022-01-19T00:00:00.000,SIR
2642129,2022-01-19T00:00:00.000,Subway
18616,2022-01-20T00:00:00.000,AAR
774920,2022-01-20T00:00:00.000,BT
1181953,2022-01-20T00:00:00.000,Bus
112595,2022-01-20T00:00:00.000,LIRR
88196,2022-01-20T00:00:00.000,MNR
5031,2022-01-20T00:00:00.000,SIR
2545486,2022-01-20T00:00:00.000,Subway
19079,2022-01-21T00:00:00.000,AAR
838925,2022-01-21T00:00:00.000,BT
1151816,2022-01-21T00:00:00.000,Bus
113474,2022-01-21T00:00:00.000,LIRR
91079,2022-01-21T00:00:00.000,MNR
4748,2022-01-21T00:00:00.000,SIR
2565781,2022-01-21T00:00:00.000,Subway
10455,2022-01-22T00:00:00.000,AAR
730384,2022-01-22T00:00:00.000,BT
655490,2022-01-22T00:00:00.000,Bus
59412,2022-01-22T00:00:00.000,LIRR
53737,2022-01-22T00:00:00.000,MNR
1642,2022-01-22T00:00:00.000,SIR
1583650,2022-01-22T00:00:00.000,Subway
9446,2022-01-23T00:00:00.000,AAR
707844,2022-01-23T00:00:00.000,BT
529115,2022-01-23T00:00:00.000,Bus
48672,2022-01-23T00:00:00.000,LIRR
43647,2022-01-23T00:00:00.000,MNR
1245,2022-01-23T00:00:00.000,SIR
1245716,2022-01-23T00:00:00.000,Subway
19472,2022-01-24T00:00:00.000,AAR
819670,2022-01-24T00:00:00.000,BT
1244112,2022-01-24T00:00:00.000,Bus
127750,2022-01-24T00:00:00.000,LIRR
100520,2022-01-24T00:00:00.000,MNR
5188,2022-01-24T00:00:00.000,SIR
2536827,2022-01-24T00:00:00.000,Subway
21233,2022-01-25T00:00:00.000,AAR
807868,2022-01-25T00:00:00.000,BT
1308979,2022-01-25T00:00:00.000,Bus
124499,2022-01-25T00:00:00.000,LIRR
98859,2022-01-25T00:00:00.000,MNR
5625,2022-01-25T00:00:00.000,SIR
2701246,2022-01-25T00:00:00.000,Subway
21033,2022-01-26T00:00:00.000,AAR
833229,2022-01-26T00:00:00.000,BT
1266798,2022-01-26T00:00:00.000,Bus
118625,2022-01-26T00:00:00.000,LIRR
96253,2022-01-26T00:00:00.000,MNR
5197,2022-01-26T00:00:00.000,SIR
2711803,2022-01-26T00:00:00.000,Subway
20934,2022-01-27T00:00:00.000,AAR
855769,2022-01-27T00:00:00.000,BT
1275573,2022-01-27T00:00:00.000,Bus
119039,2022-01-27T00:00:00.000,LIRR
95748,2022-01-27T00:00:00.000,MNR
5271,2022-01-27T00:00:00.000,SIR
2724979,2022-01-27T00:00:00.000,Subway
20115,2022-01-28T00:00:00.000,AAR
888111,2022-01-28T00:00:00.000,BT
1208092,2022-01-28T00:00:00.000,Bus
120912,2022-01-28T00:00:00.000,LIRR
96409,2022-01-28T00:00:00.000,MNR
4994,2022-01-28T00:00:00.000,SIR
2703403,2022-01-28T00:00:00.000,Subway
5353,2022-01-29T00:00:00.000,AAR
258765,2022-01-29T00:00:00.000,BT
271959,2022-01-29T00:00:00.000,Bus
8142,2022-01-29T00:00:00.000,LIRR
22016,2022-01-29T00:00:00.000,MNR
852,2022-01-29T00:00:00.000,SIR
999347,2022-01-29T00:00:00.000,Subway
5974,2022-01-30T00:00:00.000,AAR
437214,2022-01-30T00:00:00.000,BT
460299,2022-01-30T00:00:00.000,Bus
47852,2022-01-30T00:00:00.000,LIRR
45002,2022-01-30T00:00:00.000,MNR
1233,2022-01-30T00:00:00.000,SIR
1262477,2022-01-30T00:00:00.000,Subway
18400,2022-01-31T00:00:00.000,AAR
773485,2022-01-31T00:00:00.000,BT
1139164,2022-01-31T00:00:00.000,Bus
132248,2022-01-31T00:00:00.000,LIRR
109718,2022-01-31T00:00:00.000,MNR
4968,2022-01-31T00:00:00.000,SIR
2575762,2022-01-31T00:00:00.000,Subway
20357,2022-02-01T00:00:00.000,AAR
796075,2022-02-01T00:00:00.000,BT
1127084,2022-02-01T00:00:00.000,Bus
135255,2022-02-01T00:00:00.000,LIRR
111424,2022-02-01T00:00:00.000,MNR
4993,2022-02-01T00:00:00.000,SIR
2635083,2022-02-01T00:00:00.000,Subway
22427,2022-02-02T00:00:00.000,AAR
845525,2022-02-02T00:00:00.000,BT
1314898,2022-02-02T00:00:00.000,Bus
140059,2022-02-02T00:00:00.000,LIRR
110996,2022-02-02T00:00:00.000,MNR
5830,2022-02-02T00:00:00.000,SIR
2940152,2022-02-02T00:00:00.000,Subway
22325,2022-02-03T00:00:00.000,AAR
847611,2022-02-03T00:00:00.000,BT
1304726,2022-02-03T00:00:00.000,Bus
126901,2022-02-03T00:00:00.000,LIRR
104093,2022-02-03T00:00:00.000,MNR
5750,2022-02-03T00:00:00.000,SIR
2914198,2022-02-03T00:00:00.000,Subway
18557,2022-02-04T00:00:00.000,AAR
803949,2022-02-04T00:00:00.000,BT
1176367,2022-02-04T00:00:00.000,Bus
117899,2022-02-04T00:00:00.000,LIRR
94290,2022-02-04T00:00:00.000,MNR
5072,2022-02-04T00:00:00.000,SIR
2725725,2022-02-04T00:00:00.000,Subway
11377,2022-02-05T00:00:00.000,AAR
732424,2022-02-05T00:00:00.000,BT
726750,2022-02-05T00:00:00.000,Bus
61201,2022-02-05T00:00:00.000,LIRR
61496,2022-02-05T00:00:00.000,MNR
1835,2022-02-05T00:00:00.000,SIR
1792780,2022-02-05T00:00:00.000,Subway
10621,2022-02-06T00:00:00.000,AAR
762990,2022-02-06T00:00:00.000,BT
558211,2022-02-06T00:00:00.000,Bus
51472,2022-02-06T00:00:00.000,LIRR
48395,2022-02-06T00:00:00.000,MNR
1388,2022-02-06T00:00:00.000,SIR
1323892,2022-02-06T00:00:00.000,Subway
21120,2022-02-07T00:00:00.000,AAR
846321,2022-02-07T00:00:00.000,BT
1297024,2022-02-07T00:00:00.000,Bus
136455,2022-02-07T00:00:00.000,LIRR
111297,2022-02-07T00:00:00.000,MNR
5711,2022-02-07T00:00:00.000,SIR
2784230,2022-02-07T00:00:00.000,Subway
22667,2022-02-08T00:00:00.000,AAR
841771,2022-02-08T00:00:00.000,BT
1387432,2022-02-08T00:00:00.000,Bus
141653,2022-02-08T00:00:00.000,LIRR
119190,2022-02-08T00:00:00.000,MNR
6254,2022-02-08T00:00:00.000,SIR
3016648,2022-02-08T00:00:00.000,Subway
23863,2022-02-09T00:00:00.000,AAR
864770,2022-02-09T00:00:00.000,BT
1421706,2022-02-09T00:00:00.000,Bus
143673,2022-02-09T00:00:00.000,LIRR
115341,2022-02-09T00:00:00.000,MNR
6297,2022-02-09T00:00:00.000,SIR
3088775,2022-02-09T00:00:00.000,Subway
23341,2022-02-10T00:00:00.000,AAR
893914,2022-02-10T00:00:00.000,BT
1423775,2022-02-10T00:00:00.000,Bus
143062,2022-02-10T00:00:00.000,LIRR
115707,2022-02-10T00:00:00.000,MNR
6362,2022-02-10T00:00:00.000,SIR
3112489,2022-02-10T00:00:00.000,Subway
22608,2022-02-11T00:00:00.000,AAR
919752,2022-02-11T00:00:00.000,BT
1348189,2022-02-11T00:00:00.000,Bus
131038,2022-02-11T00:00:00.000,LIRR
110674,2022-02-11T00:00:00.000,MNR
5570,2022-02-11T00:00:00.000,SIR
3015472,2022-02-11T00:00:00.000,Subway
13376,2022-02-12T00:00:00.000,AAR
855047,2022-02-12T00:00:00.000,BT
820629,2022-02-12T00:00:00.000,Bus
71709,2022-02-12T00:00:00.000,LIRR
71813,2022-02-12T00:00:00.000,MNR
2295,2022-02-12T00:00:00.000,SIR
2026308,2022-02-12T00:00:00.000,Subway
10013,2022-02-13T00:00:00.000,AAR
717256,2022-02-13T00:00:00.000,BT
510307,2022-02-13T00:00:00.000,Bus
50534,2022-02-13T00:00:00.000,LIRR
46395,2022-02-13T00:00:00.000,MNR
1322,2022-02-13T00:00:00.000,SIR
1349864,2022-02-13T00:00:00.000,Subway
20812,2022-02-14T00:00:00.000,AAR
856013,2022-02-14T00:00:00.000,BT
1272100,2022-02-14T00:00:00.000,Bus
142507,2022-02-14T00:00:00.000,LIRR
113260,2022-02-14T00:00:00.000,MNR
5803,2022-02-14T00:00:00.000,SIR
2907825,2022-02-14T00:00:00.000,Subway
21922,2022-02-15T00:00:00.000,AAR
883979,2022-02-15T00:00:00.000,BT
1340123,2022-02-15T00:00:00.000,Bus
146607,2022-02-15T00:00:00.000,LIRR
119034,2022-02-15T00:00:00.000,MNR
6447,2022-02-15T00:00:00.000,SIR
3030742,2022-02-15T00:00:00.000,Subway
23513,2022-02-16T00:00:00.000,AAR
874992,2022-02-16T00:00:00.000,BT
1406714,2022-02-16T00:00:00.000,Bus
140431,2022-02-16T00:00:00.000,LIRR
115325,2022-02-16T00:00:00.000,MNR
6337,2022-02-16T00:00:00.000,SIR
3100639,2022-02-16T00:00:00.000,Subway
23713,2022-02-17T00:00:00.000,AAR
899681,2022-02-17T00:00:00.000,BT
1408571,2022-02-17T00:00:00.000,Bus
141226,2022-02-17T00:00:00.000,LIRR
115718,2022-02-17T00:00:00.000,MNR
6527,2022-02-17T00:00:00.000,SIR
3109956,2022-02-17T00:00:00.000,Subway
21470,2022-02-18T00:00:00.000,AAR
919589,2022-02-18T00:00:00.000,BT
1285978,2022-02-18T00:00:00.000,Bus
129403,2022-02-18T00:00:00.000,LIRR
112030,2022-02-18T00:00:00.000,MNR
5677,2022-02-18T00:00:00.000,SIR
2953785,2022-02-18T00:00:00.000,Subway
12171,2022-02-19T00:00:00.000,AAR
837034,2022-02-19T00:00:00.000,BT
723602,2022-02-19T00:00:00.000,Bus
64696,2022-02-19T00:00:00.000,LIRR
66545,2022-02-19T00:00:00.000,MNR
2108,2022-02-19T00:00:00.000,SIR
1792136,2022-02-19T00:00:00.000,Subway
11017,2022-02-20T00:00:00.000,AAR
777429,2022-02-20T00:00:00.000,BT
571789,2022-02-20T00:00:00.000,Bus
55015,2022-02-20T00:00:00.000,LIRR
54863,2022-02-20T00:00:00.000,MNR
1517,2022-02-20T00:00:00.000,SIR
1477125,2022-02-20T00:00:00.000,Subway
12500,2022-02-21T00:00:00.000,AAR
827448,2022-02-21T00:00:00.000,BT
873961,2022-02-21T00:00:00.000,Bus
109882,2022-02-21T00:00:00.000,LIRR
63892,2022-02-21T00:00:00.000,MNR
2781,2022-02-21T00:00:00.000,SIR
1942267,2022-02-21T00:00:00.000,Subway
19233,2022-02-22T00:00:00.000,AAR
868183,2022-02-22T00:00:00.000,BT
1143526,2022-02-22T00:00:00.000,Bus
135406,2022-02-22T00:00:00.000,LIRR
112764,2022-02-22T00:00:00.000,MNR
5767,2022-02-22T00:00:00.000,SIR
2669508,2022-02-22T00:00:00.000,Subway
23807,2022-02-23T00:00:00.000,AAR
875321,2022-02-23T00:00:00.000,BT
1247209,2022-02-23T00:00:00.000,Bus
140229,2022-02-23T00:00:00.000,LIRR
119188,2022-02-23T00:00:00.000,MNR
6116,2022-02-23T00:00:00.000,SIR
2894245,2022-02-23T00:00:00.000,Subway
21868,2022-02-24T00:00:00.000,AAR
906921,2022-02-24T00:00:00.000,BT
1196924,2022-02-24T00:00:00.000,Bus
132496,2022-02-24T00:00:00.000,LIRR
110395,2022-02-24T00:00:00.000,MNR
5879,2022-02-24T00:00:00.000,SIR
2858146,2022-02-24T00:00:00.000,Subway
18740,2022-02-25T00:00:00.000,AAR
807894,2022-02-25T00:00:00.000,BT
1027563,2022-02-25T00:00:00.000,Bus
114658,2022-02-25T00:00:00.000,LIRR
90953,2022-02-25T00:00:00.000,MNR
4544,2022-02-25T00:00:00.000,SIR
2575630,2022-02-25T00:00:00.000,Subway
12226,2022-02-26T00:00:00.000,AAR
811173,2022-02-26T00:00:00.000,BT
775358,2022-02-26T00:00:00.000,Bus
71783,2022-02-26T00:00:00.000,LIRR
61573,2022-02-26T00:00:00.000,MNR
2012,2022-02-26T00:00:00.000,SIR
1824833,2022-02-26T00:00:00.000,Subway
11337,2022-02-27T00:00:00.000,AAR
824200,2022-02-27T00:00:00.000,BT
604646,2022-02-27T00:00:00.000,Bus
62913,2022-02-27T00:00:00.000,LIRR
51604,2022-02-27T00:00:00.000,MNR
1523,2022-02-27T00:00:00.000,SIR
1403227,2022-02-27T00:00:00.000,Subway
21929,2022-02-28T00:00:00.000,AAR
901387,2022-02-28T00:00:00.000,BT
1362855,2022-02-28T00:00:00.000,Bus
134902,2022-02-28T00:00:00.000,LIRR
118572,2022-02-28T00:00:00.000,MNR
6170,2022-02-28T00:00:00.000,SIR
2915786,2022-02-28T00:00:00.000,Subway
22944,2022-03-01T00:00:00.000,AAR
868335,2022-03-01T00:00:00.000,BT
1435834,2022-03-01T00:00:00.000,Bus
165769,2022-03-01T00:00:00.000,LIRR
150787,2022-03-01T00:00:00.000,MNR
6655,2022-03-01T00:00:00.000,SIR
3138181,2022-03-01T00:00:00.000,Subway
24289,2022-03-02T00:00:00.000,AAR
889260,2022-03-02T00:00:00.000,BT
1463263,2022-03-02T00:00:00.000,Bus
159238,2022-03-02T00:00:00.000,LIRR
140945,2022-03-02T00:00:00.000,MNR
6680,2022-03-02T00:00:00.000,SIR
3208166,2022-03-02T00:00:00.000,Subway
23800,2022-03-03T00:00:00.000,AAR
917630,2022-03-03T00:00:00.000,BT
1434851,2022-03-03T00:00:00.000,Bus
152883,2022-03-03T00:00:00.000,LIRR
132506,2022-03-03T00:00:00.000,MNR
6674,2022-03-03T00:00:00.000,SIR
3207495,2022-03-03T00:00:00.000,Subway
22821,2022-03-04T00:00:00.000,AAR
941421,2022-03-04T00:00:00.000,BT
1363159,2022-03-04T00:00:00.000,Bus
145518,2022-03-04T00:00:00.000,LIRR
125143,2022-03-04T00:00:00.000,MNR
5807,2022-03-04T00:00:00.000,SIR
3077537,2022-03-04T00:00:00.000,Subway
13269,2022-03-05T00:00:00.000,AAR
858762,2022-03-05T00:00:00.000,BT
812774,2022-03-05T00:00:00.000,Bus
69010,2022-03-05T00:00:00.000,LIRR
70427,2022-03-05T00:00:00.000,MNR
2116,2022-03-05T00:00:00.000,SIR
1955535,2022-03-05T00:00:00.000,Subway
12557,2022-03-06T00:00:00.000,AAR
811680,2022-03-06T00:00:00.000,BT
600501,2022-03-06T00:00:00.000,Bus
53034,2022-03-06T00:00:00.000,LIRR
52874,2022-03-06T00:00:00.000,MNR
1550,2022-03-06T00:00:00.000,SIR
1444501,2022-03-06T00:00:00.000,Subway
22465,2022-03-07T00:00:00.000,AAR
907629,2022-03-07T00:00:00.000,BT
1395540,2022-03-07T00:00:00.000,Bus
153907,2022-03-07T00:00:00.000,LIRR
129784,2022-03-07T00:00:00.000,MNR
6161,2022-03-07T00:00:00.000,SIR
2980920,2022-03-07T00:00:00.000,Subway
24076,2022-03-08T00:00:00.000,AAR
875716,2022-03-08T00:00:00.000,BT
1456451,2022-03-08T00:00:00.000,Bus
158652,2022-03-08T00:00:00.000,LIRR
138811,2022-03-08T00:00:00.000,MNR
6923,2022-03-08T00:00:00.000,SIR
3244473,2022-03-08T00:00:00.000,Subway
23477,2022-03-09T00:00:00.000,AAR
848720,2022-03-09T00:00:00.000,BT
1338822,2022-03-09T00:00:00.000,Bus
153393,2022-03-09T00:00:00.000,LIRR
129056,2022-03-09T00:00:00.000,MNR
6200,2022-03-09T00:00:00.000,SIR
3113559,2022-03-09T00:00:00.000,Subway
24515,2022-03-10T00:00:00.000,AAR
911729,2022-03-10T00:00:00.000,BT
1476288,2022-03-10T00:00:00.000,Bus
163931,2022-03-10T00:00:00.000,LIRR
140107,2022-03-10T00:00:00.000,MNR
6914,2022-03-10T00:00:00.000,SIR
3339363,2022-03-10T00:00:00.000,Subway
23736,2022-03-11T00:00:00.000,AAR
958544,2022-03-11T00:00:00.000,BT
1419371,2022-03-11T00:00:00.000,Bus
158985,2022-03-11T00:00:00.000,LIRR
135371,2022-03-11T00:00:00.000,MNR
6150,2022-03-11T00:00:00.000,SIR
3195956,2022-03-11T00:00:00.000,Subway
10655,2022-03-12T00:00:00.000,AAR
732401,2022-03-12T00:00:00.000,BT
637601,2022-03-12T00:00:00.000,Bus
51679,2022-03-12T00:00:00.000,LIRR
59927,2022-03-12T00:00:00.000,MNR
1748,2022-03-12T00:00:00.000,SIR
1663893,2022-03-12T00:00:00.000,Subway
11491,2022-03-13T00:00:00.000,AAR
809747,2022-03-13T00:00:00.000,BT
590753,2022-03-13T00:00:00.000,Bus
59964,2022-03-13T00:00:00.000,LIRR
57548,2022-03-13T00:00:00.000,MNR
1524,2022-03-13T00:00:00.000,SIR
1479406,2022-03-13T00:00:00.000,Subway
22480,2022-03-14T00:00:00.000,AAR
910181,2022-03-14T00:00:00.000,BT
1406578,2022-03-14T00:00:00.000,Bus
159962,2022-03-14T00:00:00.000,LIRR
134093,2022-03-14T00:00:00.000,MNR
6416,2022-03-14T00:00:00.000,SIR
3008800,2022-03-14T00:00:00.000,Subway
24272,2022-03-15T00:00:00.000,AAR
900941,2022-03-15T00:00:00.000,BT
1454522,2022-03-15T00:00:00.000,Bus
171406,2022-03-15T00:00:00.000,LIRR
146786,2022-03-15T00:00:00.000,MNR
7287,2022-03-15T00:00:00.000,SIR
3275906,2022-03-15T00:00:00.000,Subway
25305,2022-03-16T00:00:00.000,AAR
915403,2022-03-16T00:00:00.000,BT
1476356,2022-03-16T00:00:00.000,Bus
168768,2022-03-16T00:00:00.000,LIRR
145085,2022-03-16T00:00:00.000,MNR
7009,2022-03-16T00:00:00.000,SIR
3332335,2022-03-16T00:00:00.000,Subway
22946,2022-03-17T00:00:00.000,AAR
888953,2022-03-17T00:00:00.000,BT
1350810,2022-03-17T00:00:00.000,Bus
166884,2022-03-17T00:00:00.000,LIRR
135727,2022-03-17T00:00:00.000,MNR
6768,2022-03-17T00:00:00.000,SIR
3175784,2022-03-17T00:00:00.000,Subway
24019,2022-03-18T00:00:00.000,AAR
951936,2022-03-18T00:00:00.000,BT
1402806,2022-03-18T00:00:00.000,Bus
163169,2022-03-18T00:00:00.000,LIRR
137528,2022-03-18T00:00:00.000,MNR
6288,2022-03-18T00:00:00.000,SIR
3275433,2022-03-18T00:00:00.000,Subway
12877,2022-03-19T00:00:00.000,AAR
870891,2022-03-19T00:00:00.000,BT
820933,2022-03-19T00:00:00.000,Bus
74087,2022-03-19T00:00:00.000,LIRR
73974,2022-03-19T00:00:00.000,MNR
2050,2022-03-19T00:00:00.000,SIR
2001839,2022-03-19T00:00:00.000,Subway
12736,2022-03-20T00:00:00.000,AAR
897559,2022-03-20T00:00:00.000,BT
628693,2022-03-20T00:00:00.000,Bus
67551,2022-03-20T00:00:00.000,LIRR
63818,2022-03-20T00:00:00.000,MNR
1722,2022-03-20T00:00:00.000,SIR
1656673,2022-03-20T00:00:00.000,Subway
22229,2022-03-21T00:00:00.000,AAR
917539,2022-03-21T00:00:00.000,BT
1418900,2022-03-21T00:00:00.000,Bus
165487,2022-03-21T00:00:00.000,LIRR
134182,2022-03-21T00:00:00.000,MNR
6367,2022-03-21T00:00:00.000,SIR
3034759,2022-03-21T00:00:00.000,Subway
23948,2022-03-22T00:00:00.000,AAR
889738,2022-03-22T00:00:00.000,BT
1471299,2022-03-22T00:00:00.000,Bus
168328,2022-03-22T00:00:00.000,LIRR
144765,2022-03-22T00:00:00.000,MNR
7082,2022-03-22T00:00:00.000,SIR
3276940,2022-03-22T00:00:00.000,Subway
24574,2022-03-23T00:00:00.000,AAR
895599,2022-03-23T00:00:00.000,BT
1438665,2022-03-23T00:00:00.000,Bus
161202,2022-03-23T00:00:00.000,LIRR
138873,2022-03-23T00:00:00.000,MNR
6540,2022-03-23T00:00:00.000,SIR
3275708,2022-03-23T00:00:00.000,Subway
22998,2022-03-24T00:00:00.000,AAR
895389,2022-03-24T00:00:00.000,BT
1373850,2022-03-24T00:00:00.000,Bus
162392,2022-03-24T00:00:00.000,LIRR
134129,2022-03-24T00:00:00.000,MNR
6513,2022-03-24T00:00:00.000,SIR
3212181,2022-03-24T00:00:00.000,Subway
23274,2022-03-25T00:00:00.000,AAR
947051,2022-03-25T00:00:00.000,BT
1397899,2022-03-25T00:00:00.000,Bus
158528,2022-03-25T00:00:00.000,LIRR
133368,2022-03-25T00:00:00.000,MNR
6075,2022-03-25T00:00:00.000,SIR
3218970,2022-03-25T00:00:00.000,Subway
13208,2022-03-26T00:00:00.000,AAR
865785,2022-03-26T00:00:00.000,BT
783499,2022-03-26T00:00:00.000,Bus
71809,2022-03-26T00:00:00.000,LIRR
73933,2022-03-26T00:00:00.000,MNR
2154,2022-03-26T00:00:00.000,SIR
2024596,2022-03-26T00:00:00.000,Subway
11809,2022-03-27T00:00:00.000,AAR
854968,2022-03-27T00:00:00.000,BT
628313,2022-03-27T00:00:00.000,Bus
64950,2022-03-27T00:00:00.000,LIRR
58044,2022-03-27T00:00:00.000,MNR
1602,2022-03-27T00:00:00.000,SIR
1534056,2022-03-27T00:00:00.000,Subway
22114,2022-03-28T00:00:00.000,AAR
902413,2022-03-28T00:00:00.000,BT
1336330,2022-03-28T00:00:00.000,Bus
153222,2022-03-28T00:00:00.000,LIRR
130886,2022-03-28T00:00:00.000,MNR
6096,2022-03-28T00:00:00.000,SIR
2989874,2022-03-28T00:00:00.000,Subway
23981,2022-03-29T00:00:00.000,AAR
880119,2022-03-29T00:00:00.000,BT
1430099,2022-03-29T00:00:00.000,Bus
163218,2022-03-29T00:00:00.000,LIRR
143870,2022-03-29T00:00:00.000,MNR
6900,2022-03-29T00:00:00.000,SIR
3291883,2022-03-29T00:00:00.000,Subway
24620,2022-03-30T00:00:00.000,AAR
909499,2022-03-30T00:00:00.000,BT
1465351,2022-03-30T00:00:00.000,Bus
164882,2022-03-30T00:00:00.000,LIRR
143216,2022-03-30T00:00:00.000,MNR
6920,2022-03-30T00:00:00.000,SIR
3336073,2022-03-30T00:00:00.000,Subway
24308,2022-03-31T00:00:00.000,AAR
938774,2022-03-31T00:00:00.000,BT
1450363,2022-03-31T00:00:00.000,Bus
164074,2022-03-31T00:00:00.000,LIRR
139602,2022-03-31T00:00:00.000,MNR
6890,2022-03-31T00:00:00.000,SIR
3323135,2022-03-31T00:00:00.000,Subway
24017,2022-04-01T00:00:00.000,AAR
956458,2022-04-01T00:00:00.000,BT
1411421,2022-04-01T00:00:00.000,Bus
145251,2022-04-01T00:00:00.000,LIRR
120557,2022-04-01T00:00:00.000,MNR
5972,2022-04-01T00:00:00.000,SIR
3237107,2022-04-01T00:00:00.000,Subway
14382,2022-04-02T00:00:00.000,AAR
886033,2022-04-02T00:00:00.000,BT
879513,2022-04-02T00:00:00.000,Bus
77205,2022-04-02T00:00:00.000,LIRR
80471,2022-04-02T00:00:00.000,MNR
2484,2022-04-02T00:00:00.000,SIR
2128435,2022-04-02T00:00:00.000,Subway
12947,2022-04-03T00:00:00.000,AAR
820272,2022-04-03T00:00:00.000,BT
607152,2022-04-03T00:00:00.000,Bus
58819,2022-04-03T00:00:00.000,LIRR
53761,2022-04-03T00:00:00.000,MNR
1419,2022-04-03T00:00:00.000,SIR
1463932,2022-04-03T00:00:00.000,Subway
23746,2022-04-04T00:00:00.000,AAR
922664,2022-04-04T00:00:00.000,BT
1447820,2022-04-04T00:00:00.000,Bus
159541,2022-04-04T00:00:00.000,LIRR
135920,2022-04-04T00:00:00.000,MNR
6676,2022-04-04T00:00:00.000,SIR
3127667,2022-04-04T00:00:00.000,Subway
24873,2022-04-05T00:00:00.000,AAR
906010,2022-04-05T00:00:00.000,BT
1484961,2022-04-05T00:00:00.000,Bus
170140,2022-04-05T00:00:00.000,LIRR
150671,2022-04-05T00:00:00.000,MNR
7089,2022-04-05T00:00:00.000,SIR
3356454,2022-04-05T00:00:00.000,Subway
25103,2022-04-06T00:00:00.000,AAR
890316,2022-04-06T00:00:00.000,BT
1403198,2022-04-06T00:00:00.000,Bus
163830,2022-04-06T00:00:00.000,LIRR
142810,2022-04-06T00:00:00.000,MNR
6569,2022-04-06T00:00:00.000,SIR
3311547,2022-04-06T00:00:00.000,Subway
24107,2022-04-07T00:00:00.000,AAR
898916,2022-04-07T00:00:00.000,BT
1379678,2022-04-07T00:00:00.000,Bus
161276,2022-04-07T00:00:00.000,LIRR
140249,2022-04-07T00:00:00.000,MNR
6636,2022-04-07T00:00:00.000,SIR
3307076,2022-04-07T00:00:00.000,Subway
24488,2022-04-08T00:00:00.000,AAR
967962,2022-04-08T00:00:00.000,BT
1443367,2022-04-08T00:00:00.000,Bus
160905,2022-04-08T00:00:00.000,LIRR
140791,2022-04-08T00:00:00.000,MNR
6342,2022-04-08T00:00:00.000,SIR
3347754,2022-04-08T00:00:00.000,Subway
13969,2022-04-09T00:00:00.000,AAR
894679,2022-04-09T00:00:00.000,BT
868945,2022-04-09T00:00:00.000,Bus
81562,2022-04-09T00:00:00.000,LIRR
86611,2022-04-09T00:00:00.000,MNR
66,2022-04-09T00:00:00.000,SIR
2190396,2022-04-09T00:00:00.000,Subway
13935,2022-04-10T00:00:00.000,AAR
875249,2022-04-10T00:00:00.000,BT
667662,2022-04-10T00:00:00.000,Bus
63204,2022-04-10T00:00:00.000,LIRR
66112,2022-04-10T00:00:00.000,MNR
13,2022-04-10T00:00:00.000,SIR
1707748,2022-04-10T00:00:00.000,Subway
23569,2022-04-11T00:00:00.000,AAR
930920,2022-04-11T00:00:00.000,BT
1433226,2022-04-11T00:00:00.000,Bus
161131,2022-04-11T00:00:00.000,LIRR
140224,2022-04-11T00:00:00.000,MNR
6354,2022-04-11T00:00:00.000,SIR
3205728,2022-04-11T00:00:00.000,Subway
25286,2022-04-12T00:00:00.000,AAR
922082,2022-04-12T00:00:00.000,BT
1496004,2022-04-12T00:00:00.000,Bus
172294,2022-04-12T00:00:00.000,LIRR
149369,2022-04-12T00:00:00.000,MNR
7099,2022-04-12T00:00:00.000,SIR
3078069,2022-04-12T00:00:00.000,Subway
25847,2022-04-13T00:00:00.000,AAR
953590,2022-04-13T00:00:00.000,BT
1495891,2022-04-13T00:00:00.000,Bus
163448,2022-04-13T00:00:00.000,LIRR
147043,2022-04-13T00:00:00.000,MNR
6593,2022-04-13T00:00:00.000,SIR
3220964,2022-04-13T00:00:00.000,Subway
25073,2022-04-14T00:00:00.000,AAR
971390,2022-04-14T00:00:00.000,BT
1438990,2022-04-14T00:00:00.000,Bus
162946,2022-04-14T00:00:00.000,LIRR
144335,2022-04-14T00:00:00.000,MNR
6381,2022-04-14T00:00:00.000,SIR
3297697,2022-04-14T00:00:00.000,Subway
20908,2022-04-15T00:00:00.000,AAR
962452,2022-04-15T00:00:00.000,BT
1137728,2022-04-15T00:00:00.000,Bus
166068,2022-04-15T00:00:00.000,LIRR
140217,2022-04-15T00:00:00.000,MNR
4728,2022-04-15T00:00:00.000,SIR
2761532,2022-04-15T00:00:00.000,Subway
13413,2022-04-16T00:00:00.000,AAR
887969,2022-04-16T00:00:00.000,BT
830874,2022-04-16T00:00:00.000,Bus
89011,2022-04-16T00:00:00.000,LIRR
83725,2022-04-16T00:00:00.000,MNR
2133,2022-04-16T00:00:00.000,SIR
1986306,2022-04-16T00:00:00.000,Subway
14704,2022-04-17T00:00:00.000,AAR
833776,2022-04-17T00:00:00.000,BT
596619,2022-04-17T00:00:00.000,Bus
71258,2022-04-17T00:00:00.000,LIRR
71704,2022-04-17T00:00:00.000,MNR
1640,2022-04-17T00:00:00.000,SIR
1512633,2022-04-17T00:00:00.000,Subway
20245,2022-04-18T00:00:00.000,AAR
969625,2022-04-18T00:00:00.000,BT
1145261,2022-04-18T00:00:00.000,Bus
154315,2022-04-18T00:00:00.000,LIRR
139151,2022-04-18T00:00:00.000,MNR
5209,2022-04-18T00:00:00.000,SIR
2676254,2022-04-18T00:00:00.000,Subway
22359,2022-04-19T00:00:00.000,AAR
885630,2022-04-19T00:00:00.000,BT
1189960,2022-04-19T00:00:00.000,Bus
168354,2022-04-19T00:00:00.000,LIRR
151518,2022-04-19T00:00:00.000,MNR
5841,2022-04-19T00:00:00.000,SIR
2962130,2022-04-19T00:00:00.000,Subway
24212,2022-04-20T00:00:00.000,AAR
929658,2022-04-20T00:00:00.000,BT
1265823,2022-04-20T00:00:00.000,Bus
171730,2022-04-20T00:00:00.000,LIRR
155674,2022-04-20T00:00:00.000,MNR
6097,2022-04-20T00:00:00.000,SIR
3098046,2022-04-20T00:00:00.000,Subway
23239,2022-04-21T00:00:00.000,AAR
937602,2022-04-21T00:00:00.000,BT
1231047,2022-04-21T00:00:00.000,Bus
165823,2022-04-21T00:00:00.000,LIRR
147535,2022-04-21T00:00:00.000,MNR
5738,2022-04-21T00:00:00.000,SIR
3033422,2022-04-21T00:00:00.000,Subway
22298,2022-04-22T00:00:00.000,AAR
912183,2022-04-22T00:00:00.000,BT
1217380,2022-04-22T00:00:00.000,Bus
157943,2022-04-22T00:00:00.000,LIRR
145606,2022-04-22T00:00:00.000,MNR
5340,2022-04-22T00:00:00.000,SIR
2985684,2022-04-22T00:00:00.000,Subway
13459,2022-04-23T00:00:00.000,AAR
889634,2022-04-23T00:00:00.000,BT
844146,2022-04-23T00:00:00.000,Bus
79436,2022-04-23T00:00:00.000,LIRR
89804,2022-04-23T00:00:00.000,MNR
59,2022-04-23T00:00:00.000,SIR
2109188,2022-04-23T00:00:00.000,Subway
12927,2022-04-24T00:00:00.000,AAR
891185,2022-04-24T00:00:00.000,BT
648591,2022-04-24T00:00:00.000,Bus
64842,2022-04-24T00:00:00.000,LIRR
67580,2022-04-24T00:00:00.000,MNR
3,2022-04-24T00:00:00.000,SIR
1655860,2022-04-24T00:00:00.000,Subway
22370,2022-04-25T00:00:00.000,AAR
935214,2022-04-25T00:00:00.000,BT
1415638,2022-04-25T00:00:00.000,Bus
159569,2022-04-25T00:00:00.000,LIRR
138979,2022-04-25T00:00:00.000,MNR
6322,2022-04-25T00:00:00.000,SIR
3026541,2022-04-25T00:00:00.000,Subway
23800,2022-04-26T00:00:00.000,AAR
892964,2022-04-26T00:00:00.000,BT
1453452,2022-04-26T00:00:00.000,Bus
172171,2022-04-26T00:00:00.000,LIRR
153893,2022-04-26T00:00:00.000,MNR
7024,2022-04-26T00:00:00.000,SIR
3281657,2022-04-26T00:00:00.000,Subway
25229,2022-04-27T00:00:00.000,AAR
927847,2022-04-27T00:00:00.000,BT
1500437,2022-04-27T00:00:00.000,Bus
172613,2022-04-27T00:00:00.000,LIRR
153109,2022-04-27T00:00:00.000,MNR
6903,2022-04-27T00:00:00.000,SIR
3432282,2022-04-27T00:00:00.000,Subway
24321,2022-04-28T00:00:00.000,AAR
957369,2022-04-28T00:00:00.000,BT
1468093,2022-04-28T00:00:00.000,Bus
167300,2022-04-28T00:00:00.000,LIRR
146321,2022-04-28T00:00:00.000,MNR
6765,2022-04-28T00:00:00.000,SIR
3404938,2022-04-28T00:00:00.000,Subway
23421,2022-04-29T00:00:00.000,AAR
990857,2022-04-29T00:00:00.000,BT
1429909,2022-04-29T00:00:00.000,Bus
164944,2022-04-29T00:00:00.000,LIRR
136881,2022-04-29T00:00:00.000,MNR
5900,2022-04-29T00:00:00.000,SIR
3257634,2022-04-29T00:00:00.000,Subway
14223,2022-04-30T00:00:00.000,AAR
918907,2022-04-30T00:00:00.000,BT
884540,2022-04-30T00:00:00.000,Bus
82887,2022-04-30T00:00:00.000,LIRR
82838,2022-04-30T00:00:00.000,MNR
2123,2022-04-30T00:00:00.000,SIR
2108746,2022-04-30T00:00:00.000,Subway
12976,2022-05-01T00:00:00.000,AAR
893219,2022-05-01T00:00:00.000,BT
676070,2022-05-01T00:00:00.000,Bus
64630,2022-05-01T00:00:00.000,LIRR
62502,2022-05-01T00:00:00.000,MNR
2694,2022-05-01T00:00:00.000,SIR
1683953,2022-05-01T00:00:00.000,Subway
21695,2022-05-02T00:00:00.000,AAR
920035,2022-05-02T00:00:00.000,BT
1176867,2022-05-02T00:00:00.000,Bus
146394,2022-05-02T00:00:00.000,LIRR
126784,2022-05-02T00:00:00.000,MNR
5425,2022-05-02T00:00:00.000,SIR
2732825,2022-05-02T00:00:00.000,Subway
24680,2022-05-03T00:00:00.000,AAR
930828,2022-05-03T00:00:00.000,BT
1500109,2022-05-03T00:00:00.000,Bus
177868,2022-05-03T00:00:00.000,LIRR
155261,2022-05-03T00:00:00.000,MNR
7400,2022-05-03T00:00:00.000,SIR
3402882,2022-05-03T00:00:00.000,Subway
25462,2022-05-04T00:00:00.000,AAR
921910,2022-05-04T00:00:00.000,BT
1465639,2022-05-04T00:00:00.000,Bus
168539,2022-05-04T00:00:00.000,LIRR
147078,2022-05-04T00:00:00.000,MNR
6747,2022-05-04T00:00:00.000,SIR
3364902,2022-05-04T00:00:00.000,Subway
25903,2022-05-05T00:00:00.000,AAR
964983,2022-05-05T00:00:00.000,BT
1523580,2022-05-05T00:00:00.000,Bus
174640,2022-05-05T00:00:00.000,LIRR
150087,2022-05-05T00:00:00.000,MNR
7061,2022-05-05T00:00:00.000,SIR
3502522,2022-05-05T00:00:00.000,Subway
23411,2022-05-06T00:00:00.000,AAR
959313,2022-05-06T00:00:00.000,BT
1353750,2022-05-06T00:00:00.000,Bus
154325,2022-05-06T00:00:00.000,LIRR
129417,2022-05-06T00:00:00.000,MNR
5729,2022-05-06T00:00:00.000,SIR
3190556,2022-05-06T00:00:00.000,Subway
13033,2022-05-07T00:00:00.000,AAR
838385,2022-05-07T00:00:00.000,BT
706551,2022-05-07T00:00:00.000,Bus
72948,2022-05-07T00:00:00.000,LIRR
68612,2022-05-07T00:00:00.000,MNR
1523,2022-05-07T00:00:00.000,SIR
1842808,2022-05-07T00:00:00.000,Subway
15375,2022-05-08T00:00:00.000,AAR
871432,2022-05-08T00:00:00.000,BT
630228,2022-05-08T00:00:00.000,Bus
73703,2022-05-08T00:00:00.000,LIRR
73027,2022-05-08T00:00:00.000,MNR
1449,2022-05-08T00:00:00.000,SIR
1582133,2022-05-08T00:00:00.000,Subway
22008,2022-05-09T00:00:00.000,AAR
973436,2022-05-09T00:00:00.000,BT
1428758,2022-05-09T00:00:00.000,Bus
163741,2022-05-09T00:00:00.000,LIRR
140940,2022-05-09T00:00:00.000,MNR
6564,2022-05-09T00:00:00.000,SIR
3114506,2022-05-09T00:00:00.000,Subway
24148,2022-05-10T00:00:00.000,AAR
933039,2022-05-10T00:00:00.000,BT
1504314,2022-05-10T00:00:00.000,Bus
175823,2022-05-10T00:00:00.000,LIRR
158627,2022-05-10T00:00:00.000,MNR
7176,2022-05-10T00:00:00.000,SIR
3412902,2022-05-10T00:00:00.000,Subway
25548,2022-05-11T00:00:00.000,AAR
944657,2022-05-11T00:00:00.000,BT
1514922,2022-05-11T00:00:00.000,Bus
178061,2022-05-11T00:00:00.000,LIRR
156792,2022-05-11T00:00:00.000,MNR
7159,2022-05-11T00:00:00.000,SIR
3440378,2022-05-11T00:00:00.000,Subway
25158,2022-05-12T00:00:00.000,AAR
972576,2022-05-12T00:00:00.000,BT
1495220,2022-05-12T00:00:00.000,Bus
169543,2022-05-12T00:00:00.000,LIRR
149204,2022-05-12T00:00:00.000,MNR
6866,2022-05-12T00:00:00.000,SIR
3430104,2022-05-12T00:00:00.000,Subway
23539,2022-05-13T00:00:00.000,AAR
988535,2022-05-13T00:00:00.000,BT
1410923,2022-05-13T00:00:00.000,Bus
164843,2022-05-13T00:00:00.000,LIRR
140065,2022-05-13T00:00:00.000,MNR
6050,2022-05-13T00:00:00.000,SIR
3252002,2022-05-13T00:00:00.000,Subway
13580,2022-05-14T00:00:00.000,AAR
908521,2022-05-14T00:00:00.000,BT
840921,2022-05-14T00:00:00.000,Bus
89636,2022-05-14T00:00:00.000,LIRR
86652,2022-05-14T00:00:00.000,MNR
69,2022-05-14T00:00:00.000,SIR
2149046,2022-05-14T00:00:00.000,Subway
13379,2022-05-15T00:00:00.000,AAR
912451,2022-05-15T00:00:00.000,BT
692876,2022-05-15T00:00:00.000,Bus
76052,2022-05-15T00:00:00.000,LIRR
69705,2022-05-15T00:00:00.000,MNR
5,2022-05-15T00:00:00.000,SIR
1760359,2022-05-15T00:00:00.000,Subway
22187,2022-05-16T00:00:00.000,AAR
961432,2022-05-16T00:00:00.000,BT
1396300,2022-05-16T00:00:00.000,Bus
163431,2022-05-16T00:00:00.000,LIRR
140702,2022-05-16T00:00:00.000,MNR
5996,2022-05-16T00:00:00.000,SIR
3080043,2022-05-16T00:00:00.000,Subway
24353,2022-05-17T00:00:00.000,AAR
928734,2022-05-17T00:00:00.000,BT
1519740,2022-05-17T00:00:00.000,Bus
182683,2022-05-17T00:00:00.000,LIRR
162082,2022-05-17T00:00:00.000,MNR
7259,2022-05-17T00:00:00.000,SIR
3536021,2022-05-17T00:00:00.000,Subway
25365,2022-05-18T00:00:00.000,AAR
974694,2022-05-18T00:00:00.000,BT
1511142,2022-05-18T00:00:00.000,Bus
182181,2022-05-18T00:00:00.000,LIRR
161135,2022-05-18T00:00:00.000,MNR
6816,2022-05-18T00:00:00.000,SIR
3605606,2022-05-18T00:00:00.000,Subway
24271,2022-05-19T00:00:00.000,AAR
982613,2022-05-19T00:00:00.000,BT
1426027,2022-05-19T00:00:00.000,Bus
172517,2022-05-19T00:00:00.000,LIRR
149985,2022-05-19T00:00:00.000,MNR
6790,2022-05-19T00:00:00.000,SIR
3467327,2022-05-19T00:00:00.000,Subway
23767,2022-05-20T00:00:00.000,AAR
1003553,2022-05-20T00:00:00.000,BT
1396732,2022-05-20T00:00:00.000,Bus
175666,2022-05-20T00:00:00.000,LIRR
146403,2022-05-20T00:00:00.000,MNR
6040,2022-05-20T00:00:00.000,SIR
3271914,2022-05-20T00:00:00.000,Subway
14985,2022-05-21T00:00:00.000,AAR
956233,2022-05-21T00:00:00.000,BT
883795,2022-05-21T00:00:00.000,Bus
94322,2022-05-21T00:00:00.000,LIRR
92552,2022-05-21T00:00:00.000,MNR
2530,2022-05-21T00:00:00.000,SIR
2324245,2022-05-21T00:00:00.000,Subway
13279,2022-05-22T00:00:00.000,AAR
941367,2022-05-22T00:00:00.000,BT
683500,2022-05-22T00:00:00.000,Bus
78635,2022-05-22T00:00:00.000,LIRR
72063,2022-05-22T00:00:00.000,MNR
1863,2022-05-22T00:00:00.000,SIR
1760638,2022-05-22T00:00:00.000,Subway
22696,2022-05-23T00:00:00.000,AAR
997464,2022-05-23T00:00:00.000,BT
1431781,2022-05-23T00:00:00.000,Bus
170546,2022-05-23T00:00:00.000,LIRR
151349,2022-05-23T00:00:00.000,MNR
6356,2022-05-23T00:00:00.000,SIR
3111755,2022-05-23T00:00:00.000,Subway
24560,2022-05-24T00:00:00.000,AAR
941667,2022-05-24T00:00:00.000,BT
1488152,2022-05-24T00:00:00.000,Bus
182570,2022-05-24T00:00:00.000,LIRR
163943,2022-05-24T00:00:00.000,MNR
7023,2022-05-24T00:00:00.000,SIR
3378506,2022-05-24T00:00:00.000,Subway
25418,2022-05-25T00:00:00.000,AAR
949947,2022-05-25T00:00:00.000,BT
1493506,2022-05-25T00:00:00.000,Bus
178124,2022-05-25T00:00:00.000,LIRR
158814,2022-05-25T00:00:00.000,MNR
6862,2022-05-25T00:00:00.000,SIR
3426530,2022-05-25T00:00:00.000,Subway
24866,2022-05-26T00:00:00.000,AAR
993145,2022-05-26T00:00:00.000,BT
1464696,2022-05-26T00:00:00.000,Bus
176469,2022-05-26T00:00:00.000,LIRR
148011,2022-05-26T00:00:00.000,MNR
6549,2022-05-26T00:00:00.000,SIR
3341059,2022-05-26T00:00:00.000,Subway
22894,2022-05-27T00:00:00.000,AAR
987834,2022-05-27T00:00:00.000,BT
1353398,2022-05-27T00:00:00.000,Bus
167840,2022-05-27T00:00:00.000,LIRR
135294,2022-05-27T00:00:00.000,MNR
5737,2022-05-27T00:00:00.000,SIR
3031130,2022-05-27T00:00:00.000,Subway
12805,2022-05-28T00:00:00.000,AAR
823047,2022-05-28T00:00:00.000,BT
788135,2022-05-28T00:00:00.000,Bus
91250,2022-05-28T00:00:00.000,LIRR
77192,2022-05-28T00:00:00.000,MNR
2191,2022-05-28T00:00:00.000,SIR
1872775,2022-05-28T00:00:00.000,Subway
14490,2022-05-29T00:00:00.000,AAR
870060,2022-05-29T00:00:00.000,BT
701173,2022-05-29T00:00:00.000,Bus
84784,2022-05-29T00:00:00.000,LIRR
76982,2022-05-29T00:00:00.000,MNR
2276,2022-05-29T00:00:00.000,SIR
1755236,2022-05-29T00:00:00.000,Subway
10771,2022-05-30T00:00:00.000,AAR
852692,2022-05-30T00:00:00.000,BT
755616,2022-05-30T00:00:00.000,Bus
80533,2022-05-30T00:00:00.000,LIRR
68206,2022-05-30T00:00:00.000,MNR
2251,2022-05-30T00:00:00.000,SIR
1694970,2022-05-30T00:00:00.000,Subway
23778,2022-05-31T00:00:00.000,AAR
1005944,2022-05-31T00:00:00.000,BT
1426470,2022-05-31T00:00:00.000,Bus
184088,2022-05-31T00:00:00.000,LIRR
163018,2022-05-31T00:00:00.000,MNR
6634,2022-05-31T00:00:00.000,SIR
3176109,2022-05-31T00:00:00.000,Subway
25586,2022-06-01T00:00:00.000,AAR
957957,2022-06-01T00:00:00.000,BT
1465383,2022-06-01T00:00:00.000,Bus
178742,2022-06-01T00:00:00.000,LIRR
159050,2022-06-01T00:00:00.000,MNR
7084,2022-06-01T00:00:00.000,SIR
3381297,2022-06-01T00:00:00.000,Subway
24764,2022-06-02T00:00:00.000,AAR
945933,2022-06-02T00:00:00.000,BT
1433303,2022-06-02T00:00:00.000,Bus
170537,2022-06-02T00:00:00.000,LIRR
151492,2022-06-02T00:00:00.000,MNR
6783,2022-06-02T00:00:00.000,SIR
3351902,2022-06-02T00:00:00.000,Subway
24838,2022-06-03T00:00:00.000,AAR
988274,2022-06-03T00:00:00.000,BT
1431042,2022-06-03T00:00:00.000,Bus
174500,2022-06-03T00:00:00.000,LIRR
153744,2022-06-03T00:00:00.000,MNR
6178,2022-06-03T00:00:00.000,SIR
3283271,2022-06-03T00:00:00.000,Subway
14409,2022-06-04T00:00:00.000,AAR
942118,2022-06-04T00:00:00.000,BT
904623,2022-06-04T00:00:00.000,Bus
93431,2022-06-04T00:00:00.000,LIRR
92199,2022-06-04T00:00:00.000,MNR
1844,2022-06-04T00:00:00.000,SIR
2178024,2022-06-04T00:00:00.000,Subway
13955,2022-06-05T00:00:00.000,AAR
902208,2022-06-05T00:00:00.000,BT
691644,2022-06-05T00:00:00.000,Bus
75675,2022-06-05T00:00:00.000,LIRR
74005,2022-06-05T00:00:00.000,MNR
1361,2022-06-05T00:00:00.000,SIR
1724983,2022-06-05T00:00:00.000,Subway
22794,2022-06-06T00:00:00.000,AAR
936250,2022-06-06T00:00:00.000,BT
1411725,2022-06-06T00:00:00.000,Bus
167062,2022-06-06T00:00:00.000,LIRR
148152,2022-06-06T00:00:00.000,MNR
6552,2022-06-06T00:00:00.000,SIR
3092181,2022-06-06T00:00:00.000,Subway
25256,2022-06-07T00:00:00.000,AAR
941815,2022-06-07T00:00:00.000,BT
1440940,2022-06-07T00:00:00.000,Bus
185736,2022-06-07T00:00:00.000,LIRR
163756,2022-06-07T00:00:00.000,MNR
7169,2022-06-07T00:00:00.000,SIR
3392224,2022-06-07T00:00:00.000,Subway
26058,2022-06-08T00:00:00.000,AAR
947178,2022-06-08T00:00:00.000,BT
1496144,2022-06-08T00:00:00.000,Bus
181126,2022-06-08T00:00:00.000,LIRR
162417,2022-06-08T00:00:00.000,MNR
7114,2022-06-08T00:00:00.000,SIR
3492805,2022-06-08T00:00:00.000,Subway
25135,2022-06-09T00:00:00.000,AAR
968442,2022-06-09T00:00:00.000,BT
1333103,2022-06-09T00:00:00.000,Bus
179521,2022-06-09T00:00:00.000,LIRR
157460,2022-06-09T00:00:00.000,MNR
6430,2022-06-09T00:00:00.000,SIR
3297157,2022-06-09T00:00:00.000,Subway
25437,2022-06-10T00:00:00.000,AAR
1011566,2022-06-10T00:00:00.000,BT
1435660,2022-06-10T00:00:00.000,Bus
187819,2022-06-10T00:00:00.000,LIRR
159223,2022-06-10T00:00:00.000,MNR
6304,2022-06-10T00:00:00.000,SIR
3376125,2022-06-10T00:00:00.000,Subway
14776,2022-06-11T00:00:00.000,AAR
953944,2022-06-11T00:00:00.000,BT
870550,2022-06-11T00:00:00.000,Bus
117891,2022-06-11T00:00:00.000,LIRR
95108,2022-06-11T00:00:00.000,MNR
1835,2022-06-11T00:00:00.000,SIR
2231451,2022-06-11T00:00:00.000,Subway
13440,2022-06-12T00:00:00.000,AAR
906606,2022-06-12T00:00:00.000,BT
626471,2022-06-12T00:00:00.000,Bus
80792,2022-06-12T00:00:00.000,LIRR
74580,2022-06-12T00:00:00.000,MNR
1209,2022-06-12T00:00:00.000,SIR
1674607,2022-06-12T00:00:00.000,Subway
23697,2022-06-13T00:00:00.000,AAR
982844,2022-06-13T00:00:00.000,BT
1440429,2022-06-13T00:00:00.000,Bus
174264,2022-06-13T00:00:00.000,LIRR
150375,2022-06-13T00:00:00.000,MNR
6608,2022-06-13T00:00:00.000,SIR
3168681,2022-06-13T00:00:00.000,Subway
25372,2022-06-14T00:00:00.000,AAR
944739,2022-06-14T00:00:00.000,BT
1493761,2022-06-14T00:00:00.000,Bus
191198,2022-06-14T00:00:00.000,LIRR
174340,2022-06-14T00:00:00.000,MNR
7276,2022-06-14T00:00:00.000,SIR
3494822,2022-06-14T00:00:00.000,Subway
26904,2022-06-15T00:00:00.000,AAR
970351,2022-06-15T00:00:00.000,BT
1478668,2022-06-15T00:00:00.000,Bus
192593,2022-06-15T00:00:00.000,LIRR
169462,2022-06-15T00:00:00.000,MNR
7153,2022-06-15T00:00:00.000,SIR
3526802,2022-06-15T00:00:00.000,Subway
25856,2022-06-16T00:00:00.000,AAR
989357,2022-06-16T00:00:00.000,BT
1397317,2022-06-16T00:00:00.000,Bus
190212,2022-06-16T00:00:00.000,LIRR
162513,2022-06-16T00:00:00.000,MNR
6720,2022-06-16T00:00:00.000,SIR
3409624,2022-06-16T00:00:00.000,Subway
24338,2022-06-17T00:00:00.000,AAR
1016752,2022-06-17T00:00:00.000,BT
1397243,2022-06-17T00:00:00.000,Bus
187179,2022-06-17T00:00:00.000,LIRR
148590,2022-06-17T00:00:00.000,MNR
6036,2022-06-17T00:00:00.000,SIR
3247379,2022-06-17T00:00:00.000,Subway
15136,2022-06-18T00:00:00.000,AAR
979924,2022-06-18T00:00:00.000,BT
884050,2022-06-18T00:00:00.000,Bus
106091,2022-06-18T00:00:00.000,LIRR
94130,2022-06-18T00:00:00.000,MNR
2613,2022-06-18T00:00:00.000,SIR
2186635,2022-06-18T00:00:00.000,Subway
15622,2022-06-19T00:00:00.000,AAR
937958,2022-06-19T00:00:00.000,BT
693231,2022-06-19T00:00:00.000,Bus
90581,2022-06-19T00:00:00.000,LIRR
80654,2022-06-19T00:00:00.000,MNR
1903,2022-06-19T00:00:00.000,SIR
1725762,2022-06-19T00:00:00.000,Subway
15440,2022-06-20T00:00:00.000,AAR
994898,2022-06-20T00:00:00.000,BT
1077190,2022-06-20T00:00:00.000,Bus
167670,2022-06-20T00:00:00.000,LIRR
138080,2022-06-20T00:00:00.000,MNR
4009,2022-06-20T00:00:00.000,SIR
2460659,2022-06-20T00:00:00.000,Subway
25299,2022-06-21T00:00:00.000,AAR
975207,2022-06-21T00:00:00.000,BT
1408052,2022-06-21T00:00:00.000,Bus
190339,2022-06-21T00:00:00.000,LIRR
172400,2022-06-21T00:00:00.000,MNR
7183,2022-06-21T00:00:00.000,SIR
3339793,2022-06-21T00:00:00.000,Subway
25774,2022-06-22T00:00:00.000,AAR
942338,2022-06-22T00:00:00.000,BT
1361456,2022-06-22T00:00:00.000,Bus
178850,2022-06-22T00:00:00.000,LIRR
164196,2022-06-22T00:00:00.000,MNR
6910,2022-06-22T00:00:00.000,SIR
3357113,2022-06-22T00:00:00.000,Subway
25286,2022-06-23T00:00:00.000,AAR
980012,2022-06-23T00:00:00.000,BT
1382605,2022-06-23T00:00:00.000,Bus
188546,2022-06-23T00:00:00.000,LIRR
169144,2022-06-23T00:00:00.000,MNR
6716,2022-06-23T00:00:00.000,SIR
3407485,2022-06-23T00:00:00.000,Subway
24414,2022-06-24T00:00:00.000,AAR
1021439,2022-06-24T00:00:00.000,BT
1331442,2022-06-24T00:00:00.000,Bus
187818,2022-06-24T00:00:00.000,LIRR
161647,2022-06-24T00:00:00.000,MNR
6066,2022-06-24T00:00:00.000,SIR
3296412,2022-06-24T00:00:00.000,Subway
15274,2022-06-25T00:00:00.000,AAR
979081,2022-06-25T00:00:00.000,BT
888953,2022-06-25T00:00:00.000,Bus
106000,2022-06-25T00:00:00.000,LIRR
102466,2022-06-25T00:00:00.000,MNR
50,2022-06-25T00:00:00.000,SIR
2286963,2022-06-25T00:00:00.000,Subway
14574,2022-06-26T00:00:00.000,AAR
966929,2022-06-26T00:00:00.000,BT
696910,2022-06-26T00:00:00.000,Bus
102452,2022-06-26T00:00:00.000,LIRR
99103,2022-06-26T00:00:00.000,MNR
618,2022-06-26T00:00:00.000,SIR
2011977,2022-06-26T00:00:00.000,Subway
22331,2022-06-27T00:00:00.000,AAR
998918,2022-06-27T00:00:00.000,BT
1279403,2022-06-27T00:00:00.000,Bus
171627,2022-06-27T00:00:00.000,LIRR
149284,2022-06-27T00:00:00.000,MNR
6260,2022-06-27T00:00:00.000,SIR
2932598,2022-06-27T00:00:00.000,Subway
24179,2022-06-28T00:00:00.000,AAR
943776,2022-06-28T00:00:00.000,BT
1328144,2022-06-28T00:00:00.000,Bus
199956,2022-06-28T00:00:00.000,LIRR
174878,2022-06-28T00:00:00.000,MNR
6903,2022-06-28T00:00:00.000,SIR
3248338,2022-06-28T00:00:00.000,Subway
25392,2022-06-29T00:00:00.000,AAR
978916,2022-06-29T00:00:00.000,BT
1325530,2022-06-29T00:00:00.000,Bus
191855,2022-06-29T00:00:00.000,LIRR
169146,2022-06-29T00:00:00.000,MNR
6792,2022-06-29T00:00:00.000,SIR
3249261,2022-06-29T00:00:00.000,Subway
24651,2022-06-30T00:00:00.000,AAR
995835,2022-06-30T00:00:00.000,BT
1300241,2022-06-30T00:00:00.000,Bus
191868,2022-06-30T00:00:00.000,LIRR
158265,2022-06-30T00:00:00.000,MNR
6407,2022-06-30T00:00:00.000,SIR
3151572,2022-06-30T00:00:00.000,Subway
23983,2022-07-01T00:00:00.000,AAR
1010716,2022-07-01T00:00:00.000,BT
1221837,2022-07-01T00:00:00.000,Bus
151245,2022-07-01T00:00:00.000,LIRR
117791,2022-07-01T00:00:00.000,MNR
5291,2022-07-01T00:00:00.000,SIR
2827549,2022-07-01T00:00:00.000,Subway
12878,2022-07-02T00:00:00.000,AAR
838484,2022-07-02T00:00:00.000,BT
827668,2022-07-02T00:00:00.000,Bus
84481,2022-07-02T00:00:00.000,LIRR
75179,2022-07-02T00:00:00.000,MNR
2042,2022-07-02T00:00:00.000,SIR
1847093,2022-07-02T00:00:00.000,Subway
14822,2022-07-03T00:00:00.000,AAR
820452,2022-07-03T00:00:00.000,BT
703282,2022-07-03T00:00:00.000,Bus
86602,2022-07-03T00:00:00.000,LIRR
73949,2022-07-03T00:00:00.000,MNR
1909,2022-07-03T00:00:00.000,SIR
1654774,2022-07-03T00:00:00.000,Subway
10976,2022-07-04T00:00:00.000,AAR
773557,2022-07-04T00:00:00.000,BT
689986,2022-07-04T00:00:00.000,Bus
85709,2022-07-04T00:00:00.000,LIRR
72464,2022-07-04T00:00:00.000,MNR
2148,2022-07-04T00:00:00.000,SIR
1608084,2022-07-04T00:00:00.000,Subway
22800,2022-07-05T00:00:00.000,AAR
986240,2022-07-05T00:00:00.000,BT
1246208,2022-07-05T00:00:00.000,Bus
169990,2022-07-05T00:00:00.000,LIRR
150170,2022-07-05T00:00:00.000,MNR
5935,2022-07-05T00:00:00.000,SIR
2802814,2022-07-05T00:00:00.000,Subway
25372,2022-07-06T00:00:00.000,AAR
910064,2022-07-06T00:00:00.000,BT
1330990,2022-07-06T00:00:00.000,Bus
173648,2022-07-06T00:00:00.000,LIRR
153543,2022-07-06T00:00:00.000,MNR
6448,2022-07-06T00:00:00.000,SIR
3066462,2022-07-06T00:00:00.000,Subway
25119,2022-07-07T00:00:00.000,AAR
935642,2022-07-07T00:00:00.000,BT
1333373,2022-07-07T00:00:00.000,Bus
173393,2022-07-07T00:00:00.000,LIRR
151105,2022-07-07T00:00:00.000,MNR
6463,2022-07-07T00:00:00.000,SIR
3115604,2022-07-07T00:00:00.000,Subway
24108,2022-07-08T00:00:00.000,AAR
952298,2022-07-08T00:00:00.000,BT
1249434,2022-07-08T00:00:00.000,Bus
163715,2022-07-08T00:00:00.000,LIRR
134620,2022-07-08T00:00:00.000,MNR
5625,2022-07-08T00:00:00.000,SIR
2902322,2022-07-08T00:00:00.000,Subway
14546,2022-07-09T00:00:00.000,AAR
883669,2022-07-09T00:00:00.000,BT
885289,2022-07-09T00:00:00.000,Bus
92765,2022-07-09T00:00:00.000,LIRR
89757,2022-07-09T00:00:00.000,MNR
2563,2022-07-09T00:00:00.000,SIR
2061419,2022-07-09T00:00:00.000,Subway
14147,2022-07-10T00:00:00.000,AAR
918301,2022-07-10T00:00:00.000,BT
707984,2022-07-10T00:00:00.000,Bus
82276,2022-07-10T00:00:00.000,LIRR
71195,2022-07-10T00:00:00.000,MNR
2016,2022-07-10T00:00:00.000,SIR
1681041,2022-07-10T00:00:00.000,Subway
23255,2022-07-11T00:00:00.000,AAR
980122,2022-07-11T00:00:00.000,BT
1312895,2022-07-11T00:00:00.000,Bus
167475,2022-07-11T00:00:00.000,LIRR
148113,2022-07-11T00:00:00.000,MNR
6163,2022-07-11T00:00:00.000,SIR
2876587,2022-07-11T00:00:00.000,Subway
24697,2022-07-12T00:00:00.000,AAR
916026,2022-07-12T00:00:00.000,BT
1350346,2022-07-12T00:00:00.000,Bus
180172,2022-07-12T00:00:00.000,LIRR
164494,2022-07-12T00:00:00.000,MNR
6780,2022-07-12T00:00:00.000,SIR
3148320,2022-07-12T00:00:00.000,Subway
25800,2022-07-13T00:00:00.000,AAR
932922,2022-07-13T00:00:00.000,BT
1365172,2022-07-13T00:00:00.000,Bus
178413,2022-07-13T00:00:00.000,LIRR
166187,2022-07-13T00:00:00.000,MNR
6536,2022-07-13T00:00:00.000,SIR
3229387,2022-07-13T00:00:00.000,Subway
25312,2022-07-14T00:00:00.000,AAR
968279,2022-07-14T00:00:00.000,BT
1355975,2022-07-14T00:00:00.000,Bus
174794,2022-07-14T00:00:00.000,LIRR
159599,2022-07-14T00:00:00.000,MNR
6413,2022-07-14T00:00:00.000,SIR
3203104,2022-07-14T00:00:00.000,Subway
24177,2022-07-15T00:00:00.000,AAR
988268,2022-07-15T00:00:00.000,BT
1291217,2022-07-15T00:00:00.000,Bus
171615,2022-07-15T00:00:00.000,LIRR
148858,2022-07-15T00:00:00.000,MNR
5527,2022-07-15T00:00:00.000,SIR
3021651,2022-07-15T00:00:00.000,Subway
15226,2022-07-16T00:00:00.000,AAR
923278,2022-07-16T00:00:00.000,BT
859537,2022-07-16T00:00:00.000,Bus
101758,2022-07-16T00:00:00.000,LIRR
98156,2022-07-16T00:00:00.000,MNR
64,2022-07-16T00:00:00.000,SIR
2093206,2022-07-16T00:00:00.000,Subway
13868,2022-07-17T00:00:00.000,AAR
910415,2022-07-17T00:00:00.000,BT
701796,2022-07-17T00:00:00.000,Bus
82028,2022-07-17T00:00:00.000,LIRR
80166,2022-07-17T00:00:00.000,MNR
7,2022-07-17T00:00:00.000,SIR
1674922,2022-07-17T00:00:00.000,Subway
22670,2022-07-18T00:00:00.000,AAR
939700,2022-07-18T00:00:00.000,BT
1209240,2022-07-18T00:00:00.000,Bus
162178,2022-07-18T00:00:00.000,LIRR
132779,2022-07-18T00:00:00.000,MNR
5543,2022-07-18T00:00:00.000,SIR
2720012,2022-07-18T00:00:00.000,Subway
24933,2022-07-19T00:00:00.000,AAR
918884,2022-07-19T00:00:00.000,BT
1372407,2022-07-19T00:00:00.000,Bus
180693,2022-07-19T00:00:00.000,LIRR
160294,2022-07-19T00:00:00.000,MNR
6593,2022-07-19T00:00:00.000,SIR
3169016,2022-07-19T00:00:00.000,Subway
25590,2022-07-20T00:00:00.000,AAR
942216,2022-07-20T00:00:00.000,BT
1357383,2022-07-20T00:00:00.000,Bus
180707,2022-07-20T00:00:00.000,LIRR
156988,2022-07-20T00:00:00.000,MNR
6167,2022-07-20T00:00:00.000,SIR
3190942,2022-07-20T00:00:00.000,Subway
24308,2022-07-21T00:00:00.000,AAR
948108,2022-07-21T00:00:00.000,BT
1302978,2022-07-21T00:00:00.000,Bus
173070,2022-07-21T00:00:00.000,LIRR
150414,2022-07-21T00:00:00.000,MNR
6166,2022-07-21T00:00:00.000,SIR
3109097,2022-07-21T00:00:00.000,Subway
23926,2022-07-22T00:00:00.000,AAR
983182,2022-07-22T00:00:00.000,BT
1267907,2022-07-22T00:00:00.000,Bus
174861,2022-07-22T00:00:00.000,LIRR
138068,2022-07-22T00:00:00.000,MNR
5322,2022-07-22T00:00:00.000,SIR
2942752,2022-07-22T00:00:00.000,Subway
14503,2022-07-23T00:00:00.000,AAR
922364,2022-07-23T00:00:00.000,BT
862976,2022-07-23T00:00:00.000,Bus
99341,2022-07-23T00:00:00.000,LIRR
86245,2022-07-23T00:00:00.000,MNR
32,2022-07-23T00:00:00.000,SIR
2028696,2022-07-23T00:00:00.000,Subway
12751,2022-07-24T00:00:00.000,AAR
913505,2022-07-24T00:00:00.000,BT
674189,2022-07-24T00:00:00.000,Bus
82656,2022-07-24T00:00:00.000,LIRR
68265,2022-07-24T00:00:00.000,MNR
6,2022-07-24T00:00:00.000,SIR
1596195,2022-07-24T00:00:00.000,Subway
22355,2022-07-25T00:00:00.000,AAR
960877,2022-07-25T00:00:00.000,BT
1220826,2022-07-25T00:00:00.000,Bus
163454,2022-07-25T00:00:00.000,LIRR
140432,2022-07-25T00:00:00.000,MNR
5692,2022-07-25T00:00:00.000,SIR
2727722,2022-07-25T00:00:00.000,Subway
24990,2022-07-26T00:00:00.000,AAR
932055,2022-07-26T00:00:00.000,BT
1360570,2022-07-26T00:00:00.000,Bus
186182,2022-07-26T00:00:00.000,LIRR
162994,2022-07-26T00:00:00.000,MNR
6479,2022-07-26T00:00:00.000,SIR
3175001,2022-07-26T00:00:00.000,Subway
25759,2022-07-27T00:00:00.000,AAR
953925,2022-07-27T00:00:00.000,BT
1369023,2022-07-27T00:00:00.000,Bus
185332,2022-07-27T00:00:00.000,LIRR
161241,2022-07-27T00:00:00.000,MNR
6667,2022-07-27T00:00:00.000,SIR
3232796,2022-07-27T00:00:00.000,Subway
24413,2022-07-28T00:00:00.000,AAR
971166,2022-07-28T00:00:00.000,BT
1332113,2022-07-28T00:00:00.000,Bus
173264,2022-07-28T00:00:00.000,LIRR
156936,2022-07-28T00:00:00.000,MNR
6421,2022-07-28T00:00:00.000,SIR
3151913,2022-07-28T00:00:00.000,Subway
23697,2022-07-29T00:00:00.000,AAR
973369,2022-07-29T00:00:00.000,BT
1260714,2022-07-29T00:00:00.000,Bus
166723,2022-07-29T00:00:00.000,LIRR
147568,2022-07-29T00:00:00.000,MNR
5532,2022-07-29T00:00:00.000,SIR
2932846,2022-07-29T00:00:00.000,Subway
15068,2022-07-30T00:00:00.000,AAR
928389,2022-07-30T00:00:00.000,BT
893846,2022-07-30T00:00:00.000,Bus
89426,2022-07-30T00:00:00.000,LIRR
96840,2022-07-30T00:00:00.000,MNR
56,2022-07-30T00:00:00.000,SIR
2074421,2022-07-30T00:00:00.000,Subway
14046,2022-07-31T00:00:00.000,AAR
934914,2022-07-31T00:00:00.000,BT
693700,2022-07-31T00:00:00.000,Bus
77991,2022-07-31T00:00:00.000,LIRR
78953,2022-07-31T00:00:00.000,MNR
3,2022-07-31T00:00:00.000,SIR
1649097,2022-07-31T00:00:00.000,Subway
22892,2022-08-01T00:00:00.000,AAR
971706,2022-08-01T00:00:00.000,BT
1240007,2022-08-01T00:00:00.000,Bus
151752,2022-08-01T00:00:00.000,LIRR
138431,2022-08-01T00:00:00.000,MNR
5673,2022-08-01T00:00:00.000,SIR
2739262,2022-08-01T00:00:00.000,Subway
24865,2022-08-02T00:00:00.000,AAR
915272,2022-08-02T00:00:00.000,BT
1346324,2022-08-02T00:00:00.000,Bus
173023,2022-08-02T00:00:00.000,LIRR
158236,2022-08-02T00:00:00.000,MNR
6452,2022-08-02T00:00:00.000,SIR
3070101,2022-08-02T00:00:00.000,Subway
26785,2022-08-03T00:00:00.000,AAR
941590,2022-08-03T00:00:00.000,BT
1367848,2022-08-03T00:00:00.000,Bus
173751,2022-08-03T00:00:00.000,LIRR
158305,2022-08-03T00:00:00.000,MNR
6170,2022-08-03T00:00:00.000,SIR
3124038,2022-08-03T00:00:00.000,Subway
25326,2022-08-04T00:00:00.000,AAR
965837,2022-08-04T00:00:00.000,BT
1323229,2022-08-04T00:00:00.000,Bus
174491,2022-08-04T00:00:00.000,LIRR
147770,2022-08-04T00:00:00.000,MNR
5409,2022-08-04T00:00:00.000,SIR
3049076,2022-08-04T00:00:00.000,Subway
23824,2022-08-05T00:00:00.000,AAR
973507,2022-08-05T00:00:00.000,BT
1260961,2022-08-05T00:00:00.000,Bus
161323,2022-08-05T00:00:00.000,LIRR
129376,2022-08-05T00:00:00.000,MNR
4754,2022-08-05T00:00:00.000,SIR
2822155,2022-08-05T00:00:00.000,Subway
14893,2022-08-06T00:00:00.000,AAR
922893,2022-08-06T00:00:00.000,BT
865676,2022-08-06T00:00:00.000,Bus
95704,2022-08-06T00:00:00.000,LIRR
84495,2022-08-06T00:00:00.000,MNR
33,2022-08-06T00:00:00.000,SIR
1999580,2022-08-06T00:00:00.000,Subway
14367,2022-08-07T00:00:00.000,AAR
896790,2022-08-07T00:00:00.000,BT
670866,2022-08-07T00:00:00.000,Bus
78449,2022-08-07T00:00:00.000,LIRR
66242,2022-08-07T00:00:00.000,MNR
153,2022-08-07T00:00:00.000,SIR
1542311,2022-08-07T00:00:00.000,Subway
22965,2022-08-08T00:00:00.000,AAR
971707,2022-08-08T00:00:00.000,BT
1276524,2022-08-08T00:00:00.000,Bus
165363,2022-08-08T00:00:00.000,LIRR
137457,2022-08-08T00:00:00.000,MNR
5496,2022-08-08T00:00:00.000,SIR
2705428,2022-08-08T00:00:00.000,Subway
25056,2022-08-09T00:00:00.000,AAR
924273,2022-08-09T00:00:00.000,BT
1308034,2022-08-09T00:00:00.000,Bus
173284,2022-08-09T00:00:00.000,LIRR
151624,2022-08-09T00:00:00.000,MNR
5935,2022-08-09T00:00:00.000,SIR
3013784,2022-08-09T00:00:00.000,Subway
26098,2022-08-10T00:00:00.000,AAR
944416,2022-08-10T00:00:00.000,BT
1347916,2022-08-10T00:00:00.000,Bus
178656,2022-08-10T00:00:00.000,LIRR
147931,2022-08-10T00:00:00.000,MNR
6117,2022-08-10T00:00:00.000,SIR
3134434,2022-08-10T00:00:00.000,Subway
25553,2022-08-11T00:00:00.000,AAR
954154,2022-08-11T00:00:00.000,BT
1315101,2022-08-11T00:00:00.000,Bus
171390,2022-08-11T00:00:00.000,LIRR
146019,2022-08-11T00:00:00.000,MNR
5842,2022-08-11T00:00:00.000,SIR
3093548,2022-08-11T00:00:00.000,Subway
24849,2022-08-12T00:00:00.000,AAR
990640,2022-08-12T00:00:00.000,BT
1273620,2022-08-12T00:00:00.000,Bus
175220,2022-08-12T00:00:00.000,LIRR
137578,2022-08-12T00:00:00.000,MNR
5422,2022-08-12T00:00:00.000,SIR
2963913,2022-08-12T00:00:00.000,Subway
15889,2022-08-13T00:00:00.000,AAR
931746,2022-08-13T00:00:00.000,BT
878499,2022-08-13T00:00:00.000,Bus
103227,2022-08-13T00:00:00.000,LIRR
89569,2022-08-13T00:00:00.000,MNR
1632,2022-08-13T00:00:00.000,SIR
2089217,2022-08-13T00:00:00.000,Subway
14492,2022-08-14T00:00:00.000,AAR
935842,2022-08-14T00:00:00.000,BT
692644,2022-08-14T00:00:00.000,Bus
88242,2022-08-14T00:00:00.000,LIRR
72900,2022-08-14T00:00:00.000,MNR
1339,2022-08-14T00:00:00.000,SIR
1677803,2022-08-14T00:00:00.000,Subway
23199,2022-08-15T00:00:00.000,AAR
985785,2022-08-15T00:00:00.000,BT
1234308,2022-08-15T00:00:00.000,Bus
161519,2022-08-15T00:00:00.000,LIRR
144170,2022-08-15T00:00:00.000,MNR
5395,2022-08-15T00:00:00.000,SIR
2768347,2022-08-15T00:00:00.000,Subway
24994,2022-08-16T00:00:00.000,AAR
918132,2022-08-16T00:00:00.000,BT
1288800,2022-08-16T00:00:00.000,Bus
173651,2022-08-16T00:00:00.000,LIRR
157888,2022-08-16T00:00:00.000,MNR
6228,2022-08-16T00:00:00.000,SIR
3045892,2022-08-16T00:00:00.000,Subway
25904,2022-08-17T00:00:00.000,AAR
933550,2022-08-17T00:00:00.000,BT
1284966,2022-08-17T00:00:00.000,Bus
172248,2022-08-17T00:00:00.000,LIRR
155815,2022-08-17T00:00:00.000,MNR
6080,2022-08-17T00:00:00.000,SIR
3074027,2022-08-17T00:00:00.000,Subway
25701,2022-08-18T00:00:00.000,AAR
970803,2022-08-18T00:00:00.000,BT
1283965,2022-08-18T00:00:00.000,Bus
181136,2022-08-18T00:00:00.000,LIRR
150643,2022-08-18T00:00:00.000,MNR
5834,2022-08-18T00:00:00.000,SIR
3077928,2022-08-18T00:00:00.000,Subway
24141,2022-08-19T00:00:00.000,AAR
987694,2022-08-19T00:00:00.000,BT
1239929,2022-08-19T00:00:00.000,Bus
164682,2022-08-19T00:00:00.000,LIRR
141791,2022-08-19T00:00:00.000,MNR
5132,2022-08-19T00:00:00.000,SIR
2918737,2022-08-19T00:00:00.000,Subway
15903,2022-08-20T00:00:00.000,AAR
934332,2022-08-20T00:00:00.000,BT
875371,2022-08-20T00:00:00.000,Bus
96552,2022-08-20T00:00:00.000,LIRR
97718,2022-08-20T00:00:00.000,MNR
1699,2022-08-20T00:00:00.000,SIR
2038622,2022-08-20T00:00:00.000,Subway
14617,2022-08-21T00:00:00.000,AAR
923495,2022-08-21T00:00:00.000,BT
692309,2022-08-21T00:00:00.000,Bus
84669,2022-08-21T00:00:00.000,LIRR
81666,2022-08-21T00:00:00.000,MNR
1272,2022-08-21T00:00:00.000,SIR
1619422,2022-08-21T00:00:00.000,Subway
21887,2022-08-22T00:00:00.000,AAR
950532,2022-08-22T00:00:00.000,BT
1144254,2022-08-22T00:00:00.000,Bus
160918,2022-08-22T00:00:00.000,LIRR
141482,2022-08-22T00:00:00.000,MNR
5185,2022-08-22T00:00:00.000,SIR
2622885,2022-08-22T00:00:00.000,Subway
24448,2022-08-23T00:00:00.000,AAR
911930,2022-08-23T00:00:00.000,BT
1261782,2022-08-23T00:00:00.000,Bus
173898,2022-08-23T00:00:00.000,LIRR
155953,2022-08-23T00:00:00.000,MNR
5903,2022-08-23T00:00:00.000,SIR
2992615,2022-08-23T00:00:00.000,Subway
25654,2022-08-24T00:00:00.000,AAR
943076,2022-08-24T00:00:00.000,BT
1288092,2022-08-24T00:00:00.000,Bus
177790,2022-08-24T00:00:00.000,LIRR
151169,2022-08-24T00:00:00.000,MNR
6036,2022-08-24T00:00:00.000,SIR
3020710,2022-08-24T00:00:00.000,Subway
24964,2022-08-25T00:00:00.000,AAR
968670,2022-08-25T00:00:00.000,BT
1310134,2022-08-25T00:00:00.000,Bus
177178,2022-08-25T00:00:00.000,LIRR
142659,2022-08-25T00:00:00.000,MNR
6122,2022-08-25T00:00:00.000,SIR
3090901,2022-08-25T00:00:00.000,Subway
23417,2022-08-26T00:00:00.000,AAR
968534,2022-08-26T00:00:00.000,BT
1217448,2022-08-26T00:00:00.000,Bus
171765,2022-08-26T00:00:00.000,LIRR
133306,2022-08-26T00:00:00.000,MNR
4969,2022-08-26T00:00:00.000,SIR
2863653,2022-08-26T00:00:00.000,Subway
15575,2022-08-27T00:00:00.000,AAR
945459,2022-08-27T00:00:00.000,BT
874084,2022-08-27T00:00:00.000,Bus
103192,2022-08-27T00:00:00.000,LIRR
90006,2022-08-27T00:00:00.000,MNR
2214,2022-08-27T00:00:00.000,SIR
2066542,2022-08-27T00:00:00.000,Subway
14506,2022-08-28T00:00:00.000,AAR
950351,2022-08-28T00:00:00.000,BT
681823,2022-08-28T00:00:00.000,Bus
86867,2022-08-28T00:00:00.000,LIRR
76296,2022-08-28T00:00:00.000,MNR
1816,2022-08-28T00:00:00.000,SIR
1651689,2022-08-28T00:00:00.000,Subway
22503,2022-08-29T00:00:00.000,AAR
988424,2022-08-29T00:00:00.000,BT
1263000,2022-08-29T00:00:00.000,Bus
180588,2022-08-29T00:00:00.000,LIRR
140540,2022-08-29T00:00:00.000,MNR
5705,2022-08-29T00:00:00.000,SIR
2836374,2022-08-29T00:00:00.000,Subway
24300,2022-08-30T00:00:00.000,AAR
931848,2022-08-30T00:00:00.000,BT
1326293,2022-08-30T00:00:00.000,Bus
195986,2022-08-30T00:00:00.000,LIRR
152025,2022-08-30T00:00:00.000,MNR
6228,2022-08-30T00:00:00.000,SIR
3091873,2022-08-30T00:00:00.000,Subway
25541,2022-08-31T00:00:00.000,AAR
959111,2022-08-31T00:00:00.000,BT
1342568,2022-08-31T00:00:00.000,Bus
197154,2022-08-31T00:00:00.000,LIRR
149499,2022-08-31T00:00:00.000,MNR
6261,2022-08-31T00:00:00.000,SIR
3144027,2022-08-31T00:00:00.000,Subway
25382,2022-09-01T00:00:00.000,AAR
990211,2022-09-01T00:00:00.000,BT
1338287,2022-09-01T00:00:00.000,Bus
186311,2022-09-01T00:00:00.000,LIRR
140082,2022-09-01T00:00:00.000,MNR
6189,2022-09-01T00:00:00.000,SIR
3114667,2022-09-01T00:00:00.000,Subway
24696,2022-09-02T00:00:00.000,AAR
1003856,2022-09-02T00:00:00.000,BT
1250956,2022-09-02T00:00:00.000,Bus
185153,2022-09-02T00:00:00.000,LIRR
138009,2022-09-02T00:00:00.000,MNR
5307,2022-09-02T00:00:00.000,SIR
2925306,2022-09-02T00:00:00.000,Subway
15863,2022-09-03T00:00:00.000,AAR
912739,2022-09-03T00:00:00.000,BT
867750,2022-09-03T00:00:00.000,Bus
116405,2022-09-03T00:00:00.000,LIRR
94997,2022-09-03T00:00:00.000,MNR
2455,2022-09-03T00:00:00.000,SIR
2116811,2022-09-03T00:00:00.000,Subway
15428,2022-09-04T00:00:00.000,AAR
902172,2022-09-04T00:00:00.000,BT
701646,2022-09-04T00:00:00.000,Bus
97728,2022-09-04T00:00:00.000,LIRR
77386,2022-09-04T00:00:00.000,MNR
1894,2022-09-04T00:00:00.000,SIR
1802349,2022-09-04T00:00:00.000,Subway
9722,2022-09-05T00:00:00.000,AAR
844703,2022-09-05T00:00:00.000,BT
682671,2022-09-05T00:00:00.000,Bus
93198,2022-09-05T00:00:00.000,LIRR
74585,2022-09-05T00:00:00.000,MNR
1977,2022-09-05T00:00:00.000,SIR
1691887,2022-09-05T00:00:00.000,Subway
24963,2022-09-06T00:00:00.000,AAR
916636,2022-09-06T00:00:00.000,BT
1231759,2022-09-06T00:00:00.000,Bus
190260,2022-09-06T00:00:00.000,LIRR
164255,2022-09-06T00:00:00.000,MNR
6016,2022-09-06T00:00:00.000,SIR
3063503,2022-09-06T00:00:00.000,Subway
26773,2022-09-07T00:00:00.000,AAR
930871,2022-09-07T00:00:00.000,BT
1412342,2022-09-07T00:00:00.000,Bus
203983,2022-09-07T00:00:00.000,LIRR
179628,2022-09-07T00:00:00.000,MNR
6698,2022-09-07T00:00:00.000,SIR
3444556,2022-09-07T00:00:00.000,Subway
27121,2022-09-08T00:00:00.000,AAR
956587,2022-09-08T00:00:00.000,BT
1517502,2022-09-08T00:00:00.000,Bus
199489,2022-09-08T00:00:00.000,LIRR
178788,2022-09-08T00:00:00.000,MNR
7185,2022-09-08T00:00:00.000,SIR
3644407,2022-09-08T00:00:00.000,Subway
25627,2022-09-09T00:00:00.000,AAR
997468,2022-09-09T00:00:00.000,BT
1492297,2022-09-09T00:00:00.000,Bus
189930,2022-09-09T00:00:00.000,LIRR
161197,2022-09-09T00:00:00.000,MNR
6432,2022-09-09T00:00:00.000,SIR
3481756,2022-09-09T00:00:00.000,Subway
15345,2022-09-10T00:00:00.000,AAR
959744,2022-09-10T00:00:00.000,BT
914744,2022-09-10T00:00:00.000,Bus
103789,2022-09-10T00:00:00.000,LIRR
98043,2022-09-10T00:00:00.000,MNR
1948,2022-09-10T00:00:00.000,SIR
2356865,2022-09-10T00:00:00.000,Subway
14467,2022-09-11T00:00:00.000,AAR
902508,2022-09-11T00:00:00.000,BT
659929,2022-09-11T00:00:00.000,Bus
82638,2022-09-11T00:00:00.000,LIRR
72789,2022-09-11T00:00:00.000,MNR
1275,2022-09-11T00:00:00.000,SIR
1737251,2022-09-11T00:00:00.000,Subway
24947,2022-09-12T00:00:00.000,AAR
954767,2022-09-12T00:00:00.000,BT
1519324,2022-09-12T00:00:00.000,Bus
187548,2022-09-12T00:00:00.000,LIRR
163430,2022-09-12T00:00:00.000,MNR
6863,2022-09-12T00:00:00.000,SIR
3382150,2022-09-12T00:00:00.000,Subway
26317,2022-09-13T00:00:00.000,AAR
918150,2022-09-13T00:00:00.000,BT
1557686,2022-09-13T00:00:00.000,Bus
200171,2022-09-13T00:00:00.000,LIRR
180183,2022-09-13T00:00:00.000,MNR
7552,2022-09-13T00:00:00.000,SIR
3618354,2022-09-13T00:00:00.000,Subway
28124,2022-09-14T00:00:00.000,AAR
951346,2022-09-14T00:00:00.000,BT
1590666,2022-09-14T00:00:00.000,Bus
202713,2022-09-14T00:00:00.000,LIRR
181619,2022-09-14T00:00:00.000,MNR
7740,2022-09-14T00:00:00.000,SIR
3741978,2022-09-14T00:00:00.000,Subway
27391,2022-09-15T00:00:00.000,AAR
971361,2022-09-15T00:00:00.000,BT
1573907,2022-09-15T00:00:00.000,Bus
197284,2022-09-15T00:00:00.000,LIRR
175672,2022-09-15T00:00:00.000,MNR
7725,2022-09-15T00:00:00.000,SIR
3747731,2022-09-15T00:00:00.000,Subway
26025,2022-09-16T00:00:00.000,AAR
1002927,2022-09-16T00:00:00.000,BT
1501956,2022-09-16T00:00:00.000,Bus
184424,2022-09-16T00:00:00.000,LIRR
155750,2022-09-16T00:00:00.000,MNR
6797,2022-09-16T00:00:00.000,SIR
3502358,2022-09-16T00:00:00.000,Subway
15828,2022-09-17T00:00:00.000,AAR
949232,2022-09-17T00:00:00.000,BT
916215,2022-09-17T00:00:00.000,Bus
99403,2022-09-17T00:00:00.000,LIRR
101734,2022-09-17T00:00:00.000,MNR
2693,2022-09-17T00:00:00.000,SIR
2350888,2022-09-17T00:00:00.000,Subway
15588,2022-09-18T00:00:00.000,AAR
967956,2022-09-18T00:00:00.000,BT
712161,2022-09-18T00:00:00.000,Bus
86329,2022-09-18T00:00:00.000,LIRR
79158,2022-09-18T00:00:00.000,MNR
1944,2022-09-18T00:00:00.000,SIR
1844317,2022-09-18T00:00:00.000,Subway
24491,2022-09-19T00:00:00.000,AAR
974265,2022-09-19T00:00:00.000,BT
1490926,2022-09-19T00:00:00.000,Bus
187831,2022-09-19T00:00:00.000,LIRR
164392,2022-09-19T00:00:00.000,MNR
7155,2022-09-19T00:00:00.000,SIR
3369999,2022-09-19T00:00:00.000,Subway
26148,2022-09-20T00:00:00.000,AAR
921735,2022-09-20T00:00:00.000,BT
1554448,2022-09-20T00:00:00.000,Bus
203873,2022-09-20T00:00:00.000,LIRR
188771,2022-09-20T00:00:00.000,MNR
7962,2022-09-20T00:00:00.000,SIR
3767024,2022-09-20T00:00:00.000,Subway
27479,2022-09-21T00:00:00.000,AAR
937846,2022-09-21T00:00:00.000,BT
1543632,2022-09-21T00:00:00.000,Bus
204572,2022-09-21T00:00:00.000,LIRR
188361,2022-09-21T00:00:00.000,MNR
8112,2022-09-21T00:00:00.000,SIR
3878782,2022-09-21T00:00:00.000,Subway
26136,2022-09-22T00:00:00.000,AAR
941919,2022-09-22T00:00:00.000,BT
1433737,2022-09-22T00:00:00.000,Bus
190703,2022-09-22T00:00:00.000,LIRR
174952,2022-09-22T00:00:00.000,MNR
7883,2022-09-22T00:00:00.000,SIR
3732919,2022-09-22T00:00:00.000,Subway
25738,2022-09-23T00:00:00.000,AAR
975172,2022-09-23T00:00:00.000,BT
1413234,2022-09-23T00:00:00.000,Bus
190670,2022-09-23T00:00:00.000,LIRR
168866,2022-09-23T00:00:00.000,MNR
6902,2022-09-23T00:00:00.000,SIR
3626482,2022-09-23T00:00:00.000,Subway
15593,2022-09-24T00:00:00.000,AAR
958511,2022-09-24T00:00:00.000,BT
860948,2022-09-24T00:00:00.000,Bus
98192,2022-09-24T00:00:00.000,LIRR
115822,2022-09-24T00:00:00.000,MNR
1975,2022-09-24T00:00:00.000,SIR
2377091,2022-09-24T00:00:00.000,Subway
14770,2022-09-25T00:00:00.000,AAR
907260,2022-09-25T00:00:00.000,BT
660871,2022-09-25T00:00:00.000,Bus
81212,2022-09-25T00:00:00.000,LIRR
87366,2022-09-25T00:00:00.000,MNR
1582,2022-09-25T00:00:00.000,SIR
1759832,2022-09-25T00:00:00.000,Subway
21532,2022-09-26T00:00:00.000,AAR
913624,2022-09-26T00:00:00.000,BT
1206954,2022-09-26T00:00:00.000,Bus
177235,2022-09-26T00:00:00.000,LIRR
153930,2022-09-26T00:00:00.000,MNR
5848,2022-09-26T00:00:00.000,SIR
2812853,2022-09-26T00:00:00.000,Subway
24344,2022-09-27T00:00:00.000,AAR
876998,2022-09-27T00:00:00.000,BT
1290217,2022-09-27T00:00:00.000,Bus
192275,2022-09-27T00:00:00.000,LIRR
176941,2022-09-27T00:00:00.000,MNR
6744,2022-09-27T00:00:00.000,SIR
3204114,2022-09-27T00:00:00.000,Subway
27423,2022-09-28T00:00:00.000,AAR
939793,2022-09-28T00:00:00.000,BT
1541900,2022-09-28T00:00:00.000,Bus
201525,2022-09-28T00:00:00.000,LIRR
179234,2022-09-28T00:00:00.000,MNR
7903,2022-09-28T00:00:00.000,SIR
3712354,2022-09-28T00:00:00.000,Subway
26857,2022-09-29T00:00:00.000,AAR
947340,2022-09-29T00:00:00.000,BT
1503472,2022-09-29T00:00:00.000,Bus
194288,2022-09-29T00:00:00.000,LIRR
173138,2022-09-29T00:00:00.000,MNR
7738,2022-09-29T00:00:00.000,SIR
3707751,2022-09-29T00:00:00.000,Subway
26614,2022-09-30T00:00:00.000,AAR
988591,2022-09-30T00:00:00.000,BT
1477082,2022-09-30T00:00:00.000,Bus
181549,2022-09-30T00:00:00.000,LIRR
164028,2022-09-30T00:00:00.000,MNR
6623,2022-09-30T00:00:00.000,SIR
3503239,2022-09-30T00:00:00.000,Subway
13718,2022-10-01T00:00:00.000,AAR
833109,2022-10-01T00:00:00.000,BT
758826,2022-10-01T00:00:00.000,Bus
72081,2022-10-01T00:00:00.000,LIRR
80394,2022-10-01T00:00:00.000,MNR
1855,2022-10-01T00:00:00.000,SIR
2032983,2022-10-01T00:00:00.000,Subway
13897,2022-10-02T00:00:00.000,AAR
809781,2022-10-02T00:00:00.000,BT
591909,2022-10-02T00:00:00.000,Bus
61918,2022-10-02T00:00:00.000,LIRR
68450,2022-10-02T00:00:00.000,MNR
1302,2022-10-02T00:00:00.000,SIR
1621851,2022-10-02T00:00:00.000,Subway
25390,2022-10-03T00:00:00.000,AAR
906907,2022-10-03T00:00:00.000,BT
1426633,2022-10-03T00:00:00.000,Bus
173268,2022-10-03T00:00:00.000,LIRR
153913,2022-10-03T00:00:00.000,MNR
6824,2022-10-03T00:00:00.000,SIR
3370048,2022-10-03T00:00:00.000,Subway
25282,2022-10-04T00:00:00.000,AAR
843531,2022-10-04T00:00:00.000,BT
1354099,2022-10-04T00:00:00.000,Bus
181887,2022-10-04T00:00:00.000,LIRR
166868,2022-10-04T00:00:00.000,MNR
6825,2022-10-04T00:00:00.000,SIR
3397689,2022-10-04T00:00:00.000,Subway
24305,2022-10-05T00:00:00.000,AAR
797763,2022-10-05T00:00:00.000,BT
1206674,2022-10-05T00:00:00.000,Bus
176091,2022-10-05T00:00:00.000,LIRR
158117,2022-10-05T00:00:00.000,MNR
6012,2022-10-05T00:00:00.000,SIR
3077346,2022-10-05T00:00:00.000,Subway
28527,2022-10-06T00:00:00.000,AAR
958342,2022-10-06T00:00:00.000,BT
1554806,2022-10-06T00:00:00.000,Bus
203783,2022-10-06T00:00:00.000,LIRR
182247,2022-10-06T00:00:00.000,MNR
7907,2022-10-06T00:00:00.000,SIR
3848909,2022-10-06T00:00:00.000,Subway
26725,2022-10-07T00:00:00.000,AAR
1002931,2022-10-07T00:00:00.000,BT
1480214,2022-10-07T00:00:00.000,Bus
204261,2022-10-07T00:00:00.000,LIRR
166955,2022-10-07T00:00:00.000,MNR
6865,2022-10-07T00:00:00.000,SIR
3591080,2022-10-07T00:00:00.000,Subway
15448,2022-10-08T00:00:00.000,AAR
960193,2022-10-08T00:00:00.000,BT
888506,2022-10-08T00:00:00.000,Bus
114687,2022-10-08T00:00:00.000,LIRR
110122,2022-10-08T00:00:00.000,MNR
1975,2022-10-08T00:00:00.000,SIR
2397249,2022-10-08T00:00:00.000,Subway
14776,2022-10-09T00:00:00.000,AAR
925816,2022-10-09T00:00:00.000,BT
691656,2022-10-09T00:00:00.000,Bus
97984,2022-10-09T00:00:00.000,LIRR
88783,2022-10-09T00:00:00.000,MNR
2200,2022-10-09T00:00:00.000,SIR
1917721,2022-10-09T00:00:00.000,Subway
17806,2022-10-10T00:00:00.000,AAR
894061,2022-10-10T00:00:00.000,BT
1034288,2022-10-10T00:00:00.000,Bus
163310,2022-10-10T00:00:00.000,LIRR
152488,2022-10-10T00:00:00.000,MNR
4220,2022-10-10T00:00:00.000,SIR
2556722,2022-10-10T00:00:00.000,Subway
26435,2022-10-11T00:00:00.000,AAR
899990,2022-10-11T00:00:00.000,BT
1521587,2022-10-11T00:00:00.000,Bus
203885,2022-10-11T00:00:00.000,LIRR
192887,2022-10-11T00:00:00.000,MNR
7841,2022-10-11T00:00:00.000,SIR
3649405,2022-10-11T00:00:00.000,Subway
28193,2022-10-12T00:00:00.000,AAR
944219,2022-10-12T00:00:00.000,BT
1554226,2022-10-12T00:00:00.000,Bus
203866,2022-10-12T00:00:00.000,LIRR
185488,2022-10-12T00:00:00.000,MNR
7820,2022-10-12T00:00:00.000,SIR
3776129,2022-10-12T00:00:00.000,Subway
26422,2022-10-13T00:00:00.000,AAR
940348,2022-10-13T00:00:00.000,BT
1463795,2022-10-13T00:00:00.000,Bus
195360,2022-10-13T00:00:00.000,LIRR
173174,2022-10-13T00:00:00.000,MNR
7593,2022-10-13T00:00:00.000,SIR
3682799,2022-10-13T00:00:00.000,Subway
26877,2022-10-14T00:00:00.000,AAR
972805,2022-10-14T00:00:00.000,BT
1468602,2022-10-14T00:00:00.000,Bus
186594,2022-10-14T00:00:00.000,LIRR
170188,2022-10-14T00:00:00.000,MNR
6877,2022-10-14T00:00:00.000,SIR
3578772,2022-10-14T00:00:00.000,Subway
15945,2022-10-15T00:00:00.000,AAR
946525,2022-10-15T00:00:00.000,BT
914771,2022-10-15T00:00:00.000,Bus
100804,2022-10-15T00:00:00.000,LIRR
108230,2022-10-15T00:00:00.000,MNR
1897,2022-10-15T00:00:00.000,SIR
2363501,2022-10-15T00:00:00.000,Subway
15338,2022-10-16T00:00:00.000,AAR
927750,2022-10-16T00:00:00.000,BT
705073,2022-10-16T00:00:00.000,Bus
80395,2022-10-16T00:00:00.000,LIRR
85438,2022-10-16T00:00:00.000,MNR
1385,2022-10-16T00:00:00.000,SIR
1773903,2022-10-16T00:00:00.000,Subway
24045,2022-10-17T00:00:00.000,AAR
912041,2022-10-17T00:00:00.000,BT
1430672,2022-10-17T00:00:00.000,Bus
182855,2022-10-17T00:00:00.000,LIRR
170716,2022-10-17T00:00:00.000,MNR
6952,2022-10-17T00:00:00.000,SIR
3314497,2022-10-17T00:00:00.000,Subway
26135,2022-10-18T00:00:00.000,AAR
878252,2022-10-18T00:00:00.000,BT
1510826,2022-10-18T00:00:00.000,Bus
199026,2022-10-18T00:00:00.000,LIRR
191540,2022-10-18T00:00:00.000,MNR
7917,2022-10-18T00:00:00.000,SIR
3693627,2022-10-18T00:00:00.000,Subway
28002,2022-10-19T00:00:00.000,AAR
943872,2022-10-19T00:00:00.000,BT
1545140,2022-10-19T00:00:00.000,Bus
202921,2022-10-19T00:00:00.000,LIRR
185202,2022-10-19T00:00:00.000,MNR
7934,2022-10-19T00:00:00.000,SIR
3814404,2022-10-19T00:00:00.000,Subway
27649,2022-10-20T00:00:00.000,AAR
959009,2022-10-20T00:00:00.000,BT
1532692,2022-10-20T00:00:00.000,Bus
201886,2022-10-20T00:00:00.000,LIRR
180234,2022-10-20T00:00:00.000,MNR
7784,2022-10-20T00:00:00.000,SIR
3810901,2022-10-20T00:00:00.000,Subway
26385,2022-10-21T00:00:00.000,AAR
987423,2022-10-21T00:00:00.000,BT
1452280,2022-10-21T00:00:00.000,Bus
185797,2022-10-21T00:00:00.000,LIRR
166539,2022-10-21T00:00:00.000,MNR
6848,2022-10-21T00:00:00.000,SIR
3570334,2022-10-21T00:00:00.000,Subway
15832,2022-10-22T00:00:00.000,AAR
941964,2022-10-22T00:00:00.000,BT
916539,2022-10-22T00:00:00.000,Bus
97921,2022-10-22T00:00:00.000,LIRR
122863,2022-10-22T00:00:00.000,MNR
90,2022-10-22T00:00:00.000,SIR
2430406,2022-10-22T00:00:00.000,Subway
14434,2022-10-23T00:00:00.000,AAR
915904,2022-10-23T00:00:00.000,BT
668183,2022-10-23T00:00:00.000,Bus
76024,2022-10-23T00:00:00.000,LIRR
83665,2022-10-23T00:00:00.000,MNR
19,2022-10-23T00:00:00.000,SIR
1740520,2022-10-23T00:00:00.000,Subway
24643,2022-10-24T00:00:00.000,AAR
929008,2022-10-24T00:00:00.000,BT
1432728,2022-10-24T00:00:00.000,Bus
182390,2022-10-24T00:00:00.000,LIRR
161772,2022-10-24T00:00:00.000,MNR
6929,2022-10-24T00:00:00.000,SIR
3357840,2022-10-24T00:00:00.000,Subway
27080,2022-10-25T00:00:00.000,AAR
897211,2022-10-25T00:00:00.000,BT
1512725,2022-10-25T00:00:00.000,Bus
200671,2022-10-25T00:00:00.000,LIRR
183507,2022-10-25T00:00:00.000,MNR
7864,2022-10-25T00:00:00.000,SIR
3712582,2022-10-25T00:00:00.000,Subway
27891,2022-10-26T00:00:00.000,AAR
927657,2022-10-26T00:00:00.000,BT
1539557,2022-10-26T00:00:00.000,Bus
201843,2022-10-26T00:00:00.000,LIRR
181254,2022-10-26T00:00:00.000,MNR
7978,2022-10-26T00:00:00.000,SIR
3794534,2022-10-26T00:00:00.000,Subway
28035,2022-10-27T00:00:00.000,AAR
959969,2022-10-27T00:00:00.000,BT
1543031,2022-10-27T00:00:00.000,Bus
196789,2022-10-27T00:00:00.000,LIRR
179032,2022-10-27T00:00:00.000,MNR
7848,2022-10-27T00:00:00.000,SIR
3892985,2022-10-27T00:00:00.000,Subway
26237,2022-10-28T00:00:00.000,AAR
986341,2022-10-28T00:00:00.000,BT
1455834,2022-10-28T00:00:00.000,Bus
179633,2022-10-28T00:00:00.000,LIRR
159109,2022-10-28T00:00:00.000,MNR
6647,2022-10-28T00:00:00.000,SIR
3624748,2022-10-28T00:00:00.000,Subway
15778,2022-10-29T00:00:00.000,AAR
924676,2022-10-29T00:00:00.000,BT
912721,2022-10-29T00:00:00.000,Bus
86888,2022-10-29T00:00:00.000,LIRR
102975,2022-10-29T00:00:00.000,MNR
42,2022-10-29T00:00:00.000,SIR
2440601,2022-10-29T00:00:00.000,Subway
15324,2022-10-30T00:00:00.000,AAR
931353,2022-10-30T00:00:00.000,BT
711004,2022-10-30T00:00:00.000,Bus
69358,2022-10-30T00:00:00.000,LIRR
80576,2022-10-30T00:00:00.000,MNR
5,2022-10-30T00:00:00.000,SIR
1875953,2022-10-30T00:00:00.000,Subway
24178,2022-10-31T00:00:00.000,AAR
904986,2022-10-31T00:00:00.000,BT
1394453,2022-10-31T00:00:00.000,Bus
177547,2022-10-31T00:00:00.000,LIRR
157055,2022-10-31T00:00:00.000,MNR
6759,2022-10-31T00:00:00.000,SIR
3410892,2022-10-31T00:00:00.000,Subway
26993,2022-11-01T00:00:00.000,AAR
913587,2022-11-01T00:00:00.000,BT
1501329,2022-11-01T00:00:00.000,Bus
196102,2022-11-01T00:00:00.000,LIRR
178425,2022-11-01T00:00:00.000,MNR
7756,2022-11-01T00:00:00.000,SIR
3706707,2022-11-01T00:00:00.000,Subway
28493,2022-11-02T00:00:00.000,AAR
918118,2022-11-02T00:00:00.000,BT
1549724,2022-11-02T00:00:00.000,Bus
198277,2022-11-02T00:00:00.000,LIRR
181158,2022-11-02T00:00:00.000,MNR
7788,2022-11-02T00:00:00.000,SIR
3788123,2022-11-02T00:00:00.000,Subway
28364,2022-11-03T00:00:00.000,AAR
934011,2022-11-03T00:00:00.000,BT
1521975,2022-11-03T00:00:00.000,Bus
197940,2022-11-03T00:00:00.000,LIRR
178498,2022-11-03T00:00:00.000,MNR
7676,2022-11-03T00:00:00.000,SIR
3802455,2022-11-03T00:00:00.000,Subway
27340,2022-11-04T00:00:00.000,AAR
965333,2022-11-04T00:00:00.000,BT
1459619,2022-11-04T00:00:00.000,Bus
180084,2022-11-04T00:00:00.000,LIRR
161378,2022-11-04T00:00:00.000,MNR
6813,2022-11-04T00:00:00.000,SIR
3586358,2022-11-04T00:00:00.000,Subway
16790,2022-11-05T00:00:00.000,AAR
917155,2022-11-05T00:00:00.000,BT
918127,2022-11-05T00:00:00.000,Bus
96845,2022-11-05T00:00:00.000,LIRR
110793,2022-11-05T00:00:00.000,MNR
2628,2022-11-05T00:00:00.000,SIR
2449943,2022-11-05T00:00:00.000,Subway
13926,2022-11-06T00:00:00.000,AAR
762462,2022-11-06T00:00:00.000,BT
648085,2022-11-06T00:00:00.000,Bus
92648,2022-11-06T00:00:00.000,LIRR
94517,2022-11-06T00:00:00.000,MNR
3122,2022-11-06T00:00:00.000,SIR
2116063,2022-11-06T00:00:00.000,Subway
26193,2022-11-07T00:00:00.000,AAR
939096,2022-11-07T00:00:00.000,BT
1478731,2022-11-07T00:00:00.000,Bus
190295,2022-11-07T00:00:00.000,LIRR
168401,2022-11-07T00:00:00.000,MNR
7365,2022-11-07T00:00:00.000,SIR
3456868,2022-11-07T00:00:00.000,Subway
25939,2022-11-08T00:00:00.000,AAR
889879,2022-11-08T00:00:00.000,BT
1356894,2022-11-08T00:00:00.000,Bus
201028,2022-11-08T00:00:00.000,LIRR
183142,2022-11-08T00:00:00.000,MNR
6463,2022-11-08T00:00:00.000,SIR
3431700,2022-11-08T00:00:00.000,Subway
28589,2022-11-09T00:00:00.000,AAR
913877,2022-11-09T00:00:00.000,BT
1517250,2022-11-09T00:00:00.000,Bus
199030,2022-11-09T00:00:00.000,LIRR
180581,2022-11-09T00:00:00.000,MNR
7722,2022-11-09T00:00:00.000,SIR
3772030,2022-11-09T00:00:00.000,Subway
28385,2022-11-10T00:00:00.000,AAR
944593,2022-11-10T00:00:00.000,BT
1516812,2022-11-10T00:00:00.000,Bus
203722,2022-11-10T00:00:00.000,LIRR
180584,2022-11-10T00:00:00.000,MNR
7749,2022-11-10T00:00:00.000,SIR
3802230,2022-11-10T00:00:00.000,Subway
20634,2022-11-11T00:00:00.000,AAR
913452,2022-11-11T00:00:00.000,BT
1077574,2022-11-11T00:00:00.000,Bus
172756,2022-11-11T00:00:00.000,LIRR
154511,2022-11-11T00:00:00.000,MNR
4558,2022-11-11T00:00:00.000,SIR
2994708,2022-11-11T00:00:00.000,Subway
15153,2022-11-12T00:00:00.000,AAR
842390,2022-11-12T00:00:00.000,BT
893837,2022-11-12T00:00:00.000,Bus
94911,2022-11-12T00:00:00.000,LIRR
106101,2022-11-12T00:00:00.000,MNR
2262,2022-11-12T00:00:00.000,SIR
2431419,2022-11-12T00:00:00.000,Subway
15544,2022-11-13T00:00:00.000,AAR
886025,2022-11-13T00:00:00.000,BT
662034,2022-11-13T00:00:00.000,Bus
76869,2022-11-13T00:00:00.000,LIRR
76460,2022-11-13T00:00:00.000,MNR
1658,2022-11-13T00:00:00.000,SIR
1794024,2022-11-13T00:00:00.000,Subway
25728,2022-11-14T00:00:00.000,AAR
930366,2022-11-14T00:00:00.000,BT
1441705,2022-11-14T00:00:00.000,Bus
181582,2022-11-14T00:00:00.000,LIRR
165573,2022-11-14T00:00:00.000,MNR
7135,2022-11-14T00:00:00.000,SIR
3401075,2022-11-14T00:00:00.000,Subway
28155,2022-11-15T00:00:00.000,AAR
901669,2022-11-15T00:00:00.000,BT
1483782,2022-11-15T00:00:00.000,Bus
196179,2022-11-15T00:00:00.000,LIRR
182790,2022-11-15T00:00:00.000,MNR
7776,2022-11-15T00:00:00.000,SIR
3713627,2022-11-15T00:00:00.000,Subway
28574,2022-11-16T00:00:00.000,AAR
905005,2022-11-16T00:00:00.000,BT
1484607,2022-11-16T00:00:00.000,Bus
194893,2022-11-16T00:00:00.000,LIRR
179233,2022-11-16T00:00:00.000,MNR
7589,2022-11-16T00:00:00.000,SIR
3751773,2022-11-16T00:00:00.000,Subway
28778,2022-11-17T00:00:00.000,AAR
948939,2022-11-17T00:00:00.000,BT
1493119,2022-11-17T00:00:00.000,Bus
193797,2022-11-17T00:00:00.000,LIRR
178147,2022-11-17T00:00:00.000,MNR
7633,2022-11-17T00:00:00.000,SIR
3797815,2022-11-17T00:00:00.000,Subway
27236,2022-11-18T00:00:00.000,AAR
971737,2022-11-18T00:00:00.000,BT
1412974,2022-11-18T00:00:00.000,Bus
183576,2022-11-18T00:00:00.000,LIRR
161777,2022-11-18T00:00:00.000,MNR
6546,2022-11-18T00:00:00.000,SIR
3539202,2022-11-18T00:00:00.000,Subway
16076,2022-11-19T00:00:00.000,AAR
915145,2022-11-19T00:00:00.000,BT
864766,2022-11-19T00:00:00.000,Bus
97654,2022-11-19T00:00:00.000,LIRR
101076,2022-11-19T00:00:00.000,MNR
1630,2022-11-19T00:00:00.000,SIR
2323449,2022-11-19T00:00:00.000,Subway
15556,2022-11-20T00:00:00.000,AAR
874603,2022-11-20T00:00:00.000,BT
645986,2022-11-20T00:00:00.000,Bus
74524,2022-11-20T00:00:00.000,LIRR
74870,2022-11-20T00:00:00.000,MNR
1079,2022-11-20T00:00:00.000,SIR
1721187,2022-11-20T00:00:00.000,Subway
25766,2022-11-21T00:00:00.000,AAR
921657,2022-11-21T00:00:00.000,BT
1393031,2022-11-21T00:00:00.000,Bus
185570,2022-11-21T00:00:00.000,LIRR
166517,2022-11-21T00:00:00.000,MNR
7017,2022-11-21T00:00:00.000,SIR
3363626,2022-11-21T00:00:00.000,Subway
27957,2022-11-22T00:00:00.000,AAR
941206,2022-11-22T00:00:00.000,BT
1447618,2022-11-22T00:00:00.000,Bus
200264,2022-11-22T00:00:00.000,LIRR
183771,2022-11-22T00:00:00.000,MNR
7462,2022-11-22T00:00:00.000,SIR
3548882,2022-11-22T00:00:00.000,Subway
25032,2022-11-23T00:00:00.000,AAR
990405,2022-11-23T00:00:00.000,BT
1358016,2022-11-23T00:00:00.000,Bus
210438,2022-11-23T00:00:00.000,LIRR
184135,2022-11-23T00:00:00.000,MNR
6862,2022-11-23T00:00:00.000,SIR
3263998,2022-11-23T00:00:00.000,Subway
18369,2022-11-24T00:00:00.000,AAR
815922,2022-11-24T00:00:00.000,BT
515903,2022-11-24T00:00:00.000,Bus
90771,2022-11-24T00:00:00.000,LIRR
90057,2022-11-24T00:00:00.000,MNR
2006,2022-11-24T00:00:00.000,SIR
1382266,2022-11-24T00:00:00.000,Subway
12834,2022-11-25T00:00:00.000,AAR
857706,2022-11-25T00:00:00.000,BT
842892,2022-11-25T00:00:00.000,Bus
163354,2022-11-25T00:00:00.000,LIRR
148368,2022-11-25T00:00:00.000,MNR
3361,2022-11-25T00:00:00.000,SIR
2058658,2022-11-25T00:00:00.000,Subway
12576,2022-11-26T00:00:00.000,AAR
791813,2022-11-26T00:00:00.000,BT
781665,2022-11-26T00:00:00.000,Bus
105304,2022-11-26T00:00:00.000,LIRR
106685,2022-11-26T00:00:00.000,MNR
2286,2022-11-26T00:00:00.000,SIR
1999608,2022-11-26T00:00:00.000,Subway
13063,2022-11-27T00:00:00.000,AAR
858970,2022-11-27T00:00:00.000,BT
562073,2022-11-27T00:00:00.000,Bus
79973,2022-11-27T00:00:00.000,LIRR
76680,2022-11-27T00:00:00.000,MNR
1408,2022-11-27T00:00:00.000,SIR
1476228,2022-11-27T00:00:00.000,Subway
24969,2022-11-28T00:00:00.000,AAR
933728,2022-11-28T00:00:00.000,BT
1397963,2022-11-28T00:00:00.000,Bus
186710,2022-11-28T00:00:00.000,LIRR
163694,2022-11-28T00:00:00.000,MNR
7120,2022-11-28T00:00:00.000,SIR
3265971,2022-11-28T00:00:00.000,Subway
27009,2022-11-29T00:00:00.000,AAR
891218,2022-11-29T00:00:00.000,BT
1455294,2022-11-29T00:00:00.000,Bus
192494,2022-11-29T00:00:00.000,LIRR
181370,2022-11-29T00:00:00.000,MNR
7510,2022-11-29T00:00:00.000,SIR
3596894,2022-11-29T00:00:00.000,Subway
26469,2022-11-30T00:00:00.000,AAR
862048,2022-11-30T00:00:00.000,BT
1356729,2022-11-30T00:00:00.000,Bus
189152,2022-11-30T00:00:00.000,LIRR
177367,2022-11-30T00:00:00.000,MNR
7204,2022-11-30T00:00:00.000,SIR
3568413,2022-11-30T00:00:00.000,Subway
27018,2022-12-01T00:00:00.000,AAR
911728,2022-12-01T00:00:00.000,BT
1459934,2022-12-01T00:00:00.000,Bus
181825,2022-12-01T00:00:00.000,LIRR
166856,2022-12-01T00:00:00.000,MNR
7538,2022-12-01T00:00:00.000,SIR
3770495,2022-12-01T00:00:00.000,Subway
27007,2022-12-02T00:00:00.000,AAR
928732,2022-12-02T00:00:00.000,BT
1395642,2022-12-02T00:00:00.000,Bus
172860,2022-12-02T00:00:00.000,LIRR
152746,2022-12-02T00:00:00.000,MNR
6576,2022-12-02T00:00:00.000,SIR
3600504,2022-12-02T00:00:00.000,Subway
15540,2022-12-03T00:00:00.000,AAR
812206,2022-12-03T00:00:00.000,BT
760109,2022-12-03T00:00:00.000,Bus
87730,2022-12-03T00:00:00.000,LIRR
89976,2022-12-03T00:00:00.000,MNR
1467,2022-12-03T00:00:00.000,SIR
2291687,2022-12-03T00:00:00.000,Subway
15763,2022-12-04T00:00:00.000,AAR
822551,2022-12-04T00:00:00.000,BT
681713,2022-12-04T00:00:00.000,Bus
81381,2022-12-04T00:00:00.000,LIRR
80173,2022-12-04T00:00:00.000,MNR
1266,2022-12-04T00:00:00.000,SIR
1990479,2022-12-04T00:00:00.000,Subway
26409,2022-12-05T00:00:00.000,AAR
905309,2022-12-05T00:00:00.000,BT
1429308,2022-12-05T00:00:00.000,Bus
183238,2022-12-05T00:00:00.000,LIRR
164873,2022-12-05T00:00:00.000,MNR
7013,2022-12-05T00:00:00.000,SIR
3481640,2022-12-05T00:00:00.000,Subway
27305,2022-12-06T00:00:00.000,AAR
874443,2022-12-06T00:00:00.000,BT
1414979,2022-12-06T00:00:00.000,Bus
195892,2022-12-06T00:00:00.000,LIRR
178862,2022-12-06T00:00:00.000,MNR
7447,2022-12-06T00:00:00.000,SIR
3753299,2022-12-06T00:00:00.000,Subway
27941,2022-12-07T00:00:00.000,AAR
892431,2022-12-07T00:00:00.000,BT
1442871,2022-12-07T00:00:00.000,Bus
194436,2022-12-07T00:00:00.000,LIRR
178345,2022-12-07T00:00:00.000,MNR
7526,2022-12-07T00:00:00.000,SIR
3835333,2022-12-07T00:00:00.000,Subway
28292,2022-12-08T00:00:00.000,AAR
932075,2022-12-08T00:00:00.000,BT
1480877,2022-12-08T00:00:00.000,Bus
192958,2022-12-08T00:00:00.000,LIRR
182314,2022-12-08T00:00:00.000,MNR
7541,2022-12-08T00:00:00.000,SIR
3931499,2022-12-08T00:00:00.000,Subway
26213,2022-12-09T00:00:00.000,AAR
953852,2022-12-09T00:00:00.000,BT
1386473,2022-12-09T00:00:00.000,Bus
185104,2022-12-09T00:00:00.000,LIRR
165147,2022-12-09T00:00:00.000,MNR
6379,2022-12-09T00:00:00.000,SIR
3710928,2022-12-09T00:00:00.000,Subway
16232,2022-12-10T00:00:00.000,AAR
882696,2022-12-10T00:00:00.000,BT
869320,2022-12-10T00:00:00.000,Bus
112142,2022-12-10T00:00:00.000,LIRR
119858,2022-12-10T00:00:00.000,MNR
1873,2022-12-10T00:00:00.000,SIR
2663493,2022-12-10T00:00:00.000,Subway
14949,2022-12-11T00:00:00.000,AAR
839182,2022-12-11T00:00:00.000,BT
618870,2022-12-11T00:00:00.000,Bus
77607,2022-12-11T00:00:00.000,LIRR
74273,2022-12-11T00:00:00.000,MNR
1103,2022-12-11T00:00:00.000,SIR
1865579,2022-12-11T00:00:00.000,Subway
25771,2022-12-12T00:00:00.000,AAR
890013,2022-12-12T00:00:00.000,BT
1384864,2022-12-12T00:00:00.000,Bus
182973,2022-12-12T00:00:00.000,LIRR
163516,2022-12-12T00:00:00.000,MNR
6838,2022-12-12T00:00:00.000,SIR
3466978,2022-12-12T00:00:00.000,Subway
28234,2022-12-13T00:00:00.000,AAR
894901,2022-12-13T00:00:00.000,BT
1437228,2022-12-13T00:00:00.000,Bus
197613,2022-12-13T00:00:00.000,LIRR
183214,2022-12-13T00:00:00.000,MNR
7570,2022-12-13T00:00:00.000,SIR
3763568,2022-12-13T00:00:00.000,Subway
29081,2022-12-14T00:00:00.000,AAR
931055,2022-12-14T00:00:00.000,BT
1435020,2022-12-14T00:00:00.000,Bus
196921,2022-12-14T00:00:00.000,LIRR
183484,2022-12-14T00:00:00.000,MNR
7400,2022-12-14T00:00:00.000,SIR
3777173,2022-12-14T00:00:00.000,Subway
27034,2022-12-15T00:00:00.000,AAR
940379,2022-12-15T00:00:00.000,BT
1363160,2022-12-15T00:00:00.000,Bus
191261,2022-12-15T00:00:00.000,LIRR
173709,2022-12-15T00:00:00.000,MNR
7001,2022-12-15T00:00:00.000,SIR
3726154,2022-12-15T00:00:00.000,Subway
24074,2022-12-16T00:00:00.000,AAR
909799,2022-12-16T00:00:00.000,BT
1221634,2022-12-16T00:00:00.000,Bus
170615,2022-12-16T00:00:00.000,LIRR
151244,2022-12-16T00:00:00.000,MNR
5823,2022-12-16T00:00:00.000,SIR
3270016,2022-12-16T00:00:00.000,Subway
16788,2022-12-17T00:00:00.000,AAR
893985,2022-12-17T00:00:00.000,BT
884283,2022-12-17T00:00:00.000,Bus
114272,2022-12-17T00:00:00.000,LIRR
123286,2022-12-17T00:00:00.000,MNR
2071,2022-12-17T00:00:00.000,SIR
2577771,2022-12-17T00:00:00.000,Subway
16036,2022-12-18T00:00:00.000,AAR
884036,2022-12-18T00:00:00.000,BT
668994,2022-12-18T00:00:00.000,Bus
87146,2022-12-18T00:00:00.000,LIRR
87425,2022-12-18T00:00:00.000,MNR
1487,2022-12-18T00:00:00.000,SIR
1967199,2022-12-18T00:00:00.000,Subway
25529,2022-12-19T00:00:00.000,AAR
932380,2022-12-19T00:00:00.000,BT
1352455,2022-12-19T00:00:00.000,Bus
178278,2022-12-19T00:00:00.000,LIRR
159383,2022-12-19T00:00:00.000,MNR
6591,2022-12-19T00:00:00.000,SIR
3381411,2022-12-19T00:00:00.000,Subway
27148,2022-12-20T00:00:00.000,AAR
903607,2022-12-20T00:00:00.000,BT
1398728,2022-12-20T00:00:00.000,Bus
191991,2022-12-20T00:00:00.000,LIRR
173346,2022-12-20T00:00:00.000,MNR
7046,2022-12-20T00:00:00.000,SIR
3586084,2022-12-20T00:00:00.000,Subway
28480,2022-12-21T00:00:00.000,AAR
939834,2022-12-21T00:00:00.000,BT
1393290,2022-12-21T00:00:00.000,Bus
191684,2022-12-21T00:00:00.000,LIRR
168379,2022-12-21T00:00:00.000,MNR
6993,2022-12-21T00:00:00.000,SIR
3563236,2022-12-21T00:00:00.000,Subway
25244,2022-12-22T00:00:00.000,AAR
951079,2022-12-22T00:00:00.000,BT
1269330,2022-12-22T00:00:00.000,Bus
177675,2022-12-22T00:00:00.000,LIRR
147366,2022-12-22T00:00:00.000,MNR
5728,2022-12-22T00:00:00.000,SIR
3187083,2022-12-22T00:00:00.000,Subway
20359,2022-12-23T00:00:00.000,AAR
843720,2022-12-23T00:00:00.000,BT
1057686,2022-12-23T00:00:00.000,Bus
163716,2022-12-23T00:00:00.000,LIRR
138857,2022-12-23T00:00:00.000,MNR
4523,2022-12-23T00:00:00.000,SIR
2738016,2022-12-23T00:00:00.000,Subway
12759,2022-12-24T00:00:00.000,AAR
714067,2022-12-24T00:00:00.000,BT
497129,2022-12-24T00:00:00.000,Bus
61701,2022-12-24T00:00:00.000,LIRR
60373,2022-12-24T00:00:00.000,MNR
1304,2022-12-24T00:00:00.000,SIR
1411469,2022-12-24T00:00:00.000,Subway
13709,2022-12-25T00:00:00.000,AAR
723271,2022-12-25T00:00:00.000,BT
321245,2022-12-25T00:00:00.000,Bus
51896,2022-12-25T00:00:00.000,LIRR
47454,2022-12-25T00:00:00.000,MNR
1005,2022-12-25T00:00:00.000,SIR
1008452,2022-12-25T00:00:00.000,Subway
9327,2022-12-26T00:00:00.000,AAR
792183,2022-12-26T00:00:00.000,BT
644828,2022-12-26T00:00:00.000,Bus
87401,2022-12-26T00:00:00.000,LIRR
89137,2022-12-26T00:00:00.000,MNR
2214,2022-12-26T00:00:00.000,SIR
1812842,2022-12-26T00:00:00.000,Subway
21363,2022-12-27T00:00:00.000,AAR
888468,2022-12-27T00:00:00.000,BT
1027687,2022-12-27T00:00:00.000,Bus
178880,2022-12-27T00:00:00.000,LIRR
156503,2022-12-27T00:00:00.000,MNR
5228,2022-12-27T00:00:00.000,SIR
2729514,2022-12-27T00:00:00.000,Subway
23571,2022-12-28T00:00:00.000,AAR
887529,2022-12-28T00:00:00.000,BT
1088279,2022-12-28T00:00:00.000,Bus
182226,2022-12-28T00:00:00.000,LIRR
163499,2022-12-28T00:00:00.000,MNR
5407,2022-12-28T00:00:00.000,SIR
2947028,2022-12-28T00:00:00.000,Subway
23200,2022-12-29T00:00:00.000,AAR
903673,2022-12-29T00:00:00.000,BT
1099513,2022-12-29T00:00:00.000,Bus
189075,2022-12-29T00:00:00.000,LIRR
167129,2022-12-29T00:00:00.000,MNR
5597,2022-12-29T00:00:00.000,SIR
3039432,2022-12-29T00:00:00.000,Subway
22951,2022-12-30T00:00:00.000,AAR
918456,2022-12-30T00:00:00.000,BT
1087122,2022-12-30T00:00:00.000,Bus
193989,2022-12-30T00:00:00.000,LIRR
176215,2022-12-30T00:00:00.000,MNR
5338,2022-12-30T00:00:00.000,SIR
3063480,2022-12-30T00:00:00.000,Subway
14090,2022-12-31T00:00:00.000,AAR
731304,2022-12-31T00:00:00.000,BT
651474,2022-12-31T00:00:00.000,Bus
81590,2022-12-31T00:00:00.000,LIRR
81198,2022-12-31T00:00:00.000,MNR
1847,2022-12-31T00:00:00.000,SIR
1927101,2022-12-31T00:00:00.000,Subway
11476,2023-01-01T00:00:00.000,AAR
736261,2023-01-01T00:00:00.000,BT
475226,2023-01-01T00:00:00.000,Bus
67722,2023-01-01T00:00:00.000,LIRR
66309,2023-01-01T00:00:00.000,MNR
1771,2023-01-01T00:00:00.000,SIR
1675507,2023-01-01T00:00:00.000,Subway
10136,2023-01-02T00:00:00.000,AAR
716988,2023-01-02T00:00:00.000,BT
739507,2023-01-02T00:00:00.000,Bus
76247,2023-01-02T00:00:00.000,LIRR
72403,2023-01-02T00:00:00.000,MNR
2671,2023-01-02T00:00:00.000,SIR
1938154,2023-01-02T00:00:00.000,Subway
24868,2023-01-03T00:00:00.000,AAR
830619,2023-01-03T00:00:00.000,BT
1268913,2023-01-03T00:00:00.000,Bus
179109,2023-01-03T00:00:00.000,LIRR
167136,2023-01-03T00:00:00.000,MNR
6853,2023-01-03T00:00:00.000,SIR
3175777,2023-01-03T00:00:00.000,Subway
26848,2023-01-04T00:00:00.000,AAR
832639,2023-01-04T00:00:00.000,BT
1391449,2023-01-04T00:00:00.000,Bus
182834,2023-01-04T00:00:00.000,LIRR
170847,2023-01-04T00:00:00.000,MNR
7282,2023-01-04T00:00:00.000,SIR
3413052,2023-01-04T00:00:00.000,Subway
26808,2023-01-05T00:00:00.000,AAR
856463,2023-01-05T00:00:00.000,BT
1378698,2023-01-05T00:00:00.000,Bus
175278,2023-01-05T00:00:00.000,LIRR
166642,2023-01-05T00:00:00.000,MNR
7042,2023-01-05T00:00:00.000,SIR
3428520,2023-01-05T00:00:00.000,Subway
25824,2023-01-06T00:00:00.000,AAR
865072,2023-01-06T00:00:00.000,BT
1319595,2023-01-06T00:00:00.000,Bus
161259,2023-01-06T00:00:00.000,LIRR
142524,2023-01-06T00:00:00.000,MNR
6050,2023-01-06T00:00:00.000,SIR
3229858,2023-01-06T00:00:00.000,Subway
14828,2023-01-07T00:00:00.000,AAR
783285,2023-01-07T00:00:00.000,BT
806981,2023-01-07T00:00:00.000,Bus
87215,2023-01-07T00:00:00.000,LIRR
85244,2023-01-07T00:00:00.000,MNR
2297,2023-01-07T00:00:00.000,SIR
2116138,2023-01-07T00:00:00.000,Subway
15157,2023-01-08T00:00:00.000,AAR
775597,2023-01-08T00:00:00.000,BT
628612,2023-01-08T00:00:00.000,Bus
68647,2023-01-08T00:00:00.000,LIRR
64893,2023-01-08T00:00:00.000,MNR
1529,2023-01-08T00:00:00.000,SIR
1610764,2023-01-08T00:00:00.000,Subway
24923,2023-01-09T00:00:00.000,AAR
857224,2023-01-09T00:00:00.000,BT
1353638,2023-01-09T00:00:00.000,Bus
173594,2023-01-09T00:00:00.000,LIRR
157335,2023-01-09T00:00:00.000,MNR
6629,2023-01-09T00:00:00.000,SIR
3145743,2023-01-09T00:00:00.000,Subway
27309,2023-01-10T00:00:00.000,AAR
851862,2023-01-10T00:00:00.000,BT
1412543,2023-01-10T00:00:00.000,Bus
196817,2023-01-10T00:00:00.000,LIRR
179530,2023-01-10T00:00:00.000,MNR
7414,2023-01-10T00:00:00.000,SIR
3469177,2023-01-10T00:00:00.000,Subway
27991,2023-01-11T00:00:00.000,AAR
863266,2023-01-11T00:00:00.000,BT
1421914,2023-01-11T00:00:00.000,Bus
188904,2023-01-11T00:00:00.000,LIRR
174349,2023-01-11T00:00:00.000,MNR
7166,2023-01-11T00:00:00.000,SIR
3508962,2023-01-11T00:00:00.000,Subway
27119,2023-01-12T00:00:00.000,AAR
875831,2023-01-12T00:00:00.000,BT
1364715,2023-01-12T00:00:00.000,Bus
188850,2023-01-12T00:00:00.000,LIRR
168701,2023-01-12T00:00:00.000,MNR
7150,2023-01-12T00:00:00.000,SIR
3472709,2023-01-12T00:00:00.000,Subway
26085,2023-01-13T00:00:00.000,AAR
904708,2023-01-13T00:00:00.000,BT
1345748,2023-01-13T00:00:00.000,Bus
167475,2023-01-13T00:00:00.000,LIRR
147885,2023-01-13T00:00:00.000,MNR
6042,2023-01-13T00:00:00.000,SIR
3270020,2023-01-13T00:00:00.000,Subway
15407,2023-01-14T00:00:00.000,AAR
814299,2023-01-14T00:00:00.000,BT
785952,2023-01-14T00:00:00.000,Bus
84718,2023-01-14T00:00:00.000,LIRR
83565,2023-01-14T00:00:00.000,MNR
2059,2023-01-14T00:00:00.000,SIR
2072387,2023-01-14T00:00:00.000,Subway
15198,2023-01-15T00:00:00.000,AAR
776334,2023-01-15T00:00:00.000,BT
621041,2023-01-15T00:00:00.000,Bus
72479,2023-01-15T00:00:00.000,LIRR
70493,2023-01-15T00:00:00.000,MNR
1510,2023-01-15T00:00:00.000,SIR
1705804,2023-01-15T00:00:00.000,Subway
14617,2023-01-16T00:00:00.000,AAR
829959,2023-01-16T00:00:00.000,BT
884152,2023-01-16T00:00:00.000,Bus
82416,2023-01-16T00:00:00.000,LIRR
75892,2023-01-16T00:00:00.000,MNR
3140,2023-01-16T00:00:00.000,SIR
2172218,2023-01-16T00:00:00.000,Subway
27214,2023-01-17T00:00:00.000,AAR
889024,2023-01-17T00:00:00.000,BT
1399573,2023-01-17T00:00:00.000,Bus
193345,2023-01-17T00:00:00.000,LIRR
183674,2023-01-17T00:00:00.000,MNR
7492,2023-01-17T00:00:00.000,SIR
3451604,2023-01-17T00:00:00.000,Subway
29223,2023-01-18T00:00:00.000,AAR
869964,2023-01-18T00:00:00.000,BT
1449590,2023-01-18T00:00:00.000,Bus
198264,2023-01-18T00:00:00.000,LIRR
182209,2023-01-18T00:00:00.000,MNR
7488,2023-01-18T00:00:00.000,SIR
3603344,2023-01-18T00:00:00.000,Subway
26737,2023-01-19T00:00:00.000,AAR
860295,2023-01-19T00:00:00.000,BT
1327804,2023-01-19T00:00:00.000,Bus
179752,2023-01-19T00:00:00.000,LIRR
170122,2023-01-19T00:00:00.000,MNR
6925,2023-01-19T00:00:00.000,SIR
3492226,2023-01-19T00:00:00.000,Subway
26548,2023-01-20T00:00:00.000,AAR
898842,2023-01-20T00:00:00.000,BT
1383181,2023-01-20T00:00:00.000,Bus
173943,2023-01-20T00:00:00.000,LIRR
150003,2023-01-20T00:00:00.000,MNR
6192,2023-01-20T00:00:00.000,SIR
3375887,2023-01-20T00:00:00.000,Subway
15580,2023-01-21T00:00:00.000,AAR
814929,2023-01-21T00:00:00.000,BT
823236,2023-01-21T00:00:00.000,Bus
88435,2023-01-21T00:00:00.000,LIRR
84763,2023-01-21T00:00:00.000,MNR
2058,2023-01-21T00:00:00.000,SIR
2137169,2023-01-21T00:00:00.000,Subway
14721,2023-01-22T00:00:00.000,AAR
783224,2023-01-22T00:00:00.000,BT
611151,2023-01-22T00:00:00.000,Bus
64883,2023-01-22T00:00:00.000,LIRR
61728,2023-01-22T00:00:00.000,MNR
1479,2023-01-22T00:00:00.000,SIR
1593386,2023-01-22T00:00:00.000,Subway
25087,2023-01-23T00:00:00.000,AAR
836044,2023-01-23T00:00:00.000,BT
1281037,2023-01-23T00:00:00.000,Bus
172927,2023-01-23T00:00:00.000,LIRR
155439,2023-01-23T00:00:00.000,MNR
6210,2023-01-23T00:00:00.000,SIR
3135214,2023-01-23T00:00:00.000,Subway
27701,2023-01-24T00:00:00.000,AAR
853388,2023-01-24T00:00:00.000,BT
1410676,2023-01-24T00:00:00.000,Bus
196319,2023-01-24T00:00:00.000,LIRR
182127,2023-01-24T00:00:00.000,MNR
7335,2023-01-24T00:00:00.000,SIR
3566756,2023-01-24T00:00:00.000,Subway
26738,2023-01-25T00:00:00.000,AAR
828559,2023-01-25T00:00:00.000,BT
1342717,2023-01-25T00:00:00.000,Bus
188247,2023-01-25T00:00:00.000,LIRR
171748,2023-01-25T00:00:00.000,MNR
6937,2023-01-25T00:00:00.000,SIR
3511071,2023-01-25T00:00:00.000,Subway
27061,2023-01-26T00:00:00.000,AAR
865346,2023-01-26T00:00:00.000,BT
1408545,2023-01-26T00:00:00.000,Bus
190219,2023-01-26T00:00:00.000,LIRR
173696,2023-01-26T00:00:00.000,MNR
7093,2023-01-26T00:00:00.000,SIR
3629029,2023-01-26T00:00:00.000,Subway
26826,2023-01-27T00:00:00.000,AAR
911243,2023-01-27T00:00:00.000,BT
1341589,2023-01-27T00:00:00.000,Bus
178881,2023-01-27T00:00:00.000,LIRR
149763,2023-01-27T00:00:00.000,MNR
6051,2023-01-27T00:00:00.000,SIR
3335372,2023-01-27T00:00:00.000,Subway
15577,2023-01-28T00:00:00.000,AAR
820340,2023-01-28T00:00:00.000,BT
861680,2023-01-28T00:00:00.000,Bus
98609,2023-01-28T00:00:00.000,LIRR
89845,2023-01-28T00:00:00.000,MNR
2333,2023-01-28T00:00:00.000,SIR
2248107,2023-01-28T00:00:00.000,Subway
15371,2023-01-29T00:00:00.000,AAR
806618,2023-01-29T00:00:00.000,BT
647923,2023-01-29T00:00:00.000,Bus
73109,2023-01-29T00:00:00.000,LIRR
65422,2023-01-29T00:00:00.000,MNR
1694,2023-01-29T00:00:00.000,SIR
1637398,2023-01-29T00:00:00.000,Subway
25676,2023-01-30T00:00:00.000,AAR
879287,2023-01-30T00:00:00.000,BT
1371537,2023-01-30T00:00:00.000,Bus
180476,2023-01-30T00:00:00.000,LIRR
159176,2023-01-30T00:00:00.000,MNR
6624,2023-01-30T00:00:00.000,SIR
3223530,2023-01-30T00:00:00.000,Subway
27308,2023-01-31T00:00:00.000,AAR
849792,2023-01-31T00:00:00.000,BT
1365926,2023-01-31T00:00:00.000,Bus
198755,2023-01-31T00:00:00.000,LIRR
183484,2023-01-31T00:00:00.000,MNR
7593,2023-01-31T00:00:00.000,SIR
3654404,2023-01-31T00:00:00.000,Subway
28492,2023-02-01T00:00:00.000,AAR
864688,2023-02-01T00:00:00.000,BT
1460146,2023-02-01T00:00:00.000,Bus
184043,2023-02-01T00:00:00.000,LIRR
169846,2023-02-01T00:00:00.000,MNR
7588,2023-02-01T00:00:00.000,SIR
3682758,2023-02-01T00:00:00.000,Subway
27917,2023-02-02T00:00:00.000,AAR
887431,2023-02-02T00:00:00.000,BT
1478477,2023-02-02T00:00:00.000,Bus
187799,2023-02-02T00:00:00.000,LIRR
169864,2023-02-02T00:00:00.000,MNR
7457,2023-02-02T00:00:00.000,SIR
3699932,2023-02-02T00:00:00.000,Subway
26238,2023-02-03T00:00:00.000,AAR
889021,2023-02-03T00:00:00.000,BT
1246821,2023-02-03T00:00:00.000,Bus
158579,2023-02-03T00:00:00.000,LIRR
135908,2023-02-03T00:00:00.000,MNR
5819,2023-02-03T00:00:00.000,SIR
3189550,2023-02-03T00:00:00.000,Subway
13439,2023-02-04T00:00:00.000,AAR
730242,2023-02-04T00:00:00.000,BT
598818,2023-02-04T00:00:00.000,Bus
69433,2023-02-04T00:00:00.000,LIRR
64032,2023-02-04T00:00:00.000,MNR
1555,2023-02-04T00:00:00.000,SIR
1742435,2023-02-04T00:00:00.000,Subway
15413,2023-02-05T00:00:00.000,AAR
768086,2023-02-05T00:00:00.000,BT
650623,2023-02-05T00:00:00.000,Bus
69379,2023-02-05T00:00:00.000,LIRR
62639,2023-02-05T00:00:00.000,MNR
1522,2023-02-05T00:00:00.000,SIR
1625375,2023-02-05T00:00:00.000,Subway
26639,2023-02-06T00:00:00.000,AAR
882155,2023-02-06T00:00:00.000,BT
1431232,2023-02-06T00:00:00.000,Bus
181320,2023-02-06T00:00:00.000,LIRR
157813,2023-02-06T00:00:00.000,MNR
7068,2023-02-06T00:00:00.000,SIR
3372445,2023-02-06T00:00:00.000,Subway
28688,2023-02-07T00:00:00.000,AAR
862594,2023-02-07T00:00:00.000,BT
1491417,2023-02-07T00:00:00.000,Bus
201438,2023-02-07T00:00:00.000,LIRR
183389,2023-02-07T00:00:00.000,MNR
7736,2023-02-07T00:00:00.000,SIR
3738539,2023-02-07T00:00:00.000,Subway
29653,2023-02-08T00:00:00.000,AAR
879593,2023-02-08T00:00:00.000,BT
1513135,2023-02-08T00:00:00.000,Bus
197370,2023-02-08T00:00:00.000,LIRR
180852,2023-02-08T00:00:00.000,MNR
7647,2023-02-08T00:00:00.000,SIR
3780682,2023-02-08T00:00:00.000,Subway
28515,2023-02-09T00:00:00.000,AAR
898953,2023-02-09T00:00:00.000,BT
1462622,2023-02-09T00:00:00.000,Bus
193326,2023-02-09T00:00:00.000,LIRR
172507,2023-02-09T00:00:00.000,MNR
7403,2023-02-09T00:00:00.000,SIR
3754859,2023-02-09T00:00:00.000,Subway
28094,2023-02-10T00:00:00.000,AAR
932771,2023-02-10T00:00:00.000,BT
1422781,2023-02-10T00:00:00.000,Bus
179637,2023-02-10T00:00:00.000,LIRR
154760,2023-02-10T00:00:00.000,MNR
6477,2023-02-10T00:00:00.000,SIR
3539529,2023-02-10T00:00:00.000,Subway
16638,2023-02-11T00:00:00.000,AAR
851776,2023-02-11T00:00:00.000,BT
865782,2023-02-11T00:00:00.000,Bus
94434,2023-02-11T00:00:00.000,LIRR
88281,2023-02-11T00:00:00.000,MNR
1615,2023-02-11T00:00:00.000,SIR
2333625,2023-02-11T00:00:00.000,Subway
16305,2023-02-12T00:00:00.000,AAR
799064,2023-02-12T00:00:00.000,BT
659496,2023-02-12T00:00:00.000,Bus
67457,2023-02-12T00:00:00.000,LIRR
63383,2023-02-12T00:00:00.000,MNR
1227,2023-02-12T00:00:00.000,SIR
1746099,2023-02-12T00:00:00.000,Subway
25900,2023-02-13T00:00:00.000,AAR
873994,2023-02-13T00:00:00.000,BT
1381524,2023-02-13T00:00:00.000,Bus
180002,2023-02-13T00:00:00.000,LIRR
159741,2023-02-13T00:00:00.000,MNR
6188,2023-02-13T00:00:00.000,SIR
3303337,2023-02-13T00:00:00.000,Subway
29001,2023-02-14T00:00:00.000,AAR
879379,2023-02-14T00:00:00.000,BT
1480867,2023-02-14T00:00:00.000,Bus
200327,2023-02-14T00:00:00.000,LIRR
179811,2023-02-14T00:00:00.000,MNR
7557,2023-02-14T00:00:00.000,SIR
3812943,2023-02-14T00:00:00.000,Subway
29119,2023-02-15T00:00:00.000,AAR
914597,2023-02-15T00:00:00.000,BT
1499155,2023-02-15T00:00:00.000,Bus
197344,2023-02-15T00:00:00.000,LIRR
181992,2023-02-15T00:00:00.000,MNR
7491,2023-02-15T00:00:00.000,SIR
3762817,2023-02-15T00:00:00.000,Subway
28364,2023-02-16T00:00:00.000,AAR
908750,2023-02-16T00:00:00.000,BT
1461093,2023-02-16T00:00:00.000,Bus
189802,2023-02-16T00:00:00.000,LIRR
172189,2023-02-16T00:00:00.000,MNR
7318,2023-02-16T00:00:00.000,SIR
3683782,2023-02-16T00:00:00.000,Subway
26759,2023-02-17T00:00:00.000,AAR
925806,2023-02-17T00:00:00.000,BT
1315466,2023-02-17T00:00:00.000,Bus
172113,2023-02-17T00:00:00.000,LIRR
150151,2023-02-17T00:00:00.000,MNR
5892,2023-02-17T00:00:00.000,SIR
3253165,2023-02-17T00:00:00.000,Subway
15612,2023-02-18T00:00:00.000,AAR
848444,2023-02-18T00:00:00.000,BT
822505,2023-02-18T00:00:00.000,Bus
91478,2023-02-18T00:00:00.000,LIRR
93213,2023-02-18T00:00:00.000,MNR
1266,2023-02-18T00:00:00.000,SIR
2271106,2023-02-18T00:00:00.000,Subway
16165,2023-02-19T00:00:00.000,AAR
814906,2023-02-19T00:00:00.000,BT
639980,2023-02-19T00:00:00.000,Bus
75448,2023-02-19T00:00:00.000,LIRR
75064,2023-02-19T00:00:00.000,MNR
959,2023-02-19T00:00:00.000,SIR
1824136,2023-02-19T00:00:00.000,Subway
14818,2023-02-20T00:00:00.000,AAR
822177,2023-02-20T00:00:00.000,BT
929439,2023-02-20T00:00:00.000,Bus
90371,2023-02-20T00:00:00.000,LIRR
79984,2023-02-20T00:00:00.000,MNR
1547,2023-02-20T00:00:00.000,SIR
2238557,2023-02-20T00:00:00.000,Subway
27224,2023-02-21T00:00:00.000,AAR
879451,2023-02-21T00:00:00.000,BT
1273578,2023-02-21T00:00:00.000,Bus
194967,2023-02-21T00:00:00.000,LIRR
174283,2023-02-21T00:00:00.000,MNR
6525,2023-02-21T00:00:00.000,SIR
3325542,2023-02-21T00:00:00.000,Subway
27895,2023-02-22T00:00:00.000,AAR
870403,2023-02-22T00:00:00.000,BT
1305744,2023-02-22T00:00:00.000,Bus
193753,2023-02-22T00:00:00.000,LIRR
171187,2023-02-22T00:00:00.000,MNR
6538,2023-02-22T00:00:00.000,SIR
3454362,2023-02-22T00:00:00.000,Subway
27336,2023-02-23T00:00:00.000,AAR
890845,2023-02-23T00:00:00.000,BT
1328927,2023-02-23T00:00:00.000,Bus
188438,2023-02-23T00:00:00.000,LIRR
167193,2023-02-23T00:00:00.000,MNR
6695,2023-02-23T00:00:00.000,SIR
3498367,2023-02-23T00:00:00.000,Subway
26077,2023-02-24T00:00:00.000,AAR
919193,2023-02-24T00:00:00.000,BT
1246797,2023-02-24T00:00:00.000,Bus
179793,2023-02-24T00:00:00.000,LIRR
153058,2023-02-24T00:00:00.000,MNR
5551,2023-02-24T00:00:00.000,SIR
3246699,2023-02-24T00:00:00.000,Subway
15461,2023-02-25T00:00:00.000,AAR
822553,2023-02-25T00:00:00.000,BT
800947,2023-02-25T00:00:00.000,Bus
86403,2023-02-25T00:00:00.000,LIRR
81742,2023-02-25T00:00:00.000,MNR
1396,2023-02-25T00:00:00.000,SIR
2043635,2023-02-25T00:00:00.000,Subway
15891,2023-02-26T00:00:00.000,AAR
826458,2023-02-26T00:00:00.000,BT
676041,2023-02-26T00:00:00.000,Bus
74226,2023-02-26T00:00:00.000,LIRR
67702,2023-02-26T00:00:00.000,MNR
1095,2023-02-26T00:00:00.000,SIR
1625191,2023-02-26T00:00:00.000,Subway
26730,2023-02-27T00:00:00.000,AAR
908360,2023-02-27T00:00:00.000,BT
1423292,2023-02-27T00:00:00.000,Bus
180277,2023-02-27T00:00:00.000,LIRR
160346,2023-02-27T00:00:00.000,MNR
6752,2023-02-27T00:00:00.000,SIR
3337916,2023-02-27T00:00:00.000,Subway
26116,2023-02-28T00:00:00.000,AAR
745880,2023-02-28T00:00:00.000,BT
1349173,2023-02-28T00:00:00.000,Bus
177532,2023-02-28T00:00:00.000,LIRR
139326,2023-02-28T00:00:00.000,MNR
6690,2023-02-28T00:00:00.000,SIR
3412079,2023-02-28T00:00:00.000,Subway
29449,2023-03-01T00:00:00.000,AAR
882008,2023-03-01T00:00:00.000,BT
1511792,2023-03-01T00:00:00.000,Bus
192142,2023-03-01T00:00:00.000,LIRR
176661,2023-03-01T00:00:00.000,MNR
7403,2023-03-01T00:00:00.000,SIR
3780713,2023-03-01T00:00:00.000,Subway
28978,2023-03-02T00:00:00.000,AAR
923315,2023-03-02T00:00:00.000,BT
1493623,2023-03-02T00:00:00.000,Bus
195243,2023-03-02T00:00:00.000,LIRR
176678,2023-03-02T00:00:00.000,MNR
7434,2023-03-02T00:00:00.000,SIR
3765925,2023-03-02T00:00:00.000,Subway
27298,2023-03-03T00:00:00.000,AAR
941298,2023-03-03T00:00:00.000,BT
1417670,2023-03-03T00:00:00.000,Bus
172623,2023-03-03T00:00:00.000,LIRR
150603,2023-03-03T00:00:00.000,MNR
6167,2023-03-03T00:00:00.000,SIR
3481830,2023-03-03T00:00:00.000,Subway
16263,2023-03-04T00:00:00.000,AAR
817288,2023-03-04T00:00:00.000,BT
870341,2023-03-04T00:00:00.000,Bus
96720,2023-03-04T00:00:00.000,LIRR
84352,2023-03-04T00:00:00.000,MNR
1449,2023-03-04T00:00:00.000,SIR
2173217,2023-03-04T00:00:00.000,Subway
16956,2023-03-05T00:00:00.000,AAR
855512,2023-03-05T00:00:00.000,BT
712408,2023-03-05T00:00:00.000,Bus
81079,2023-03-05T00:00:00.000,LIRR
72918,2023-03-05T00:00:00.000,MNR
1215,2023-03-05T00:00:00.000,SIR
1772121,2023-03-05T00:00:00.000,Subway
27550,2023-03-06T00:00:00.000,AAR
920080,2023-03-06T00:00:00.000,BT
1460599,2023-03-06T00:00:00.000,Bus
185896,2023-03-06T00:00:00.000,LIRR
163314,2023-03-06T00:00:00.000,MNR
6849,2023-03-06T00:00:00.000,SIR
3427019,2023-03-06T00:00:00.000,Subway
28417,2023-03-07T00:00:00.000,AAR
873420,2023-03-07T00:00:00.000,BT
1490272,2023-03-07T00:00:00.000,Bus
205559,2023-03-07T00:00:00.000,LIRR
186615,2023-03-07T00:00:00.000,MNR
7607,2023-03-07T00:00:00.000,SIR
3773780,2023-03-07T00:00:00.000,Subway
30476,2023-03-08T00:00:00.000,AAR
913323,2023-03-08T00:00:00.000,BT
1514182,2023-03-08T00:00:00.000,Bus
203258,2023-03-08T00:00:00.000,LIRR
186940,2023-03-08T00:00:00.000,MNR
7452,2023-03-08T00:00:00.000,SIR
3842861,2023-03-08T00:00:00.000,Subway
29847,2023-03-09T00:00:00.000,AAR
933223,2023-03-09T00:00:00.000,BT
1515155,2023-03-09T00:00:00.000,Bus
201711,2023-03-09T00:00:00.000,LIRR
186197,2023-03-09T00:00:00.000,MNR
7211,2023-03-09T00:00:00.000,SIR
3827656,2023-03-09T00:00:00.000,Subway
28209,2023-03-10T00:00:00.000,AAR
960481,2023-03-10T00:00:00.000,BT
1408909,2023-03-10T00:00:00.000,Bus
182873,2023-03-10T00:00:00.000,LIRR
160550,2023-03-10T00:00:00.000,MNR
6135,2023-03-10T00:00:00.000,SIR
3502339,2023-03-10T00:00:00.000,Subway
15493,2023-03-11T00:00:00.000,AAR
833602,2023-03-11T00:00:00.000,BT
821990,2023-03-11T00:00:00.000,Bus
78979,2023-03-11T00:00:00.000,LIRR
88667,2023-03-11T00:00:00.000,MNR
1796,2023-03-11T00:00:00.000,SIR
2230530,2023-03-11T00:00:00.000,Subway
16644,2023-03-12T00:00:00.000,AAR
893334,2023-03-12T00:00:00.000,BT
686039,2023-03-12T00:00:00.000,Bus
75970,2023-03-12T00:00:00.000,LIRR
70403,2023-03-12T00:00:00.000,MNR
1547,2023-03-12T00:00:00.000,SIR
1773585,2023-03-12T00:00:00.000,Subway
26027,2023-03-13T00:00:00.000,AAR
896045,2023-03-13T00:00:00.000,BT
1377045,2023-03-13T00:00:00.000,Bus
179787,2023-03-13T00:00:00.000,LIRR
157310,2023-03-13T00:00:00.000,MNR
6358,2023-03-13T00:00:00.000,SIR
3352388,2023-03-13T00:00:00.000,Subway
26262,2023-03-14T00:00:00.000,AAR
780793,2023-03-14T00:00:00.000,BT
1360497,2023-03-14T00:00:00.000,Bus
189402,2023-03-14T00:00:00.000,LIRR
159031,2023-03-14T00:00:00.000,MNR
6866,2023-03-14T00:00:00.000,SIR
3577250,2023-03-14T00:00:00.000,Subway
29687,2023-03-15T00:00:00.000,AAR
889964,2023-03-15T00:00:00.000,BT
1493605,2023-03-15T00:00:00.000,Bus
205092,2023-03-15T00:00:00.000,LIRR
187128,2023-03-15T00:00:00.000,MNR
7473,2023-03-15T00:00:00.000,SIR
3912366,2023-03-15T00:00:00.000,Subway
30151,2023-03-16T00:00:00.000,AAR
964847,2023-03-16T00:00:00.000,BT
1522248,2023-03-16T00:00:00.000,Bus
209838,2023-03-16T00:00:00.000,LIRR
187573,2023-03-16T00:00:00.000,MNR
7562,2023-03-16T00:00:00.000,SIR
3949788,2023-03-16T00:00:00.000,Subway
28094,2023-03-17T00:00:00.000,AAR
966492,2023-03-17T00:00:00.000,BT
1408472,2023-03-17T00:00:00.000,Bus
199191,2023-03-17T00:00:00.000,LIRR
171443,2023-03-17T00:00:00.000,MNR
6790,2023-03-17T00:00:00.000,SIR
3661519,2023-03-17T00:00:00.000,Subway
16828,2023-03-18T00:00:00.000,AAR
899418,2023-03-18T00:00:00.000,BT
921569,2023-03-18T00:00:00.000,Bus
102021,2023-03-18T00:00:00.000,LIRR
101788,2023-03-18T00:00:00.000,MNR
1839,2023-03-18T00:00:00.000,SIR
2417873,2023-03-18T00:00:00.000,Subway
16471,2023-03-19T00:00:00.000,AAR
908642,2023-03-19T00:00:00.000,BT
661736,2023-03-19T00:00:00.000,Bus
82032,2023-03-19T00:00:00.000,LIRR
72936,2023-03-19T00:00:00.000,MNR
1247,2023-03-19T00:00:00.000,SIR
1894476,2023-03-19T00:00:00.000,Subway
26951,2023-03-20T00:00:00.000,AAR
935600,2023-03-20T00:00:00.000,BT
1444823,2023-03-20T00:00:00.000,Bus
191367,2023-03-20T00:00:00.000,LIRR
167256,2023-03-20T00:00:00.000,MNR
6895,2023-03-20T00:00:00.000,SIR
3442589,2023-03-20T00:00:00.000,Subway
29466,2023-03-21T00:00:00.000,AAR
910004,2023-03-21T00:00:00.000,BT
1511670,2023-03-21T00:00:00.000,Bus
213026,2023-03-21T00:00:00.000,LIRR
189925,2023-03-21T00:00:00.000,MNR
7850,2023-03-21T00:00:00.000,SIR
3801084,2023-03-21T00:00:00.000,Subway
29999,2023-03-22T00:00:00.000,AAR
925985,2023-03-22T00:00:00.000,BT
1509096,2023-03-22T00:00:00.000,Bus
202826,2023-03-22T00:00:00.000,LIRR
184321,2023-03-22T00:00:00.000,MNR
7589,2023-03-22T00:00:00.000,SIR
3797399,2023-03-22T00:00:00.000,Subway
29189,2023-03-23T00:00:00.000,AAR
929755,2023-03-23T00:00:00.000,BT
1466839,2023-03-23T00:00:00.000,Bus
200870,2023-03-23T00:00:00.000,LIRR
177877,2023-03-23T00:00:00.000,MNR
7208,2023-03-23T00:00:00.000,SIR
3774396,2023-03-23T00:00:00.000,Subway
27883,2023-03-24T00:00:00.000,AAR
952867,2023-03-24T00:00:00.000,BT
1420346,2023-03-24T00:00:00.000,Bus
188352,2023-03-24T00:00:00.000,LIRR
159574,2023-03-24T00:00:00.000,MNR
6133,2023-03-24T00:00:00.000,SIR
3534300,2023-03-24T00:00:00.000,Subway
15556,2023-03-25T00:00:00.000,AAR
827909,2023-03-25T00:00:00.000,BT
784068,2023-03-25T00:00:00.000,Bus
89101,2023-03-25T00:00:00.000,LIRR
82702,2023-03-25T00:00:00.000,MNR
1765,2023-03-25T00:00:00.000,SIR
2153554,2023-03-25T00:00:00.000,Subway
16878,2023-03-26T00:00:00.000,AAR
862773,2023-03-26T00:00:00.000,BT
724870,2023-03-26T00:00:00.000,Bus
83054,2023-03-26T00:00:00.000,LIRR
81819,2023-03-26T00:00:00.000,MNR
1648,2023-03-26T00:00:00.000,SIR
1939984,2023-03-26T00:00:00.000,Subway
26394,2023-03-27T00:00:00.000,AAR
936034,2023-03-27T00:00:00.000,BT
1426226,2023-03-27T00:00:00.000,Bus
192461,2023-03-27T00:00:00.000,LIRR
166543,2023-03-27T00:00:00.000,MNR
6675,2023-03-27T00:00:00.000,SIR
3397258,2023-03-27T00:00:00.000,Subway
28923,2023-03-28T00:00:00.000,AAR
892207,2023-03-28T00:00:00.000,BT
1490842,2023-03-28T00:00:00.000,Bus
207837,2023-03-28T00:00:00.000,LIRR
189294,2023-03-28T00:00:00.000,MNR
7541,2023-03-28T00:00:00.000,SIR
3765920,2023-03-28T00:00:00.000,Subway
29771,2023-03-29T00:00:00.000,AAR
917231,2023-03-29T00:00:00.000,BT
1521968,2023-03-29T00:00:00.000,Bus
208736,2023-03-29T00:00:00.000,LIRR
187520,2023-03-29T00:00:00.000,MNR
7825,2023-03-29T00:00:00.000,SIR
3872948,2023-03-29T00:00:00.000,Subway
29363,2023-03-30T00:00:00.000,AAR
948240,2023-03-30T00:00:00.000,BT
1486845,2023-03-30T00:00:00.000,Bus
200601,2023-03-30T00:00:00.000,LIRR
187344,2023-03-30T00:00:00.000,MNR
7512,2023-03-30T00:00:00.000,SIR
3860289,2023-03-30T00:00:00.000,Subway
28599,2023-03-31T00:00:00.000,AAR
977390,2023-03-31T00:00:00.000,BT
1423686,2023-03-31T00:00:00.000,Bus
184342,2023-03-31T00:00:00.000,LIRR
158879,2023-03-31T00:00:00.000,MNR
6426,2023-03-31T00:00:00.000,SIR
3573735,2023-03-31T00:00:00.000,Subway
16428,2023-04-01T00:00:00.000,AAR
850984,2023-04-01T00:00:00.000,BT
842213,2023-04-01T00:00:00.000,Bus
82140,2023-04-01T00:00:00.000,LIRR
88096,2023-04-01T00:00:00.000,MNR
1520,2023-04-01T00:00:00.000,SIR
2283533,2023-04-01T00:00:00.000,Subway
17660,2023-04-02T00:00:00.000,AAR
866171,2023-04-02T00:00:00.000,BT
716880,2023-04-02T00:00:00.000,Bus
76059,2023-04-02T00:00:00.000,LIRR
79027,2023-04-02T00:00:00.000,MNR
1319,2023-04-02T00:00:00.000,SIR
1949665,2023-04-02T00:00:00.000,Subway
27387,2023-04-03T00:00:00.000,AAR
937244,2023-04-03T00:00:00.000,BT
1475017,2023-04-03T00:00:00.000,Bus
182947,2023-04-03T00:00:00.000,LIRR
162370,2023-04-03T00:00:00.000,MNR
7076,2023-04-03T00:00:00.000,SIR
3597785,2023-04-03T00:00:00.000,Subway
29698,2023-04-04T00:00:00.000,AAR
910218,2023-04-04T00:00:00.000,BT
1519740,2023-04-04T00:00:00.000,Bus
200063,2023-04-04T00:00:00.000,LIRR
188769,2023-04-04T00:00:00.000,MNR
7633,2023-04-04T00:00:00.000,SIR
3906882,2023-04-04T00:00:00.000,Subway
29462,2023-04-05T00:00:00.000,AAR
930515,2023-04-05T00:00:00.000,BT
1432322,2023-04-05T00:00:00.000,Bus
205060,2023-04-05T00:00:00.000,LIRR
185283,2023-04-05T00:00:00.000,MNR
7163,2023-04-05T00:00:00.000,SIR
3799965,2023-04-05T00:00:00.000,Subway
27061,2023-04-06T00:00:00.000,AAR
913989,2023-04-06T00:00:00.000,BT
1264311,2023-04-06T00:00:00.000,Bus
193340,2023-04-06T00:00:00.000,LIRR
169192,2023-04-06T00:00:00.000,MNR
6122,2023-04-06T00:00:00.000,SIR
3421271,2023-04-06T00:00:00.000,Subway
23831,2023-04-07T00:00:00.000,AAR
905717,2023-04-07T00:00:00.000,BT
1150222,2023-04-07T00:00:00.000,Bus
187800,2023-04-07T00:00:00.000,LIRR
159262,2023-04-07T00:00:00.000,MNR
4925,2023-04-07T00:00:00.000,SIR
3130675,2023-04-07T00:00:00.000,Subway
16256,2023-04-08T00:00:00.000,AAR
848887,2023-04-08T00:00:00.000,BT
882727,2023-04-08T00:00:00.000,Bus
108740,2023-04-08T00:00:00.000,LIRR
99273,2023-04-08T00:00:00.000,MNR
2393,2023-04-08T00:00:00.000,SIR
2393347,2023-04-08T00:00:00.000,Subway
19026,2023-04-09T00:00:00.000,AAR
876207,2023-04-09T00:00:00.000,BT
654259,2023-04-09T00:00:00.000,Bus
98030,2023-04-09T00:00:00.000,LIRR
85620,2023-04-09T00:00:00.000,MNR
1916,2023-04-09T00:00:00.000,SIR
1855826,2023-04-09T00:00:00.000,Subway
24135,2023-04-10T00:00:00.000,AAR
988696,2023-04-10T00:00:00.000,BT
1236634,2023-04-10T00:00:00.000,Bus
191412,2023-04-10T00:00:00.000,LIRR
170713,2023-04-10T00:00:00.000,MNR
6121,2023-04-10T00:00:00.000,SIR
3142740,2023-04-10T00:00:00.000,Subway
27777,2023-04-11T00:00:00.000,AAR
909912,2023-04-11T00:00:00.000,BT
1316710,2023-04-11T00:00:00.000,Bus
210828,2023-04-11T00:00:00.000,LIRR
193831,2023-04-11T00:00:00.000,MNR
7081,2023-04-11T00:00:00.000,SIR
3537843,2023-04-11T00:00:00.000,Subway
28326,2023-04-12T00:00:00.000,AAR
887384,2023-04-12T00:00:00.000,BT
1311418,2023-04-12T00:00:00.000,Bus
207802,2023-04-12T00:00:00.000,LIRR
191574,2023-04-12T00:00:00.000,MNR
6863,2023-04-12T00:00:00.000,SIR
3576687,2023-04-12T00:00:00.000,Subway
28451,2023-04-13T00:00:00.000,AAR
917886,2023-04-13T00:00:00.000,BT
1311906,2023-04-13T00:00:00.000,Bus
200072,2023-04-13T00:00:00.000,LIRR
183658,2023-04-13T00:00:00.000,MNR
6668,2023-04-13T00:00:00.000,SIR
3628304,2023-04-13T00:00:00.000,Subway
27514,2023-04-14T00:00:00.000,AAR
981314,2023-04-14T00:00:00.000,BT
1294357,2023-04-14T00:00:00.000,Bus
190858,2023-04-14T00:00:00.000,LIRR
173790,2023-04-14T00:00:00.000,MNR
5869,2023-04-14T00:00:00.000,SIR
3471420,2023-04-14T00:00:00.000,Subway
16804,2023-04-15T00:00:00.000,AAR
914870,2023-04-15T00:00:00.000,BT
890050,2023-04-15T00:00:00.000,Bus
99793,2023-04-15T00:00:00.000,LIRR
103902,2023-04-15T00:00:00.000,MNR
1743,2023-04-15T00:00:00.000,SIR
2365464,2023-04-15T00:00:00.000,Subway
16835,2023-04-16T00:00:00.000,AAR
891836,2023-04-16T00:00:00.000,BT
728462,2023-04-16T00:00:00.000,Bus
80318,2023-04-16T00:00:00.000,LIRR
85026,2023-04-16T00:00:00.000,MNR
1309,2023-04-16T00:00:00.000,SIR
1864753,2023-04-16T00:00:00.000,Subway
27611,2023-04-17T00:00:00.000,AAR
941520,2023-04-17T00:00:00.000,BT
1438043,2023-04-17T00:00:00.000,Bus
188445,2023-04-17T00:00:00.000,LIRR
167759,2023-04-17T00:00:00.000,MNR
6926,2023-04-17T00:00:00.000,SIR
3418834,2023-04-17T00:00:00.000,Subway
29658,2023-04-18T00:00:00.000,AAR
921531,2023-04-18T00:00:00.000,BT
1526133,2023-04-18T00:00:00.000,Bus
207882,2023-04-18T00:00:00.000,LIRR
194548,2023-04-18T00:00:00.000,MNR
7879,2023-04-18T00:00:00.000,SIR
3862133,2023-04-18T00:00:00.000,Subway
30829,2023-04-19T00:00:00.000,AAR
949747,2023-04-19T00:00:00.000,BT
1530452,2023-04-19T00:00:00.000,Bus
206116,2023-04-19T00:00:00.000,LIRR
195085,2023-04-19T00:00:00.000,MNR
7889,2023-04-19T00:00:00.000,SIR
3927706,2023-04-19T00:00:00.000,Subway
30106,2023-04-20T00:00:00.000,AAR
987772,2023-04-20T00:00:00.000,BT
1520258,2023-04-20T00:00:00.000,Bus
208664,2023-04-20T00:00:00.000,LIRR
189699,2023-04-20T00:00:00.000,MNR
7577,2023-04-20T00:00:00.000,SIR
4002433,2023-04-20T00:00:00.000,Subway
27777,2023-04-21T00:00:00.000,AAR
1004575,2023-04-21T00:00:00.000,BT
1310737,2023-04-21T00:00:00.000,Bus
195442,2023-04-21T00:00:00.000,LIRR
174727,2023-04-21T00:00:00.000,MNR
6005,2023-04-21T00:00:00.000,SIR
3492257,2023-04-21T00:00:00.000,Subway
16865,2023-04-22T00:00:00.000,AAR
920621,2023-04-22T00:00:00.000,BT
893014,2023-04-22T00:00:00.000,Bus
106134,2023-04-22T00:00:00.000,LIRR
106032,2023-04-22T00:00:00.000,MNR
1715,2023-04-22T00:00:00.000,SIR
2506140,2023-04-22T00:00:00.000,Subway
15947,2023-04-23T00:00:00.000,AAR
902248,2023-04-23T00:00:00.000,BT
673668,2023-04-23T00:00:00.000,Bus
87793,2023-04-23T00:00:00.000,LIRR
79003,2023-04-23T00:00:00.000,MNR
1326,2023-04-23T00:00:00.000,SIR
1923243,2023-04-23T00:00:00.000,Subway
27254,2023-04-24T00:00:00.000,AAR
951816,2023-04-24T00:00:00.000,BT
1466762,2023-04-24T00:00:00.000,Bus
196593,2023-04-24T00:00:00.000,LIRR
173997,2023-04-24T00:00:00.000,MNR
7020,2023-04-24T00:00:00.000,SIR
3561262,2023-04-24T00:00:00.000,Subway
29504,2023-04-25T00:00:00.000,AAR
920706,2023-04-25T00:00:00.000,BT
1529162,2023-04-25T00:00:00.000,Bus
216767,2023-04-25T00:00:00.000,LIRR
192115,2023-04-25T00:00:00.000,MNR
7806,2023-04-25T00:00:00.000,SIR
3956922,2023-04-25T00:00:00.000,Subway
30191,2023-04-26T00:00:00.000,AAR
943838,2023-04-26T00:00:00.000,BT
1531476,2023-04-26T00:00:00.000,Bus
216097,2023-04-26T00:00:00.000,LIRR
191885,2023-04-26T00:00:00.000,MNR
7758,2023-04-26T00:00:00.000,SIR
3994837,2023-04-26T00:00:00.000,Subway
29969,2023-04-27T00:00:00.000,AAR
973282,2023-04-27T00:00:00.000,BT
1506783,2023-04-27T00:00:00.000,Bus
216674,2023-04-27T00:00:00.000,LIRR
184365,2023-04-27T00:00:00.000,MNR
7564,2023-04-27T00:00:00.000,SIR
3999831,2023-04-27T00:00:00.000,Subway
28306,2023-04-28T00:00:00.000,AAR
996277,2023-04-28T00:00:00.000,BT
1424078,2023-04-28T00:00:00.000,Bus
195436,2023-04-28T00:00:00.000,LIRR
160861,2023-04-28T00:00:00.000,MNR
6441,2023-04-28T00:00:00.000,SIR
3703088,2023-04-28T00:00:00.000,Subway
15688,2023-04-29T00:00:00.000,AAR
834962,2023-04-29T00:00:00.000,BT
715608,2023-04-29T00:00:00.000,Bus
85167,2023-04-29T00:00:00.000,LIRR
77009,2023-04-29T00:00:00.000,MNR
1871,2023-04-29T00:00:00.000,SIR
2179978,2023-04-29T00:00:00.000,Subway
15451,2023-04-30T00:00:00.000,AAR
801374,2023-04-30T00:00:00.000,BT
578075,2023-04-30T00:00:00.000,Bus
75065,2023-04-30T00:00:00.000,LIRR
65334,2023-04-30T00:00:00.000,MNR
1355,2023-04-30T00:00:00.000,SIR
1744098,2023-04-30T00:00:00.000,Subway
27445,2023-05-01T00:00:00.000,AAR
943325,2023-05-01T00:00:00.000,BT
1465598,2023-05-01T00:00:00.000,Bus
188566,2023-05-01T00:00:00.000,LIRR
167178,2023-05-01T00:00:00.000,MNR
6960,2023-05-01T00:00:00.000,SIR
3664755,2023-05-01T00:00:00.000,Subway
29472,2023-05-02T00:00:00.000,AAR
915814,2023-05-02T00:00:00.000,BT
1498566,2023-05-02T00:00:00.000,Bus
211550,2023-05-02T00:00:00.000,LIRR
197217,2023-05-02T00:00:00.000,MNR
7749,2023-05-02T00:00:00.000,SIR
3961858,2023-05-02T00:00:00.000,Subway
30850,2023-05-03T00:00:00.000,AAR
939778,2023-05-03T00:00:00.000,BT
1533714,2023-05-03T00:00:00.000,Bus
209450,2023-05-03T00:00:00.000,LIRR
195363,2023-05-03T00:00:00.000,MNR
7862,2023-05-03T00:00:00.000,SIR
4030601,2023-05-03T00:00:00.000,Subway
30449,2023-05-04T00:00:00.000,AAR
960470,2023-05-04T00:00:00.000,BT
1497427,2023-05-04T00:00:00.000,Bus
206323,2023-05-04T00:00:00.000,LIRR
189538,2023-05-04T00:00:00.000,MNR
7417,2023-05-04T00:00:00.000,SIR
3985001,2023-05-04T00:00:00.000,Subway
28952,2023-05-05T00:00:00.000,AAR
995446,2023-05-05T00:00:00.000,BT
1450598,2023-05-05T00:00:00.000,Bus
200675,2023-05-05T00:00:00.000,LIRR
170610,2023-05-05T00:00:00.000,MNR
6514,2023-05-05T00:00:00.000,SIR
3759375,2023-05-05T00:00:00.000,Subway
18349,2023-05-06T00:00:00.000,AAR
947021,2023-05-06T00:00:00.000,BT
934630,2023-05-06T00:00:00.000,Bus
111525,2023-05-06T00:00:00.000,LIRR
103318,2023-05-06T00:00:00.000,MNR
2584,2023-05-06T00:00:00.000,SIR
2563102,2023-05-06T00:00:00.000,Subway
17822,2023-05-07T00:00:00.000,AAR
927190,2023-05-07T00:00:00.000,BT
705419,2023-05-07T00:00:00.000,Bus
92076,2023-05-07T00:00:00.000,LIRR
83007,2023-05-07T00:00:00.000,MNR
2705,2023-05-07T00:00:00.000,SIR
2033790,2023-05-07T00:00:00.000,Subway
27771,2023-05-08T00:00:00.000,AAR
981899,2023-05-08T00:00:00.000,BT
1460932,2023-05-08T00:00:00.000,Bus
198056,2023-05-08T00:00:00.000,LIRR
180789,2023-05-08T00:00:00.000,MNR
7196,2023-05-08T00:00:00.000,SIR
3563340,2023-05-08T00:00:00.000,Subway
29923,2023-05-09T00:00:00.000,AAR
950161,2023-05-09T00:00:00.000,BT
1524892,2023-05-09T00:00:00.000,Bus
221290,2023-05-09T00:00:00.000,LIRR
205069,2023-05-09T00:00:00.000,MNR
7827,2023-05-09T00:00:00.000,SIR
3925555,2023-05-09T00:00:00.000,Subway
31360,2023-05-10T00:00:00.000,AAR
969270,2023-05-10T00:00:00.000,BT
1528140,2023-05-10T00:00:00.000,Bus
221747,2023-05-10T00:00:00.000,LIRR
203414,2023-05-10T00:00:00.000,MNR
7998,2023-05-10T00:00:00.000,SIR
4014009,2023-05-10T00:00:00.000,Subway
30899,2023-05-11T00:00:00.000,AAR
1011629,2023-05-11T00:00:00.000,BT
1535264,2023-05-11T00:00:00.000,Bus
210683,2023-05-11T00:00:00.000,LIRR
201006,2023-05-11T00:00:00.000,MNR
7619,2023-05-11T00:00:00.000,SIR
4015942,2023-05-11T00:00:00.000,Subway
29397,2023-05-12T00:00:00.000,AAR
1031389,2023-05-12T00:00:00.000,BT
1436385,2023-05-12T00:00:00.000,Bus
201367,2023-05-12T00:00:00.000,LIRR
185027,2023-05-12T00:00:00.000,MNR
6629,2023-05-12T00:00:00.000,SIR
3723192,2023-05-12T00:00:00.000,Subway
18340,2023-05-13T00:00:00.000,AAR
985856,2023-05-13T00:00:00.000,BT
918257,2023-05-13T00:00:00.000,Bus
113810,2023-05-13T00:00:00.000,LIRR
109940,2023-05-13T00:00:00.000,MNR
1973,2023-05-13T00:00:00.000,SIR
2487178,2023-05-13T00:00:00.000,Subway
20222,2023-05-14T00:00:00.000,AAR
973799,2023-05-14T00:00:00.000,BT
690606,2023-05-14T00:00:00.000,Bus
102178,2023-05-14T00:00:00.000,LIRR
101088,2023-05-14T00:00:00.000,MNR
1654,2023-05-14T00:00:00.000,SIR
1926966,2023-05-14T00:00:00.000,Subway
25892,2023-05-15T00:00:00.000,AAR
1030625,2023-05-15T00:00:00.000,BT
1440741,2023-05-15T00:00:00.000,Bus
201209,2023-05-15T00:00:00.000,LIRR
184909,2023-05-15T00:00:00.000,MNR
6956,2023-05-15T00:00:00.000,SIR
3553443,2023-05-15T00:00:00.000,Subway
29747,2023-05-16T00:00:00.000,AAR
959303,2023-05-16T00:00:00.000,BT
1519397,2023-05-16T00:00:00.000,Bus
227489,2023-05-16T00:00:00.000,LIRR
207484,2023-05-16T00:00:00.000,MNR
7930,2023-05-16T00:00:00.000,SIR
4002015,2023-05-16T00:00:00.000,Subway
30423,2023-05-17T00:00:00.000,AAR
984645,2023-05-17T00:00:00.000,BT
1518546,2023-05-17T00:00:00.000,Bus
223059,2023-05-17T00:00:00.000,LIRR
206630,2023-05-17T00:00:00.000,MNR
7118,2023-05-17T00:00:00.000,SIR
4104786,2023-05-17T00:00:00.000,Subway
29842,2023-05-18T00:00:00.000,AAR
999061,2023-05-18T00:00:00.000,BT
1492657,2023-05-18T00:00:00.000,Bus
218955,2023-05-18T00:00:00.000,LIRR
198433,2023-05-18T00:00:00.000,MNR
7530,2023-05-18T00:00:00.000,SIR
4082154,2023-05-18T00:00:00.000,Subway
28381,2023-05-19T00:00:00.000,AAR
1018663,2023-05-19T00:00:00.000,BT
1431269,2023-05-19T00:00:00.000,Bus
208310,2023-05-19T00:00:00.000,LIRR
181114,2023-05-19T00:00:00.000,MNR
6362,2023-05-19T00:00:00.000,SIR
3789929,2023-05-19T00:00:00.000,Subway
16570,2023-05-20T00:00:00.000,AAR
896255,2023-05-20T00:00:00.000,BT
760830,2023-05-20T00:00:00.000,Bus
102957,2023-05-20T00:00:00.000,LIRR
95625,2023-05-20T00:00:00.000,MNR
1970,2023-05-20T00:00:00.000,SIR
2314672,2023-05-20T00:00:00.000,Subway
17545,2023-05-21T00:00:00.000,AAR
937056,2023-05-21T00:00:00.000,BT
727850,2023-05-21T00:00:00.000,Bus
103484,2023-05-21T00:00:00.000,LIRR
91335,2023-05-21T00:00:00.000,MNR
1919,2023-05-21T00:00:00.000,SIR
2132724,2023-05-21T00:00:00.000,Subway
27038,2023-05-22T00:00:00.000,AAR
1010341,2023-05-22T00:00:00.000,BT
1446015,2023-05-22T00:00:00.000,Bus
203122,2023-05-22T00:00:00.000,LIRR
186008,2023-05-22T00:00:00.000,MNR
6935,2023-05-22T00:00:00.000,SIR
3571748,2023-05-22T00:00:00.000,Subway
29538,2023-05-23T00:00:00.000,AAR
947618,2023-05-23T00:00:00.000,BT
1500973,2023-05-23T00:00:00.000,Bus
219619,2023-05-23T00:00:00.000,LIRR
214621,2023-05-23T00:00:00.000,MNR
7928,2023-05-23T00:00:00.000,SIR
3929003,2023-05-23T00:00:00.000,Subway
30495,2023-05-24T00:00:00.000,AAR
976939,2023-05-24T00:00:00.000,BT
1499943,2023-05-24T00:00:00.000,Bus
219886,2023-05-24T00:00:00.000,LIRR
208487,2023-05-24T00:00:00.000,MNR
7667,2023-05-24T00:00:00.000,SIR
3960264,2023-05-24T00:00:00.000,Subway
29311,2023-05-25T00:00:00.000,AAR
999828,2023-05-25T00:00:00.000,BT
1459601,2023-05-25T00:00:00.000,Bus
215946,2023-05-25T00:00:00.000,LIRR
201855,2023-05-25T00:00:00.000,MNR
7183,2023-05-25T00:00:00.000,SIR
3859385,2023-05-25T00:00:00.000,Subway
27037,2023-05-26T00:00:00.000,AAR
989397,2023-05-26T00:00:00.000,BT
1370252,2023-05-26T00:00:00.000,Bus
207347,2023-05-26T00:00:00.000,LIRR
187188,2023-05-26T00:00:00.000,MNR
5747,2023-05-26T00:00:00.000,SIR
3496511,2023-05-26T00:00:00.000,Subway
16731,2023-05-27T00:00:00.000,AAR
915863,2023-05-27T00:00:00.000,BT
848442,2023-05-27T00:00:00.000,Bus
116439,2023-05-27T00:00:00.000,LIRR
120011,2023-05-27T00:00:00.000,MNR
2913,2023-05-27T00:00:00.000,SIR
2375741,2023-05-27T00:00:00.000,Subway
17527,2023-05-28T00:00:00.000,AAR
899058,2023-05-28T00:00:00.000,BT
707787,2023-05-28T00:00:00.000,Bus
102985,2023-05-28T00:00:00.000,LIRR
102009,2023-05-28T00:00:00.000,MNR
2426,2023-05-28T00:00:00.000,SIR
2029088,2023-05-28T00:00:00.000,Subway
12121,2023-05-29T00:00:00.000,AAR
858548,2023-05-29T00:00:00.000,BT
758893,2023-05-29T00:00:00.000,Bus
99456,2023-05-29T00:00:00.000,LIRR
86149,2023-05-29T00:00:00.000,MNR
2520,2023-05-29T00:00:00.000,SIR
1952779,2023-05-29T00:00:00.000,Subway
27645,2023-05-30T00:00:00.000,AAR
993319,2023-05-30T00:00:00.000,BT
1438285,2023-05-30T00:00:00.000,Bus
227623,2023-05-30T00:00:00.000,LIRR
205661,2023-05-30T00:00:00.000,MNR
7398,2023-05-30T00:00:00.000,SIR
3714864,2023-05-30T00:00:00.000,Subway
30078,2023-05-31T00:00:00.000,AAR
964425,2023-05-31T00:00:00.000,BT
1480801,2023-05-31T00:00:00.000,Bus
229227,2023-05-31T00:00:00.000,LIRR
211998,2023-05-31T00:00:00.000,MNR
7691,2023-05-31T00:00:00.000,SIR
3911382,2023-05-31T00:00:00.000,Subway
30088,2023-06-01T00:00:00.000,AAR
1000207,2023-06-01T00:00:00.000,BT
1457503,2023-06-01T00:00:00.000,Bus
210483,2023-06-01T00:00:00.000,LIRR
191410,2023-06-01T00:00:00.000,MNR
7152,2023-06-01T00:00:00.000,SIR
3894167,2023-06-01T00:00:00.000,Subway
29570,2023-06-02T00:00:00.000,AAR
1010538,2023-06-02T00:00:00.000,BT
1399462,2023-06-02T00:00:00.000,Bus
202543,2023-06-02T00:00:00.000,LIRR
170399,2023-06-02T00:00:00.000,MNR
6470,2023-06-02T00:00:00.000,SIR
3626490,2023-06-02T00:00:00.000,Subway
18118,2023-06-03T00:00:00.000,AAR
942097,2023-06-03T00:00:00.000,BT
899212,2023-06-03T00:00:00.000,Bus
115723,2023-06-03T00:00:00.000,LIRR
102668,2023-06-03T00:00:00.000,MNR
1837,2023-06-03T00:00:00.000,SIR
2411704,2023-06-03T00:00:00.000,Subway
18429,2023-06-04T00:00:00.000,AAR
941959,2023-06-04T00:00:00.000,BT
714218,2023-06-04T00:00:00.000,Bus
103120,2023-06-04T00:00:00.000,LIRR
88859,2023-06-04T00:00:00.000,MNR
1573,2023-06-04T00:00:00.000,SIR
1988330,2023-06-04T00:00:00.000,Subway
27920,2023-06-05T00:00:00.000,AAR
986208,2023-06-05T00:00:00.000,BT
1432156,2023-06-05T00:00:00.000,Bus
200806,2023-06-05T00:00:00.000,LIRR
183510,2023-06-05T00:00:00.000,MNR
6892,2023-06-05T00:00:00.000,SIR
3544106,2023-06-05T00:00:00.000,Subway
29999,2023-06-06T00:00:00.000,AAR
944403,2023-06-06T00:00:00.000,BT
1474317,2023-06-06T00:00:00.000,Bus
218376,2023-06-06T00:00:00.000,LIRR
213292,2023-06-06T00:00:00.000,MNR
7795,2023-06-06T00:00:00.000,SIR
3929131,2023-06-06T00:00:00.000,Subway
31147,2023-06-07T00:00:00.000,AAR
950165,2023-06-07T00:00:00.000,BT
1390834,2023-06-07T00:00:00.000,Bus
212982,2023-06-07T00:00:00.000,LIRR
202951,2023-06-07T00:00:00.000,MNR
7334,2023-06-07T00:00:00.000,SIR
3743889,2023-06-07T00:00:00.000,Subway
27689,2023-06-08T00:00:00.000,AAR
919329,2023-06-08T00:00:00.000,BT
1216291,2023-06-08T00:00:00.000,Bus
189487,2023-06-08T00:00:00.000,LIRR
176985,2023-06-08T00:00:00.000,MNR
5503,2023-06-08T00:00:00.000,SIR
3268529,2023-06-08T00:00:00.000,Subway
25845,2023-06-09T00:00:00.000,AAR
983133,2023-06-09T00:00:00.000,BT
1256670,2023-06-09T00:00:00.000,Bus
214001,2023-06-09T00:00:00.000,LIRR
185677,2023-06-09T00:00:00.000,MNR
5482,2023-06-09T00:00:00.000,SIR
3425232,2023-06-09T00:00:00.000,Subway
17996,2023-06-10T00:00:00.000,AAR
967775,2023-06-10T00:00:00.000,BT
892936,2023-06-10T00:00:00.000,Bus
139304,2023-06-10T00:00:00.000,LIRR
117616,2023-06-10T00:00:00.000,MNR
1978,2023-06-10T00:00:00.000,SIR
2608756,2023-06-10T00:00:00.000,Subway
17958,2023-06-11T00:00:00.000,AAR
982630,2023-06-11T00:00:00.000,BT
695200,2023-06-11T00:00:00.000,Bus
106971,2023-06-11T00:00:00.000,LIRR
98115,2023-06-11T00:00:00.000,MNR
1582,2023-06-11T00:00:00.000,SIR
2075651,2023-06-11T00:00:00.000,Subway
27520,2023-06-12T00:00:00.000,AAR
1011783,2023-06-12T00:00:00.000,BT
1394575,2023-06-12T00:00:00.000,Bus
202015,2023-06-12T00:00:00.000,LIRR
185343,2023-06-12T00:00:00.000,MNR
6744,2023-06-12T00:00:00.000,SIR
3479404,2023-06-12T00:00:00.000,Subway
30441,2023-06-13T00:00:00.000,AAR
955066,2023-06-13T00:00:00.000,BT
1500122,2023-06-13T00:00:00.000,Bus
233588,2023-06-13T00:00:00.000,LIRR
212364,2023-06-13T00:00:00.000,MNR
7850,2023-06-13T00:00:00.000,SIR
3968160,2023-06-13T00:00:00.000,Subway
30661,2023-06-14T00:00:00.000,AAR
971777,2023-06-14T00:00:00.000,BT
1434687,2023-06-14T00:00:00.000,Bus
235667,2023-06-14T00:00:00.000,LIRR
207746,2023-06-14T00:00:00.000,MNR
7234,2023-06-14T00:00:00.000,SIR
3893073,2023-06-14T00:00:00.000,Subway
31298,2023-06-15T00:00:00.000,AAR
1016230,2023-06-15T00:00:00.000,BT
1475300,2023-06-15T00:00:00.000,Bus
228608,2023-06-15T00:00:00.000,LIRR
206188,2023-06-15T00:00:00.000,MNR
7390,2023-06-15T00:00:00.000,SIR
3928393,2023-06-15T00:00:00.000,Subway
28693,2023-06-16T00:00:00.000,AAR
1027913,2023-06-16T00:00:00.000,BT
1300751,2023-06-16T00:00:00.000,Bus
214883,2023-06-16T00:00:00.000,LIRR
177916,2023-06-16T00:00:00.000,MNR
5960,2023-06-16T00:00:00.000,SIR
3395938,2023-06-16T00:00:00.000,Subway
17967,2023-06-17T00:00:00.000,AAR
972095,2023-06-17T00:00:00.000,BT
872453,2023-06-17T00:00:00.000,Bus
138654,2023-06-17T00:00:00.000,LIRR
111460,2023-06-17T00:00:00.000,MNR
2632,2023-06-17T00:00:00.000,SIR
2399521,2023-06-17T00:00:00.000,Subway
19384,2023-06-18T00:00:00.000,AAR
973332,2023-06-18T00:00:00.000,BT
707615,2023-06-18T00:00:00.000,Bus
119996,2023-06-18T00:00:00.000,LIRR
95597,2023-06-18T00:00:00.000,MNR
2029,2023-06-18T00:00:00.000,SIR
1977582,2023-06-18T00:00:00.000,Subway
17494,2023-06-19T00:00:00.000,AAR
1006775,2023-06-19T00:00:00.000,BT
1075747,2023-06-19T00:00:00.000,Bus
196645,2023-06-19T00:00:00.000,LIRR
168591,2023-06-19T00:00:00.000,MNR
4094,2023-06-19T00:00:00.000,SIR
2636887,2023-06-19T00:00:00.000,Subway
29482,2023-06-20T00:00:00.000,AAR
997316,2023-06-20T00:00:00.000,BT
1434258,2023-06-20T00:00:00.000,Bus
235806,2023-06-20T00:00:00.000,LIRR
224371,2023-06-20T00:00:00.000,MNR
7540,2023-06-20T00:00:00.000,SIR
3782810,2023-06-20T00:00:00.000,Subway
31019,2023-06-21T00:00:00.000,AAR
992269,2023-06-21T00:00:00.000,BT
1430476,2023-06-21T00:00:00.000,Bus
242162,2023-06-21T00:00:00.000,LIRR
221141,2023-06-21T00:00:00.000,MNR
7551,2023-06-21T00:00:00.000,SIR
3902298,2023-06-21T00:00:00.000,Subway
29220,2023-06-22T00:00:00.000,AAR
1011569,2023-06-22T00:00:00.000,BT
1367709,2023-06-22T00:00:00.000,Bus
233588,2023-06-22T00:00:00.000,LIRR
208969,2023-06-22T00:00:00.000,MNR
6956,2023-06-22T00:00:00.000,SIR
3782472,2023-06-22T00:00:00.000,Subway
28619,2023-06-23T00:00:00.000,AAR
1020728,2023-06-23T00:00:00.000,BT
1282954,2023-06-23T00:00:00.000,Bus
222283,2023-06-23T00:00:00.000,LIRR
188373,2023-06-23T00:00:00.000,MNR
6167,2023-06-23T00:00:00.000,SIR
3470575,2023-06-23T00:00:00.000,Subway
16937,2023-06-24T00:00:00.000,AAR
931476,2023-06-24T00:00:00.000,BT
844674,2023-06-24T00:00:00.000,Bus
128075,2023-06-24T00:00:00.000,LIRR
109217,2023-06-24T00:00:00.000,MNR
2551,2023-06-24T00:00:00.000,SIR
2467994,2023-06-24T00:00:00.000,Subway
17103,2023-06-25T00:00:00.000,AAR
949028,2023-06-25T00:00:00.000,BT
689020,2023-06-25T00:00:00.000,Bus
123527,2023-06-25T00:00:00.000,LIRR
113238,2023-06-25T00:00:00.000,MNR
2248,2023-06-25T00:00:00.000,SIR
2222704,2023-06-25T00:00:00.000,Subway
26823,2023-06-26T00:00:00.000,AAR
1025186,2023-06-26T00:00:00.000,BT
1314743,2023-06-26T00:00:00.000,Bus
218393,2023-06-26T00:00:00.000,LIRR
185070,2023-06-26T00:00:00.000,MNR
6516,2023-06-26T00:00:00.000,SIR
3341322,2023-06-26T00:00:00.000,Subway
29246,2023-06-27T00:00:00.000,AAR
961381,2023-06-27T00:00:00.000,BT
1391914,2023-06-27T00:00:00.000,Bus
231738,2023-06-27T00:00:00.000,LIRR
209234,2023-06-27T00:00:00.000,MNR
7633,2023-06-27T00:00:00.000,SIR
3744227,2023-06-27T00:00:00.000,Subway
29092,2023-06-28T00:00:00.000,AAR
978863,2023-06-28T00:00:00.000,BT
1305832,2023-06-28T00:00:00.000,Bus
233457,2023-06-28T00:00:00.000,LIRR
207293,2023-06-28T00:00:00.000,MNR
6762,2023-06-28T00:00:00.000,SIR
3634270,2023-06-28T00:00:00.000,Subway
28876,2023-06-29T00:00:00.000,AAR
1023854,2023-06-29T00:00:00.000,BT
1307649,2023-06-29T00:00:00.000,Bus
233625,2023-06-29T00:00:00.000,LIRR
200724,2023-06-29T00:00:00.000,MNR
6946,2023-06-29T00:00:00.000,SIR
3653631,2023-06-29T00:00:00.000,Subway
28028,2023-06-30T00:00:00.000,AAR
1047225,2023-06-30T00:00:00.000,BT
1248822,2023-06-30T00:00:00.000,Bus
219673,2023-06-30T00:00:00.000,LIRR
178064,2023-06-30T00:00:00.000,MNR
5817,2023-06-30T00:00:00.000,SIR
3259767,2023-06-30T00:00:00.000,Subway
17093,2023-07-01T00:00:00.000,AAR
953830,2023-07-01T00:00:00.000,BT
859295,2023-07-01T00:00:00.000,Bus
120270,2023-07-01T00:00:00.000,LIRR
99597,2023-07-01T00:00:00.000,MNR
2745,2023-07-01T00:00:00.000,SIR
2239529,2023-07-01T00:00:00.000,Subway
16717,2023-07-02T00:00:00.000,AAR
853331,2023-07-02T00:00:00.000,BT
668297,2023-07-02T00:00:00.000,Bus
92780,2023-07-02T00:00:00.000,LIRR
74415,2023-07-02T00:00:00.000,MNR
1988,2023-07-02T00:00:00.000,SIR
1783757,2023-07-02T00:00:00.000,Subway
23795,2023-07-03T00:00:00.000,AAR
884374,2023-07-03T00:00:00.000,BT
1117930,2023-07-03T00:00:00.000,Bus
149641,2023-07-03T00:00:00.000,LIRR
128417,2023-07-03T00:00:00.000,MNR
4718,2023-07-03T00:00:00.000,SIR
2662052,2023-07-03T00:00:00.000,Subway
13059,2023-07-04T00:00:00.000,AAR
691075,2023-07-04T00:00:00.000,BT
631937,2023-07-04T00:00:00.000,Bus
96458,2023-07-04T00:00:00.000,LIRR
84010,2023-07-04T00:00:00.000,MNR
2305,2023-07-04T00:00:00.000,SIR
1791179,2023-07-04T00:00:00.000,Subway
28774,2023-07-05T00:00:00.000,AAR
994526,2023-07-05T00:00:00.000,BT
1296583,2023-07-05T00:00:00.000,Bus
211448,2023-07-05T00:00:00.000,LIRR
189434,2023-07-05T00:00:00.000,MNR
6472,2023-07-05T00:00:00.000,SIR
3318379,2023-07-05T00:00:00.000,Subway
29894,2023-07-06T00:00:00.000,AAR
954106,2023-07-06T00:00:00.000,BT
1333630,2023-07-06T00:00:00.000,Bus
209335,2023-07-06T00:00:00.000,LIRR
186822,2023-07-06T00:00:00.000,MNR
6608,2023-07-06T00:00:00.000,SIR
3494806,2023-07-06T00:00:00.000,Subway
28609,2023-07-07T00:00:00.000,AAR
968567,2023-07-07T00:00:00.000,BT
1273900,2023-07-07T00:00:00.000,Bus
197892,2023-07-07T00:00:00.000,LIRR
171597,2023-07-07T00:00:00.000,MNR
5868,2023-07-07T00:00:00.000,SIR
3292266,2023-07-07T00:00:00.000,Subway
17879,2023-07-08T00:00:00.000,AAR
929843,2023-07-08T00:00:00.000,BT
867047,2023-07-08T00:00:00.000,Bus
120931,2023-07-08T00:00:00.000,LIRR
107854,2023-07-08T00:00:00.000,MNR
2695,2023-07-08T00:00:00.000,SIR
2308794,2023-07-08T00:00:00.000,Subway
16695,2023-07-09T00:00:00.000,AAR
892277,2023-07-09T00:00:00.000,BT
651953,2023-07-09T00:00:00.000,Bus
95243,2023-07-09T00:00:00.000,LIRR
83783,2023-07-09T00:00:00.000,MNR
1914,2023-07-09T00:00:00.000,SIR
1776607,2023-07-09T00:00:00.000,Subway
27354,2023-07-10T00:00:00.000,AAR
959964,2023-07-10T00:00:00.000,BT
1307297,2023-07-10T00:00:00.000,Bus
196506,2023-07-10T00:00:00.000,LIRR
171497,2023-07-10T00:00:00.000,MNR
6175,2023-07-10T00:00:00.000,SIR
3208730,2023-07-10T00:00:00.000,Subway
30085,2023-07-11T00:00:00.000,AAR
947294,2023-07-11T00:00:00.000,BT
1381701,2023-07-11T00:00:00.000,Bus
221923,2023-07-11T00:00:00.000,LIRR
200151,2023-07-11T00:00:00.000,MNR
7149,2023-07-11T00:00:00.000,SIR
3613670,2023-07-11T00:00:00.000,Subway
31015,2023-07-12T00:00:00.000,AAR
976047,2023-07-12T00:00:00.000,BT
1383484,2023-07-12T00:00:00.000,Bus
218097,2023-07-12T00:00:00.000,LIRR
199169,2023-07-12T00:00:00.000,MNR
6901,2023-07-12T00:00:00.000,SIR
3696737,2023-07-12T00:00:00.000,Subway
29980,2023-07-13T00:00:00.000,AAR
984165,2023-07-13T00:00:00.000,BT
1359302,2023-07-13T00:00:00.000,Bus
218715,2023-07-13T00:00:00.000,LIRR
190952,2023-07-13T00:00:00.000,MNR
6888,2023-07-13T00:00:00.000,SIR
3648007,2023-07-13T00:00:00.000,Subway
28489,2023-07-14T00:00:00.000,AAR
992758,2023-07-14T00:00:00.000,BT
1231624,2023-07-14T00:00:00.000,Bus
198119,2023-07-14T00:00:00.000,LIRR
163840,2023-07-14T00:00:00.000,MNR
5588,2023-07-14T00:00:00.000,SIR
3209393,2023-07-14T00:00:00.000,Subway
18043,2023-07-15T00:00:00.000,AAR
948158,2023-07-15T00:00:00.000,BT
889709,2023-07-15T00:00:00.000,Bus
124007,2023-07-15T00:00:00.000,LIRR
107124,2023-07-15T00:00:00.000,MNR
2409,2023-07-15T00:00:00.000,SIR
2326054,2023-07-15T00:00:00.000,Subway
16496,2023-07-16T00:00:00.000,AAR
859246,2023-07-16T00:00:00.000,BT
583645,2023-07-16T00:00:00.000,Bus
89763,2023-07-16T00:00:00.000,LIRR
72406,2023-07-16T00:00:00.000,MNR
1559,2023-07-16T00:00:00.000,SIR
1599858,2023-07-16T00:00:00.000,Subway
27637,2023-07-17T00:00:00.000,AAR
988125,2023-07-17T00:00:00.000,BT
1310810,2023-07-17T00:00:00.000,Bus
205378,2023-07-17T00:00:00.000,LIRR
182216,2023-07-17T00:00:00.000,MNR
6345,2023-07-17T00:00:00.000,SIR
3282092,2023-07-17T00:00:00.000,Subway
29105,2023-07-18T00:00:00.000,AAR
946195,2023-07-18T00:00:00.000,BT
1313665,2023-07-18T00:00:00.000,Bus
225299,2023-07-18T00:00:00.000,LIRR
204203,2023-07-18T00:00:00.000,MNR
6766,2023-07-18T00:00:00.000,SIR
3584819,2023-07-18T00:00:00.000,Subway
30527,2023-07-19T00:00:00.000,AAR
966165,2023-07-19T00:00:00.000,BT
1342781,2023-07-19T00:00:00.000,Bus
224202,2023-07-19T00:00:00.000,LIRR
203857,2023-07-19T00:00:00.000,MNR
6938,2023-07-19T00:00:00.000,SIR
3679343,2023-07-19T00:00:00.000,Subway
29745,2023-07-20T00:00:00.000,AAR
993628,2023-07-20T00:00:00.000,BT
1333607,2023-07-20T00:00:00.000,Bus
224327,2023-07-20T00:00:00.000,LIRR
197400,2023-07-20T00:00:00.000,MNR
6858,2023-07-20T00:00:00.000,SIR
3711017,2023-07-20T00:00:00.000,Subway
27485,2023-07-21T00:00:00.000,AAR
997700,2023-07-21T00:00:00.000,BT
1211839,2023-07-21T00:00:00.000,Bus
201177,2023-07-21T00:00:00.000,LIRR
176892,2023-07-21T00:00:00.000,MNR
5389,2023-07-21T00:00:00.000,SIR
3227154,2023-07-21T00:00:00.000,Subway
18283,2023-07-22T00:00:00.000,AAR
974423,2023-07-22T00:00:00.000,BT
894490,2023-07-22T00:00:00.000,Bus
133328,2023-07-22T00:00:00.000,LIRR
93215,2023-07-22T00:00:00.000,MNR
2117,2023-07-22T00:00:00.000,SIR
2459990,2023-07-22T00:00:00.000,Subway
18021,2023-07-23T00:00:00.000,AAR
989017,2023-07-23T00:00:00.000,BT
723774,2023-07-23T00:00:00.000,Bus
116485,2023-07-23T00:00:00.000,LIRR
94729,2023-07-23T00:00:00.000,MNR
1511,2023-07-23T00:00:00.000,SIR
1984503,2023-07-23T00:00:00.000,Subway
27222,2023-07-24T00:00:00.000,AAR
1023447,2023-07-24T00:00:00.000,BT
1302964,2023-07-24T00:00:00.000,Bus
206025,2023-07-24T00:00:00.000,LIRR
180716,2023-07-24T00:00:00.000,MNR
6175,2023-07-24T00:00:00.000,SIR
3255379,2023-07-24T00:00:00.000,Subway
29285,2023-07-25T00:00:00.000,AAR
941970,2023-07-25T00:00:00.000,BT
1307716,2023-07-25T00:00:00.000,Bus
226651,2023-07-25T00:00:00.000,LIRR
211053,2023-07-25T00:00:00.000,MNR
7050,2023-07-25T00:00:00.000,SIR
3630414,2023-07-25T00:00:00.000,Subway
30501,2023-07-26T00:00:00.000,AAR
972639,2023-07-26T00:00:00.000,BT
1382345,2023-07-26T00:00:00.000,Bus
226363,2023-07-26T00:00:00.000,LIRR
210315,2023-07-26T00:00:00.000,MNR
7298,2023-07-26T00:00:00.000,SIR
3758378,2023-07-26T00:00:00.000,Subway
28692,2023-07-27T00:00:00.000,AAR
969540,2023-07-27T00:00:00.000,BT
1313385,2023-07-27T00:00:00.000,Bus
219460,2023-07-27T00:00:00.000,LIRR
187729,2023-07-27T00:00:00.000,MNR
6788,2023-07-27T00:00:00.000,SIR
3580012,2023-07-27T00:00:00.000,Subway
27522,2023-07-28T00:00:00.000,AAR
1008881,2023-07-28T00:00:00.000,BT
1246295,2023-07-28T00:00:00.000,Bus
205845,2023-07-28T00:00:00.000,LIRR
170128,2023-07-28T00:00:00.000,MNR
5631,2023-07-28T00:00:00.000,SIR
3266199,2023-07-28T00:00:00.000,Subway
16747,2023-07-29T00:00:00.000,AAR
949639,2023-07-29T00:00:00.000,BT
856921,2023-07-29T00:00:00.000,Bus
120457,2023-07-29T00:00:00.000,LIRR
100508,2023-07-29T00:00:00.000,MNR
2314,2023-07-29T00:00:00.000,SIR
2251524,2023-07-29T00:00:00.000,Subway
17450,2023-07-30T00:00:00.000,AAR
973612,2023-07-30T00:00:00.000,BT
705279,2023-07-30T00:00:00.000,Bus
116784,2023-07-30T00:00:00.000,LIRR
91861,2023-07-30T00:00:00.000,MNR
2077,2023-07-30T00:00:00.000,SIR
1952433,2023-07-30T00:00:00.000,Subway
26682,2023-07-31T00:00:00.000,AAR
1040527,2023-07-31T00:00:00.000,BT
1283835,2023-07-31T00:00:00.000,Bus
205976,2023-07-31T00:00:00.000,LIRR
185348,2023-07-31T00:00:00.000,MNR
6161,2023-07-31T00:00:00.000,SIR
3204920,2023-07-31T00:00:00.000,Subway
29354,2023-08-01T00:00:00.000,AAR
958157,2023-08-01T00:00:00.000,BT
1357252,2023-08-01T00:00:00.000,Bus
221518,2023-08-01T00:00:00.000,LIRR
199547,2023-08-01T00:00:00.000,MNR
7060,2023-08-01T00:00:00.000,SIR
3598379,2023-08-01T00:00:00.000,Subway
30380,2023-08-02T00:00:00.000,AAR
963483,2023-08-02T00:00:00.000,BT
1359233,2023-08-02T00:00:00.000,Bus
219641,2023-08-02T00:00:00.000,LIRR
201003,2023-08-02T00:00:00.000,MNR
6913,2023-08-02T00:00:00.000,SIR
3640307,2023-08-02T00:00:00.000,Subway
30483,2023-08-03T00:00:00.000,AAR
988768,2023-08-03T00:00:00.000,BT
1350472,2023-08-03T00:00:00.000,Bus
220565,2023-08-03T00:00:00.000,LIRR
197044,2023-08-03T00:00:00.000,MNR
6753,2023-08-03T00:00:00.000,SIR
3609076,2023-08-03T00:00:00.000,Subway
28128,2023-08-04T00:00:00.000,AAR
996020,2023-08-04T00:00:00.000,BT
1241122,2023-08-04T00:00:00.000,Bus
193528,2023-08-04T00:00:00.000,LIRR
171533,2023-08-04T00:00:00.000,MNR
5593,2023-08-04T00:00:00.000,SIR
3228510,2023-08-04T00:00:00.000,Subway
18835,2023-08-05T00:00:00.000,AAR
941484,2023-08-05T00:00:00.000,BT
879423,2023-08-05T00:00:00.000,Bus
122596,2023-08-05T00:00:00.000,LIRR
114660,2023-08-05T00:00:00.000,MNR
2838,2023-08-05T00:00:00.000,SIR
2364364,2023-08-05T00:00:00.000,Subway
18805,2023-08-06T00:00:00.000,AAR
953940,2023-08-06T00:00:00.000,BT
715130,2023-08-06T00:00:00.000,Bus
107399,2023-08-06T00:00:00.000,LIRR
96010,2023-08-06T00:00:00.000,MNR
2171,2023-08-06T00:00:00.000,SIR
1910841,2023-08-06T00:00:00.000,Subway
27174,2023-08-07T00:00:00.000,AAR
983469,2023-08-07T00:00:00.000,BT
1208443,2023-08-07T00:00:00.000,Bus
191530,2023-08-07T00:00:00.000,LIRR
163799,2023-08-07T00:00:00.000,MNR
5884,2023-08-07T00:00:00.000,SIR
3041001,2023-08-07T00:00:00.000,Subway
29435,2023-08-08T00:00:00.000,AAR
920499,2023-08-08T00:00:00.000,BT
1339073,2023-08-08T00:00:00.000,Bus
218555,2023-08-08T00:00:00.000,LIRR
193867,2023-08-08T00:00:00.000,MNR
7035,2023-08-08T00:00:00.000,SIR
3510047,2023-08-08T00:00:00.000,Subway
30849,2023-08-09T00:00:00.000,AAR
952272,2023-08-09T00:00:00.000,BT
1369095,2023-08-09T00:00:00.000,Bus
224241,2023-08-09T00:00:00.000,LIRR
192028,2023-08-09T00:00:00.000,MNR
6858,2023-08-09T00:00:00.000,SIR
3613062,2023-08-09T00:00:00.000,Subway
29758,2023-08-10T00:00:00.000,AAR
961230,2023-08-10T00:00:00.000,BT
1262073,2023-08-10T00:00:00.000,Bus
208782,2023-08-10T00:00:00.000,LIRR
178768,2023-08-10T00:00:00.000,MNR
6333,2023-08-10T00:00:00.000,SIR
3429304,2023-08-10T00:00:00.000,Subway
29109,2023-08-11T00:00:00.000,AAR
999517,2023-08-11T00:00:00.000,BT
1275618,2023-08-11T00:00:00.000,Bus
206947,2023-08-11T00:00:00.000,LIRR
171116,2023-08-11T00:00:00.000,MNR
6119,2023-08-11T00:00:00.000,SIR
3311714,2023-08-11T00:00:00.000,Subway
18390,2023-08-12T00:00:00.000,AAR
953128,2023-08-12T00:00:00.000,BT
844749,2023-08-12T00:00:00.000,Bus
131586,2023-08-12T00:00:00.000,LIRR
109269,2023-08-12T00:00:00.000,MNR
2835,2023-08-12T00:00:00.000,SIR
2366787,2023-08-12T00:00:00.000,Subway
18071,2023-08-13T00:00:00.000,AAR
958358,2023-08-13T00:00:00.000,BT
690541,2023-08-13T00:00:00.000,Bus
112932,2023-08-13T00:00:00.000,LIRR
93730,2023-08-13T00:00:00.000,MNR
2196,2023-08-13T00:00:00.000,SIR
1953558,2023-08-13T00:00:00.000,Subway
27185,2023-08-14T00:00:00.000,AAR
1012902,2023-08-14T00:00:00.000,BT
1246445,2023-08-14T00:00:00.000,Bus
201352,2023-08-14T00:00:00.000,LIRR
168873,2023-08-14T00:00:00.000,MNR
6051,2023-08-14T00:00:00.000,SIR
3092801,2023-08-14T00:00:00.000,Subway
29122,2023-08-15T00:00:00.000,AAR
924633,2023-08-15T00:00:00.000,BT
1273782,2023-08-15T00:00:00.000,Bus
212116,2023-08-15T00:00:00.000,LIRR
187441,2023-08-15T00:00:00.000,MNR
6680,2023-08-15T00:00:00.000,SIR
3385996,2023-08-15T00:00:00.000,Subway
30763,2023-08-16T00:00:00.000,AAR
952093,2023-08-16T00:00:00.000,BT
1300953,2023-08-16T00:00:00.000,Bus
217398,2023-08-16T00:00:00.000,LIRR
190267,2023-08-16T00:00:00.000,MNR
6652,2023-08-16T00:00:00.000,SIR
3447648,2023-08-16T00:00:00.000,Subway
30045,2023-08-17T00:00:00.000,AAR
969976,2023-08-17T00:00:00.000,BT
1275993,2023-08-17T00:00:00.000,Bus
212321,2023-08-17T00:00:00.000,LIRR
180631,2023-08-17T00:00:00.000,MNR
6360,2023-08-17T00:00:00.000,SIR
3385056,2023-08-17T00:00:00.000,Subway
27468,2023-08-18T00:00:00.000,AAR
983547,2023-08-18T00:00:00.000,BT
1208502,2023-08-18T00:00:00.000,Bus
208639,2023-08-18T00:00:00.000,LIRR
174410,2023-08-18T00:00:00.000,MNR
5361,2023-08-18T00:00:00.000,SIR
3182516,2023-08-18T00:00:00.000,Subway
19246,2023-08-19T00:00:00.000,AAR
961117,2023-08-19T00:00:00.000,BT
856814,2023-08-19T00:00:00.000,Bus
144076,2023-08-19T00:00:00.000,LIRR
124069,2023-08-19T00:00:00.000,MNR
2665,2023-08-19T00:00:00.000,SIR
2358962,2023-08-19T00:00:00.000,Subway
18004,2023-08-20T00:00:00.000,AAR
964681,2023-08-20T00:00:00.000,BT
689829,2023-08-20T00:00:00.000,Bus
101351,2023-08-20T00:00:00.000,LIRR
94332,2023-08-20T00:00:00.000,MNR
2065,2023-08-20T00:00:00.000,SIR
1870625,2023-08-20T00:00:00.000,Subway
26325,2023-08-21T00:00:00.000,AAR
1000328,2023-08-21T00:00:00.000,BT
1199440,2023-08-21T00:00:00.000,Bus
198534,2023-08-21T00:00:00.000,LIRR
170102,2023-08-21T00:00:00.000,MNR
5857,2023-08-21T00:00:00.000,SIR
2971166,2023-08-21T00:00:00.000,Subway
28913,2023-08-22T00:00:00.000,AAR
924872,2023-08-22T00:00:00.000,BT
1263459,2023-08-22T00:00:00.000,Bus
213724,2023-08-22T00:00:00.000,LIRR
194321,2023-08-22T00:00:00.000,MNR
6463,2023-08-22T00:00:00.000,SIR
3352769,2023-08-22T00:00:00.000,Subway
30187,2023-08-23T00:00:00.000,AAR
951135,2023-08-23T00:00:00.000,BT
1272485,2023-08-23T00:00:00.000,Bus
215258,2023-08-23T00:00:00.000,LIRR
192053,2023-08-23T00:00:00.000,MNR
6566,2023-08-23T00:00:00.000,SIR
3412842,2023-08-23T00:00:00.000,Subway
28689,2023-08-24T00:00:00.000,AAR
957301,2023-08-24T00:00:00.000,BT
1201155,2023-08-24T00:00:00.000,Bus
204439,2023-08-24T00:00:00.000,LIRR
176827,2023-08-24T00:00:00.000,MNR
6191,2023-08-24T00:00:00.000,SIR
3297927,2023-08-24T00:00:00.000,Subway
26511,2023-08-25T00:00:00.000,AAR
953218,2023-08-25T00:00:00.000,BT
1143010,2023-08-25T00:00:00.000,Bus
191119,2023-08-25T00:00:00.000,LIRR
153854,2023-08-25T00:00:00.000,MNR
4891,2023-08-25T00:00:00.000,SIR
3034255,2023-08-25T00:00:00.000,Subway
18024,2023-08-26T00:00:00.000,AAR
917066,2023-08-26T00:00:00.000,BT
844428,2023-08-26T00:00:00.000,Bus
122930,2023-08-26T00:00:00.000,LIRR
100194,2023-08-26T00:00:00.000,MNR
2700,2023-08-26T00:00:00.000,SIR
2281885,2023-08-26T00:00:00.000,Subway
18022,2023-08-27T00:00:00.000,AAR
950253,2023-08-27T00:00:00.000,BT
702984,2023-08-27T00:00:00.000,Bus
106913,2023-08-27T00:00:00.000,LIRR
85878,2023-08-27T00:00:00.000,MNR
2088,2023-08-27T00:00:00.000,SIR
1909806,2023-08-27T00:00:00.000,Subway
26613,2023-08-28T00:00:00.000,AAR
996399,2023-08-28T00:00:00.000,BT
1240688,2023-08-28T00:00:00.000,Bus
215843,2023-08-28T00:00:00.000,LIRR
170897,2023-08-28T00:00:00.000,MNR
6179,2023-08-28T00:00:00.000,SIR
3121505,2023-08-28T00:00:00.000,Subway
28250,2023-08-29T00:00:00.000,AAR
928275,2023-08-29T00:00:00.000,BT
1284953,2023-08-29T00:00:00.000,Bus
235092,2023-08-29T00:00:00.000,LIRR
189077,2023-08-29T00:00:00.000,MNR
6677,2023-08-29T00:00:00.000,SIR
3401088,2023-08-29T00:00:00.000,Subway
29450,2023-08-30T00:00:00.000,AAR
952943,2023-08-30T00:00:00.000,BT
1267435,2023-08-30T00:00:00.000,Bus
230912,2023-08-30T00:00:00.000,LIRR
180304,2023-08-30T00:00:00.000,MNR
6639,2023-08-30T00:00:00.000,SIR
3462970,2023-08-30T00:00:00.000,Subway
29312,2023-08-31T00:00:00.000,AAR
998850,2023-08-31T00:00:00.000,BT
1315113,2023-08-31T00:00:00.000,Bus
229477,2023-08-31T00:00:00.000,LIRR
176676,2023-08-31T00:00:00.000,MNR
6537,2023-08-31T00:00:00.000,SIR
3450532,2023-08-31T00:00:00.000,Subway
28920,2023-09-01T00:00:00.000,AAR
1026838,2023-09-01T00:00:00.000,BT
1225370,2023-09-01T00:00:00.000,Bus
202450,2023-09-01T00:00:00.000,LIRR
152974,2023-09-01T00:00:00.000,MNR
5372,2023-09-01T00:00:00.000,SIR
3196284,2023-09-01T00:00:00.000,Subway
18536,2023-09-02T00:00:00.000,AAR
928894,2023-09-02T00:00:00.000,BT
842591,2023-09-02T00:00:00.000,Bus
132551,2023-09-02T00:00:00.000,LIRR
107230,2023-09-02T00:00:00.000,MNR
2633,2023-09-02T00:00:00.000,SIR
2307416,2023-09-02T00:00:00.000,Subway
19598,2023-09-03T00:00:00.000,AAR
930574,2023-09-03T00:00:00.000,BT
692079,2023-09-03T00:00:00.000,Bus
119566,2023-09-03T00:00:00.000,LIRR
90729,2023-09-03T00:00:00.000,MNR
2185,2023-09-03T00:00:00.000,SIR
2013506,2023-09-03T00:00:00.000,Subway
12292,2023-09-04T00:00:00.000,AAR
889744,2023-09-04T00:00:00.000,BT
686326,2023-09-04T00:00:00.000,Bus
114475,2023-09-04T00:00:00.000,LIRR
87538,2023-09-04T00:00:00.000,MNR
2188,2023-09-04T00:00:00.000,SIR
1879819,2023-09-04T00:00:00.000,Subway
29869,2023-09-05T00:00:00.000,AAR
1004361,2023-09-05T00:00:00.000,BT
1349438,2023-09-05T00:00:00.000,Bus
239334,2023-09-05T00:00:00.000,LIRR
218899,2023-09-05T00:00:00.000,MNR
6739,2023-09-05T00:00:00.000,SIR
3483755,2023-09-05T00:00:00.000,Subway
32290,2023-09-06T00:00:00.000,AAR
963673,2023-09-06T00:00:00.000,BT
1395521,2023-09-06T00:00:00.000,Bus
238477,2023-09-06T00:00:00.000,LIRR
211126,2023-09-06T00:00:00.000,MNR
6909,2023-09-06T00:00:00.000,SIR
3712071,2023-09-06T00:00:00.000,Subway
31704,2023-09-07T00:00:00.000,AAR
982429,2023-09-07T00:00:00.000,BT
1441437,2023-09-07T00:00:00.000,Bus
226937,2023-09-07T00:00:00.000,LIRR
206910,2023-09-07T00:00:00.000,MNR
7044,2023-09-07T00:00:00.000,SIR
3867746,2023-09-07T00:00:00.000,Subway
30083,2023-09-08T00:00:00.000,AAR
1004238,2023-09-08T00:00:00.000,BT
1365283,2023-09-08T00:00:00.000,Bus
225125,2023-09-08T00:00:00.000,LIRR
183785,2023-09-08T00:00:00.000,MNR
6257,2023-09-08T00:00:00.000,SIR
3609701,2023-09-08T00:00:00.000,Subway
17897,2023-09-09T00:00:00.000,AAR
940652,2023-09-09T00:00:00.000,BT
840378,2023-09-09T00:00:00.000,Bus
125177,2023-09-09T00:00:00.000,LIRR
102373,2023-09-09T00:00:00.000,MNR
2575,2023-09-09T00:00:00.000,SIR
2425515,2023-09-09T00:00:00.000,Subway
17916,2023-09-10T00:00:00.000,AAR
895336,2023-09-10T00:00:00.000,BT
626222,2023-09-10T00:00:00.000,Bus
96835,2023-09-10T00:00:00.000,LIRR
81850,2023-09-10T00:00:00.000,MNR
1623,2023-09-10T00:00:00.000,SIR
1822230,2023-09-10T00:00:00.000,Subway
29057,2023-09-11T00:00:00.000,AAR
945974,2023-09-11T00:00:00.000,BT
1400268,2023-09-11T00:00:00.000,Bus
213280,2023-09-11T00:00:00.000,LIRR
191592,2023-09-11T00:00:00.000,MNR
7182,2023-09-11T00:00:00.000,SIR
3596538,2023-09-11T00:00:00.000,Subway
31779,2023-09-12T00:00:00.000,AAR
945983,2023-09-12T00:00:00.000,BT
1519571,2023-09-12T00:00:00.000,Bus
241196,2023-09-12T00:00:00.000,LIRR
221092,2023-09-12T00:00:00.000,MNR
8031,2023-09-12T00:00:00.000,SIR
4014480,2023-09-12T00:00:00.000,Subway
31900,2023-09-13T00:00:00.000,AAR
941082,2023-09-13T00:00:00.000,BT
1482320,2023-09-13T00:00:00.000,Bus
229765,2023-09-13T00:00:00.000,LIRR
210001,2023-09-13T00:00:00.000,MNR
7787,2023-09-13T00:00:00.000,SIR
3938516,2023-09-13T00:00:00.000,Subway
32717,2023-09-14T00:00:00.000,AAR
975132,2023-09-14T00:00:00.000,BT
1517040,2023-09-14T00:00:00.000,Bus
232039,2023-09-14T00:00:00.000,LIRR
206374,2023-09-14T00:00:00.000,MNR
7847,2023-09-14T00:00:00.000,SIR
4045169,2023-09-14T00:00:00.000,Subway
30957,2023-09-15T00:00:00.000,AAR
1007052,2023-09-15T00:00:00.000,BT
1398937,2023-09-15T00:00:00.000,Bus
225904,2023-09-15T00:00:00.000,LIRR
192398,2023-09-15T00:00:00.000,MNR
6429,2023-09-15T00:00:00.000,SIR
3694845,2023-09-15T00:00:00.000,Subway
18923,2023-09-16T00:00:00.000,AAR
950491,2023-09-16T00:00:00.000,BT
881354,2023-09-16T00:00:00.000,Bus
117997,2023-09-16T00:00:00.000,LIRR
115065,2023-09-16T00:00:00.000,MNR
2864,2023-09-16T00:00:00.000,SIR
2446139,2023-09-16T00:00:00.000,Subway
18330,2023-09-17T00:00:00.000,AAR
929289,2023-09-17T00:00:00.000,BT
666392,2023-09-17T00:00:00.000,Bus
107302,2023-09-17T00:00:00.000,LIRR
96229,2023-09-17T00:00:00.000,MNR
2197,2023-09-17T00:00:00.000,SIR
1988003,2023-09-17T00:00:00.000,Subway
28341,2023-09-18T00:00:00.000,AAR
943233,2023-09-18T00:00:00.000,BT
1294777,2023-09-18T00:00:00.000,Bus
215151,2023-09-18T00:00:00.000,LIRR
192103,2023-09-18T00:00:00.000,MNR
7010,2023-09-18T00:00:00.000,SIR
3539047,2023-09-18T00:00:00.000,Subway
31109,2023-09-19T00:00:00.000,AAR
918334,2023-09-19T00:00:00.000,BT
1480863,2023-09-19T00:00:00.000,Bus
241135,2023-09-19T00:00:00.000,LIRR
224426,2023-09-19T00:00:00.000,MNR
8652,2023-09-19T00:00:00.000,SIR
4140301,2023-09-19T00:00:00.000,Subway
32181,2023-09-20T00:00:00.000,AAR
956630,2023-09-20T00:00:00.000,BT
1478618,2023-09-20T00:00:00.000,Bus
242203,2023-09-20T00:00:00.000,LIRR
219540,2023-09-20T00:00:00.000,MNR
8671,2023-09-20T00:00:00.000,SIR
4179861,2023-09-20T00:00:00.000,Subway
31455,2023-09-21T00:00:00.000,AAR
974301,2023-09-21T00:00:00.000,BT
1478606,2023-09-21T00:00:00.000,Bus
232409,2023-09-21T00:00:00.000,LIRR
211375,2023-09-21T00:00:00.000,MNR
8554,2023-09-21T00:00:00.000,SIR
4139288,2023-09-21T00:00:00.000,Subway
30086,2023-09-22T00:00:00.000,AAR
1004981,2023-09-22T00:00:00.000,BT
1403811,2023-09-22T00:00:00.000,Bus
223821,2023-09-22T00:00:00.000,LIRR
194197,2023-09-22T00:00:00.000,MNR
7175,2023-09-22T00:00:00.000,SIR
3840412,2023-09-22T00:00:00.000,Subway
15680,2023-09-23T00:00:00.000,AAR
835316,2023-09-23T00:00:00.000,BT
682092,2023-09-23T00:00:00.000,Bus
96073,2023-09-23T00:00:00.000,LIRR
86985,2023-09-23T00:00:00.000,MNR
2012,2023-09-23T00:00:00.000,SIR
2116140,2023-09-23T00:00:00.000,Subway
15255,2023-09-24T00:00:00.000,AAR
767713,2023-09-24T00:00:00.000,BT
562224,2023-09-24T00:00:00.000,Bus
83669,2023-09-24T00:00:00.000,LIRR
75103,2023-09-24T00:00:00.000,MNR
1863,2023-09-24T00:00:00.000,SIR
1701656,2023-09-24T00:00:00.000,Subway
24609,2023-09-25T00:00:00.000,AAR
817410,2023-09-25T00:00:00.000,BT
1035021,2023-09-25T00:00:00.000,Bus
194611,2023-09-25T00:00:00.000,LIRR
175651,2023-09-25T00:00:00.000,MNR
5320,2023-09-25T00:00:00.000,SIR
2885921,2023-09-25T00:00:00.000,Subway
30558,2023-09-26T00:00:00.000,AAR
912521,2023-09-26T00:00:00.000,BT
1393963,2023-09-26T00:00:00.000,Bus
235620,2023-09-26T00:00:00.000,LIRR
214987,2023-09-26T00:00:00.000,MNR
7655,2023-09-26T00:00:00.000,SIR
3946624,2023-09-26T00:00:00.000,Subway
32758,2023-09-27T00:00:00.000,AAR
934126,2023-09-27T00:00:00.000,BT
1463309,2023-09-27T00:00:00.000,Bus
232823,2023-09-27T00:00:00.000,LIRR
212978,2023-09-27T00:00:00.000,MNR
7877,2023-09-27T00:00:00.000,SIR
4074930,2023-09-27T00:00:00.000,Subway
31804,2023-09-28T00:00:00.000,AAR
957304,2023-09-28T00:00:00.000,BT
1433729,2023-09-28T00:00:00.000,Bus
227819,2023-09-28T00:00:00.000,LIRR
201304,2023-09-28T00:00:00.000,MNR
7587,2023-09-28T00:00:00.000,SIR
4051444,2023-09-28T00:00:00.000,Subway
29054,2023-09-29T00:00:00.000,AAR
867162,2023-09-29T00:00:00.000,BT
1053306,2023-09-29T00:00:00.000,Bus
188008,2023-09-29T00:00:00.000,LIRR
128570,2023-09-29T00:00:00.000,MNR
5183,2023-09-29T00:00:00.000,SIR
2467295,2023-09-29T00:00:00.000,Subway
16536,2023-09-30T00:00:00.000,AAR
820437,2023-09-30T00:00:00.000,BT
789587,2023-09-30T00:00:00.000,Bus
104842,2023-09-30T00:00:00.000,LIRR
100703,2023-09-30T00:00:00.000,MNR
1936,2023-09-30T00:00:00.000,SIR
2205573,2023-09-30T00:00:00.000,Subway
18586,2023-10-01T00:00:00.000,AAR
886483,2023-10-01T00:00:00.000,BT
669243,2023-10-01T00:00:00.000,Bus
94222,2023-10-01T00:00:00.000,LIRR
92724,2023-10-01T00:00:00.000,MNR
1984,2023-10-01T00:00:00.000,SIR
1995361,2023-10-01T00:00:00.000,Subway
28672,2023-10-02T00:00:00.000,AAR
984546,2023-10-02T00:00:00.000,BT
1390842,2023-10-02T00:00:00.000,Bus
208901,2023-10-02T00:00:00.000,LIRR
183892,2023-10-02T00:00:00.000,MNR
7289,2023-10-02T00:00:00.000,SIR
3649389,2023-10-02T00:00:00.000,Subway
32295,2023-10-03T00:00:00.000,AAR
937273,2023-10-03T00:00:00.000,BT
1471939,2023-10-03T00:00:00.000,Bus
235305,2023-10-03T00:00:00.000,LIRR
214111,2023-10-03T00:00:00.000,MNR
7953,2023-10-03T00:00:00.000,SIR
4008201,2023-10-03T00:00:00.000,Subway
33186,2023-10-04T00:00:00.000,AAR
945882,2023-10-04T00:00:00.000,BT
1467384,2023-10-04T00:00:00.000,Bus
231999,2023-10-04T00:00:00.000,LIRR
209399,2023-10-04T00:00:00.000,MNR
7928,2023-10-04T00:00:00.000,SIR
4026878,2023-10-04T00:00:00.000,Subway
32414,2023-10-05T00:00:00.000,AAR
966677,2023-10-05T00:00:00.000,BT
1457151,2023-10-05T00:00:00.000,Bus
233470,2023-10-05T00:00:00.000,LIRR
207356,2023-10-05T00:00:00.000,MNR
7814,2023-10-05T00:00:00.000,SIR
4030304,2023-10-05T00:00:00.000,Subway
30643,2023-10-06T00:00:00.000,AAR
991942,2023-10-06T00:00:00.000,BT
1325428,2023-10-06T00:00:00.000,Bus
225040,2023-10-06T00:00:00.000,LIRR
193065,2023-10-06T00:00:00.000,MNR
6284,2023-10-06T00:00:00.000,SIR
3639729,2023-10-06T00:00:00.000,Subway
16919,2023-10-07T00:00:00.000,AAR
860707,2023-10-07T00:00:00.000,BT
720734,2023-10-07T00:00:00.000,Bus
105975,2023-10-07T00:00:00.000,LIRR
95026,2023-10-07T00:00:00.000,MNR
2010,2023-10-07T00:00:00.000,SIR
2199478,2023-10-07T00:00:00.000,Subway
18471,2023-10-08T00:00:00.000,AAR
869565,2023-10-08T00:00:00.000,BT
654443,2023-10-08T00:00:00.000,Bus
98315,2023-10-08T00:00:00.000,LIRR
105952,2023-10-08T00:00:00.000,MNR
2722,2023-10-08T00:00:00.000,SIR
2044534,2023-10-08T00:00:00.000,Subway
21655,2023-10-09T00:00:00.000,AAR
947096,2023-10-09T00:00:00.000,BT
1023375,2023-10-09T00:00:00.000,Bus
206491,2023-10-09T00:00:00.000,LIRR
189567,2023-10-09T00:00:00.000,MNR
4576,2023-10-09T00:00:00.000,SIR
2833654,2023-10-09T00:00:00.000,Subway
31970,2023-10-10T00:00:00.000,AAR
952189,2023-10-10T00:00:00.000,BT
1423532,2023-10-10T00:00:00.000,Bus
239967,2023-10-10T00:00:00.000,LIRR
220445,2023-10-10T00:00:00.000,MNR
8356,2023-10-10T00:00:00.000,SIR
3954925,2023-10-10T00:00:00.000,Subway
33382,2023-10-11T00:00:00.000,AAR
944177,2023-10-11T00:00:00.000,BT
1451764,2023-10-11T00:00:00.000,Bus
236033,2023-10-11T00:00:00.000,LIRR
214437,2023-10-11T00:00:00.000,MNR
8630,2023-10-11T00:00:00.000,SIR
4056504,2023-10-11T00:00:00.000,Subway
32865,2023-10-12T00:00:00.000,AAR
974577,2023-10-12T00:00:00.000,BT
1436967,2023-10-12T00:00:00.000,Bus
248974,2023-10-12T00:00:00.000,LIRR
215284,2023-10-12T00:00:00.000,MNR
8255,2023-10-12T00:00:00.000,SIR
4104598,2023-10-12T00:00:00.000,Subway
31134,2023-10-13T00:00:00.000,AAR
999997,2023-10-13T00:00:00.000,BT
1322576,2023-10-13T00:00:00.000,Bus
226873,2023-10-13T00:00:00.000,LIRR
193658,2023-10-13T00:00:00.000,MNR
6429,2023-10-13T00:00:00.000,SIR
3560964,2023-10-13T00:00:00.000,Subway
17155,2023-10-14T00:00:00.000,AAR
881324,2023-10-14T00:00:00.000,BT
717223,2023-10-14T00:00:00.000,Bus
110177,2023-10-14T00:00:00.000,LIRR
96158,2023-10-14T00:00:00.000,MNR
2298,2023-10-14T00:00:00.000,SIR
2219786,2023-10-14T00:00:00.000,Subway
18455,2023-10-15T00:00:00.000,AAR
900811,2023-10-15T00:00:00.000,BT
689581,2023-10-15T00:00:00.000,Bus
102493,2023-10-15T00:00:00.000,LIRR
100633,2023-10-15T00:00:00.000,MNR
2148,2023-10-15T00:00:00.000,SIR
2013096,2023-10-15T00:00:00.000,Subway
29453,2023-10-16T00:00:00.000,AAR
977287,2023-10-16T00:00:00.000,BT
1381665,2023-10-16T00:00:00.000,Bus
228147,2023-10-16T00:00:00.000,LIRR
203627,2023-10-16T00:00:00.000,MNR
7735,2023-10-16T00:00:00.000,SIR
3661144,2023-10-16T00:00:00.000,Subway
31921,2023-10-17T00:00:00.000,AAR
943507,2023-10-17T00:00:00.000,BT
1439468,2023-10-17T00:00:00.000,Bus
243917,2023-10-17T00:00:00.000,LIRR
222110,2023-10-17T00:00:00.000,MNR
8354,2023-10-17T00:00:00.000,SIR
4021342,2023-10-17T00:00:00.000,Subway
33615,2023-10-18T00:00:00.000,AAR
947665,2023-10-18T00:00:00.000,BT
1440292,2023-10-18T00:00:00.000,Bus
236072,2023-10-18T00:00:00.000,LIRR
213952,2023-10-18T00:00:00.000,MNR
8356,2023-10-18T00:00:00.000,SIR
4074460,2023-10-18T00:00:00.000,Subway
32909,2023-10-19T00:00:00.000,AAR
974778,2023-10-19T00:00:00.000,BT
1440111,2023-10-19T00:00:00.000,Bus
234999,2023-10-19T00:00:00.000,LIRR
212946,2023-10-19T00:00:00.000,MNR
8148,2023-10-19T00:00:00.000,SIR
4121563,2023-10-19T00:00:00.000,Subway
29766,2023-10-20T00:00:00.000,AAR
967805,2023-10-20T00:00:00.000,BT
1232782,2023-10-20T00:00:00.000,Bus
222385,2023-10-20T00:00:00.000,LIRR
192383,2023-10-20T00:00:00.000,MNR
6272,2023-10-20T00:00:00.000,SIR
3616336,2023-10-20T00:00:00.000,Subway
17530,2023-10-21T00:00:00.000,AAR
883054,2023-10-21T00:00:00.000,BT
793917,2023-10-21T00:00:00.000,Bus
113139,2023-10-21T00:00:00.000,LIRR
101963,2023-10-21T00:00:00.000,MNR
2464,2023-10-21T00:00:00.000,SIR
2438387,2023-10-21T00:00:00.000,Subway
18954,2023-10-22T00:00:00.000,AAR
934879,2023-10-22T00:00:00.000,BT
678536,2023-10-22T00:00:00.000,Bus
98471,2023-10-22T00:00:00.000,LIRR
93659,2023-10-22T00:00:00.000,MNR
2021,2023-10-22T00:00:00.000,SIR
1983271,2023-10-22T00:00:00.000,Subway
29261,2023-10-23T00:00:00.000,AAR
980304,2023-10-23T00:00:00.000,BT
1375311,2023-10-23T00:00:00.000,Bus
221569,2023-10-23T00:00:00.000,LIRR
199199,2023-10-23T00:00:00.000,MNR
7615,2023-10-23T00:00:00.000,SIR
3667240,2023-10-23T00:00:00.000,Subway
31757,2023-10-24T00:00:00.000,AAR
929941,2023-10-24T00:00:00.000,BT
1431006,2023-10-24T00:00:00.000,Bus
241544,2023-10-24T00:00:00.000,LIRR
218201,2023-10-24T00:00:00.000,MNR
8176,2023-10-24T00:00:00.000,SIR
4040571,2023-10-24T00:00:00.000,Subway
32821,2023-10-25T00:00:00.000,AAR
942688,2023-10-25T00:00:00.000,BT
1443766,2023-10-25T00:00:00.000,Bus
237292,2023-10-25T00:00:00.000,LIRR
217420,2023-10-25T00:00:00.000,MNR
8368,2023-10-25T00:00:00.000,SIR
4120011,2023-10-25T00:00:00.000,Subway
32549,2023-10-26T00:00:00.000,AAR
975870,2023-10-26T00:00:00.000,BT
1431016,2023-10-26T00:00:00.000,Bus
242021,2023-10-26T00:00:00.000,LIRR
215171,2023-10-26T00:00:00.000,MNR
8147,2023-10-26T00:00:00.000,SIR
4142420,2023-10-26T00:00:00.000,Subway
31164,2023-10-27T00:00:00.000,AAR
1016176,2023-10-27T00:00:00.000,BT
1348576,2023-10-27T00:00:00.000,Bus
229895,2023-10-27T00:00:00.000,LIRR
203068,2023-10-27T00:00:00.000,MNR
6705,2023-10-27T00:00:00.000,SIR
3853546,2023-10-27T00:00:00.000,Subway
20126,2023-10-28T00:00:00.000,AAR
983656,2023-10-28T00:00:00.000,BT
874941,2023-10-28T00:00:00.000,Bus
124172,2023-10-28T00:00:00.000,LIRR
139276,2023-10-28T00:00:00.000,MNR
2995,2023-10-28T00:00:00.000,SIR
2743759,2023-10-28T00:00:00.000,Subway
18145,2023-10-29T00:00:00.000,AAR
929958,2023-10-29T00:00:00.000,BT
589929,2023-10-29T00:00:00.000,Bus
86843,2023-10-29T00:00:00.000,LIRR
80705,2023-10-29T00:00:00.000,MNR
1766,2023-10-29T00:00:00.000,SIR
1834459,2023-10-29T00:00:00.000,Subway
29075,2023-10-30T00:00:00.000,AAR
932812,2023-10-30T00:00:00.000,BT
1314380,2023-10-30T00:00:00.000,Bus
225140,2023-10-30T00:00:00.000,LIRR
197550,2023-10-30T00:00:00.000,MNR
7287,2023-10-30T00:00:00.000,SIR
3623778,2023-10-30T00:00:00.000,Subway
30712,2023-10-31T00:00:00.000,AAR
874576,2023-10-31T00:00:00.000,BT
1334020,2023-10-31T00:00:00.000,Bus
224816,2023-10-31T00:00:00.000,LIRR
203951,2023-10-31T00:00:00.000,MNR
7789,2023-10-31T00:00:00.000,SIR
4016482,2023-10-31T00:00:00.000,Subway
32374,2023-11-01T00:00:00.000,AAR
920946,2023-11-01T00:00:00.000,BT
1369637,2023-11-01T00:00:00.000,Bus
226067,2023-11-01T00:00:00.000,LIRR
208249,2023-11-01T00:00:00.000,MNR
8010,2023-11-01T00:00:00.000,SIR
4043524,2023-11-01T00:00:00.000,Subway
32242,2023-11-02T00:00:00.000,AAR
942851,2023-11-02T00:00:00.000,BT
1380510,2023-11-02T00:00:00.000,Bus
231370,2023-11-02T00:00:00.000,LIRR
206350,2023-11-02T00:00:00.000,MNR
7997,2023-11-02T00:00:00.000,SIR
4082807,2023-11-02T00:00:00.000,Subway
31816,2023-11-03T00:00:00.000,AAR
974799,2023-11-03T00:00:00.000,BT
1307247,2023-11-03T00:00:00.000,Bus
218703,2023-11-03T00:00:00.000,LIRR
193580,2023-11-03T00:00:00.000,MNR
6755,2023-11-03T00:00:00.000,SIR
3808235,2023-11-03T00:00:00.000,Subway
19920,2023-11-04T00:00:00.000,AAR
921806,2023-11-04T00:00:00.000,BT
832986,2023-11-04T00:00:00.000,Bus
122433,2023-11-04T00:00:00.000,LIRR
123922,2023-11-04T00:00:00.000,MNR
2582,2023-11-04T00:00:00.000,SIR
2588115,2023-11-04T00:00:00.000,Subway
16889,2023-11-05T00:00:00.000,AAR
777567,2023-11-05T00:00:00.000,BT
614666,2023-11-05T00:00:00.000,Bus
109258,2023-11-05T00:00:00.000,LIRR
109891,2023-11-05T00:00:00.000,MNR
3407,2023-11-05T00:00:00.000,SIR
2310457,2023-11-05T00:00:00.000,Subway
30167,2023-11-06T00:00:00.000,AAR
960367,2023-11-06T00:00:00.000,BT
1349481,2023-11-06T00:00:00.000,Bus
225898,2023-11-06T00:00:00.000,LIRR
198934,2023-11-06T00:00:00.000,MNR
7474,2023-11-06T00:00:00.000,SIR
3686141,2023-11-06T00:00:00.000,Subway
30843,2023-11-07T00:00:00.000,AAR
895145,2023-11-07T00:00:00.000,BT
1270763,2023-11-07T00:00:00.000,Bus
238656,2023-11-07T00:00:00.000,LIRR
215344,2023-11-07T00:00:00.000,MNR
6785,2023-11-07T00:00:00.000,SIR
3655078,2023-11-07T00:00:00.000,Subway
33515,2023-11-08T00:00:00.000,AAR
925610,2023-11-08T00:00:00.000,BT
1401268,2023-11-08T00:00:00.000,Bus
238727,2023-11-08T00:00:00.000,LIRR
213738,2023-11-08T00:00:00.000,MNR
8306,2023-11-08T00:00:00.000,SIR
4066029,2023-11-08T00:00:00.000,Subway
32982,2023-11-09T00:00:00.000,AAR
963333,2023-11-09T00:00:00.000,BT
1376822,2023-11-09T00:00:00.000,Bus
235844,2023-11-09T00:00:00.000,LIRR
210130,2023-11-09T00:00:00.000,MNR
7929,2023-11-09T00:00:00.000,SIR
4020939,2023-11-09T00:00:00.000,Subway
25506,2023-11-10T00:00:00.000,AAR
977440,2023-11-10T00:00:00.000,BT
1250528,2023-11-10T00:00:00.000,Bus
224512,2023-11-10T00:00:00.000,LIRR
200669,2023-11-10T00:00:00.000,MNR
5596,2023-11-10T00:00:00.000,SIR
3611367,2023-11-10T00:00:00.000,Subway
18654,2023-11-11T00:00:00.000,AAR
910050,2023-11-11T00:00:00.000,BT
817146,2023-11-11T00:00:00.000,Bus
122170,2023-11-11T00:00:00.000,LIRR
118398,2023-11-11T00:00:00.000,MNR
2712,2023-11-11T00:00:00.000,SIR
2588540,2023-11-11T00:00:00.000,Subway
19187,2023-11-12T00:00:00.000,AAR
923510,2023-11-12T00:00:00.000,BT
642431,2023-11-12T00:00:00.000,Bus
99171,2023-11-12T00:00:00.000,LIRR
91623,2023-11-12T00:00:00.000,MNR
1958,2023-11-12T00:00:00.000,SIR
1947270,2023-11-12T00:00:00.000,Subway
30479,2023-11-13T00:00:00.000,AAR
960498,2023-11-13T00:00:00.000,BT
1320693,2023-11-13T00:00:00.000,Bus
225204,2023-11-13T00:00:00.000,LIRR
194691,2023-11-13T00:00:00.000,MNR
7353,2023-11-13T00:00:00.000,SIR
3597029,2023-11-13T00:00:00.000,Subway
33027,2023-11-14T00:00:00.000,AAR
913330,2023-11-14T00:00:00.000,BT
1382768,2023-11-14T00:00:00.000,Bus
235487,2023-11-14T00:00:00.000,LIRR
214218,2023-11-14T00:00:00.000,MNR
8271,2023-11-14T00:00:00.000,SIR
3991767,2023-11-14T00:00:00.000,Subway
34166,2023-11-15T00:00:00.000,AAR
936176,2023-11-15T00:00:00.000,BT
1389217,2023-11-15T00:00:00.000,Bus
235718,2023-11-15T00:00:00.000,LIRR
214486,2023-11-15T00:00:00.000,MNR
8322,2023-11-15T00:00:00.000,SIR
4036442,2023-11-15T00:00:00.000,Subway
34102,2023-11-16T00:00:00.000,AAR
965956,2023-11-16T00:00:00.000,BT
1391273,2023-11-16T00:00:00.000,Bus
235070,2023-11-16T00:00:00.000,LIRR
207671,2023-11-16T00:00:00.000,MNR
8010,2023-11-16T00:00:00.000,SIR
4048862,2023-11-16T00:00:00.000,Subway
31496,2023-11-17T00:00:00.000,AAR
990392,2023-11-17T00:00:00.000,BT
1303240,2023-11-17T00:00:00.000,Bus
227909,2023-11-17T00:00:00.000,LIRR
201231,2023-11-17T00:00:00.000,MNR
6792,2023-11-17T00:00:00.000,SIR
3741391,2023-11-17T00:00:00.000,Subway
19452,2023-11-18T00:00:00.000,AAR
929909,2023-11-18T00:00:00.000,BT
831053,2023-11-18T00:00:00.000,Bus
124053,2023-11-18T00:00:00.000,LIRR
120273,2023-11-18T00:00:00.000,MNR
2630,2023-11-18T00:00:00.000,SIR
2477547,2023-11-18T00:00:00.000,Subway
19835,2023-11-19T00:00:00.000,AAR
908965,2023-11-19T00:00:00.000,BT
657965,2023-11-19T00:00:00.000,Bus
100792,2023-11-19T00:00:00.000,LIRR
100924,2023-11-19T00:00:00.000,MNR
2058,2023-11-19T00:00:00.000,SIR
1943926,2023-11-19T00:00:00.000,Subway
30889,2023-11-20T00:00:00.000,AAR
951398,2023-11-20T00:00:00.000,BT
1300978,2023-11-20T00:00:00.000,Bus
228502,2023-11-20T00:00:00.000,LIRR
203599,2023-11-20T00:00:00.000,MNR
7426,2023-11-20T00:00:00.000,SIR
3647283,2023-11-20T00:00:00.000,Subway
32139,2023-11-21T00:00:00.000,AAR
950894,2023-11-21T00:00:00.000,BT
1254277,2023-11-21T00:00:00.000,Bus
236079,2023-11-21T00:00:00.000,LIRR
213162,2023-11-21T00:00:00.000,MNR
7467,2023-11-21T00:00:00.000,SIR
3774952,2023-11-21T00:00:00.000,Subway
28409,2023-11-22T00:00:00.000,AAR
990939,2023-11-22T00:00:00.000,BT
1160847,2023-11-22T00:00:00.000,Bus
254968,2023-11-22T00:00:00.000,LIRR
220030,2023-11-22T00:00:00.000,MNR
6524,2023-11-22T00:00:00.000,SIR
3378351,2023-11-22T00:00:00.000,Subway
21741,2023-11-23T00:00:00.000,AAR
842014,2023-11-23T00:00:00.000,BT
471662,2023-11-23T00:00:00.000,Bus
116969,2023-11-23T00:00:00.000,LIRR
107690,2023-11-23T00:00:00.000,MNR
2257,2023-11-23T00:00:00.000,SIR
1628385,2023-11-23T00:00:00.000,Subway
15381,2023-11-24T00:00:00.000,AAR
906986,2023-11-24T00:00:00.000,BT
807221,2023-11-24T00:00:00.000,Bus
215833,2023-11-24T00:00:00.000,LIRR
197178,2023-11-24T00:00:00.000,MNR
3718,2023-11-24T00:00:00.000,SIR
2457591,2023-11-24T00:00:00.000,Subway
14245,2023-11-25T00:00:00.000,AAR
816744,2023-11-25T00:00:00.000,BT
696466,2023-11-25T00:00:00.000,Bus
124716,2023-11-25T00:00:00.000,LIRR
117682,2023-11-25T00:00:00.000,MNR
2454,2023-11-25T00:00:00.000,SIR
2123590,2023-11-25T00:00:00.000,Subway
16900,2023-11-26T00:00:00.000,AAR
902860,2023-11-26T00:00:00.000,BT
566395,2023-11-26T00:00:00.000,Bus
101486,2023-11-26T00:00:00.000,LIRR
95729,2023-11-26T00:00:00.000,MNR
1834,2023-11-26T00:00:00.000,SIR
1686490,2023-11-26T00:00:00.000,Subway
29418,2023-11-27T00:00:00.000,AAR
959758,2023-11-27T00:00:00.000,BT
1253990,2023-11-27T00:00:00.000,Bus
228127,2023-11-27T00:00:00.000,LIRR
200017,2023-11-27T00:00:00.000,MNR
7294,2023-11-27T00:00:00.000,SIR
3523494,2023-11-27T00:00:00.000,Subway
31716,2023-11-28T00:00:00.000,AAR
912668,2023-11-28T00:00:00.000,BT
1279327,2023-11-28T00:00:00.000,Bus
234794,2023-11-28T00:00:00.000,LIRR
216450,2023-11-28T00:00:00.000,MNR
7835,2023-11-28T00:00:00.000,SIR
3916476,2023-11-28T00:00:00.000,Subway
32809,2023-11-29T00:00:00.000,AAR
912815,2023-11-29T00:00:00.000,BT
1268990,2023-11-29T00:00:00.000,Bus
234738,2023-11-29T00:00:00.000,LIRR
212929,2023-11-29T00:00:00.000,MNR
7851,2023-11-29T00:00:00.000,SIR
4032882,2023-11-29T00:00:00.000,Subway
32650,2023-11-30T00:00:00.000,AAR
935990,2023-11-30T00:00:00.000,BT
1340370,2023-11-30T00:00:00.000,Bus
236142,2023-11-30T00:00:00.000,LIRR
210592,2023-11-30T00:00:00.000,MNR
7737,2023-11-30T00:00:00.000,SIR
4072271,2023-11-30T00:00:00.000,Subway
31284,2023-12-01T00:00:00.000,AAR
948397,2023-12-01T00:00:00.000,BT
1226677,2023-12-01T00:00:00.000,Bus
185151,2023-12-01T00:00:00.000,LIRR
164628,2023-12-01T00:00:00.000,MNR
6432,2023-12-01T00:00:00.000,SIR
3723171,2023-12-01T00:00:00.000,Subway
19675,2023-12-02T00:00:00.000,AAR
873702,2023-12-02T00:00:00.000,BT
826725,2023-12-02T00:00:00.000,Bus
126374,2023-12-02T00:00:00.000,LIRR
125483,2023-12-02T00:00:00.000,MNR
2618,2023-12-02T00:00:00.000,SIR
2748170,2023-12-02T00:00:00.000,Subway
18450,2023-12-03T00:00:00.000,AAR
834179,2023-12-03T00:00:00.000,BT
553618,2023-12-03T00:00:00.000,Bus
87340,2023-12-03T00:00:00.000,LIRR
76999,2023-12-03T00:00:00.000,MNR
1633,2023-12-03T00:00:00.000,SIR
1827959,2023-12-03T00:00:00.000,Subway
30841,2023-12-04T00:00:00.000,AAR
914904,2023-12-04T00:00:00.000,BT
1312507,2023-12-04T00:00:00.000,Bus
223257,2023-12-04T00:00:00.000,LIRR
201080,2023-12-04T00:00:00.000,MNR
7559,2023-12-04T00:00:00.000,SIR
3709458,2023-12-04T00:00:00.000,Subway
33235,2023-12-05T00:00:00.000,AAR
908299,2023-12-05T00:00:00.000,BT
1346216,2023-12-05T00:00:00.000,Bus
243329,2023-12-05T00:00:00.000,LIRR
224065,2023-12-05T00:00:00.000,MNR
7964,2023-12-05T00:00:00.000,SIR
3991835,2023-12-05T00:00:00.000,Subway
33502,2023-12-06T00:00:00.000,AAR
932835,2023-12-06T00:00:00.000,BT
1350594,2023-12-06T00:00:00.000,Bus
230920,2023-12-06T00:00:00.000,LIRR
211076,2023-12-06T00:00:00.000,MNR
7951,2023-12-06T00:00:00.000,SIR
4116059,2023-12-06T00:00:00.000,Subway
32511,2023-12-07T00:00:00.000,AAR
950822,2023-12-07T00:00:00.000,BT
1314833,2023-12-07T00:00:00.000,Bus
231114,2023-12-07T00:00:00.000,LIRR
204586,2023-12-07T00:00:00.000,MNR
7424,2023-12-07T00:00:00.000,SIR
4088438,2023-12-07T00:00:00.000,Subway
31875,2023-12-08T00:00:00.000,AAR
965635,2023-12-08T00:00:00.000,BT
1261796,2023-12-08T00:00:00.000,Bus
225208,2023-12-08T00:00:00.000,LIRR
198539,2023-12-08T00:00:00.000,MNR
6435,2023-12-08T00:00:00.000,SIR
3863961,2023-12-08T00:00:00.000,Subway
20580,2023-12-09T00:00:00.000,AAR
906384,2023-12-09T00:00:00.000,BT
828894,2023-12-09T00:00:00.000,Bus
156237,2023-12-09T00:00:00.000,LIRR
147745,2023-12-09T00:00:00.000,MNR
3181,2023-12-09T00:00:00.000,SIR
2922085,2023-12-09T00:00:00.000,Subway
17542,2023-12-10T00:00:00.000,AAR
870616,2023-12-10T00:00:00.000,BT
539117,2023-12-10T00:00:00.000,Bus
90884,2023-12-10T00:00:00.000,LIRR
82225,2023-12-10T00:00:00.000,MNR
1648,2023-12-10T00:00:00.000,SIR
1838048,2023-12-10T00:00:00.000,Subway
29271,2023-12-11T00:00:00.000,AAR
889453,2023-12-11T00:00:00.000,BT
1213923,2023-12-11T00:00:00.000,Bus
219022,2023-12-11T00:00:00.000,LIRR
191110,2023-12-11T00:00:00.000,MNR
6949,2023-12-11T00:00:00.000,SIR
3642743,2023-12-11T00:00:00.000,Subway
33458,2023-12-12T00:00:00.000,AAR
921391,2023-12-12T00:00:00.000,BT
1309303,2023-12-12T00:00:00.000,Bus
236348,2023-12-12T00:00:00.000,LIRR
219393,2023-12-12T00:00:00.000,MNR
7655,2023-12-12T00:00:00.000,SIR
4051574,2023-12-12T00:00:00.000,Subway
34323,2023-12-13T00:00:00.000,AAR
956425,2023-12-13T00:00:00.000,BT
1314167,2023-12-13T00:00:00.000,Bus
238451,2023-12-13T00:00:00.000,LIRR
215546,2023-12-13T00:00:00.000,MNR
7859,2023-12-13T00:00:00.000,SIR
4067457,2023-12-13T00:00:00.000,Subway
33406,2023-12-14T00:00:00.000,AAR
970730,2023-12-14T00:00:00.000,BT
1296909,2023-12-14T00:00:00.000,Bus
236516,2023-12-14T00:00:00.000,LIRR
213415,2023-12-14T00:00:00.000,MNR
7414,2023-12-14T00:00:00.000,SIR
4122091,2023-12-14T00:00:00.000,Subway
32517,2023-12-15T00:00:00.000,AAR
1006826,2023-12-15T00:00:00.000,BT
1246465,2023-12-15T00:00:00.000,Bus
235800,2023-12-15T00:00:00.000,LIRR
208572,2023-12-15T00:00:00.000,MNR
6540,2023-12-15T00:00:00.000,SIR
3845234,2023-12-15T00:00:00.000,Subway
20483,2023-12-16T00:00:00.000,AAR
950033,2023-12-16T00:00:00.000,BT
814457,2023-12-16T00:00:00.000,Bus
149340,2023-12-16T00:00:00.000,LIRR
149013,2023-12-16T00:00:00.000,MNR
3085,2023-12-16T00:00:00.000,SIR
2866544,2023-12-16T00:00:00.000,Subway
18445,2023-12-17T00:00:00.000,AAR
894513,2023-12-17T00:00:00.000,BT
569005,2023-12-17T00:00:00.000,Bus
96415,2023-12-17T00:00:00.000,LIRR
88502,2023-12-17T00:00:00.000,MNR
1787,2023-12-17T00:00:00.000,SIR
1954707,2023-12-17T00:00:00.000,Subway
28309,2023-12-18T00:00:00.000,AAR
828840,2023-12-18T00:00:00.000,BT
1082334,2023-12-18T00:00:00.000,Bus
201289,2023-12-18T00:00:00.000,LIRR
174850,2023-12-18T00:00:00.000,MNR
5381,2023-12-18T00:00:00.000,SIR
3314782,2023-12-18T00:00:00.000,Subway
32542,2023-12-19T00:00:00.000,AAR
919035,2023-12-19T00:00:00.000,BT
1275002,2023-12-19T00:00:00.000,Bus
244031,2023-12-19T00:00:00.000,LIRR
213625,2023-12-19T00:00:00.000,MNR
7555,2023-12-19T00:00:00.000,SIR
3912934,2023-12-19T00:00:00.000,Subway
33205,2023-12-20T00:00:00.000,AAR
960630,2023-12-20T00:00:00.000,BT
1245547,2023-12-20T00:00:00.000,Bus
236060,2023-12-20T00:00:00.000,LIRR
206420,2023-12-20T00:00:00.000,MNR
7363,2023-12-20T00:00:00.000,SIR
3838407,2023-12-20T00:00:00.000,Subway
31713,2023-12-21T00:00:00.000,AAR
970055,2023-12-21T00:00:00.000,BT
1200899,2023-12-21T00:00:00.000,Bus
229252,2023-12-21T00:00:00.000,LIRR
199411,2023-12-21T00:00:00.000,MNR
6860,2023-12-21T00:00:00.000,SIR
3675448,2023-12-21T00:00:00.000,Subway
29324,2023-12-22T00:00:00.000,AAR
983221,2023-12-22T00:00:00.000,BT
1110555,2023-12-22T00:00:00.000,Bus
231036,2023-12-22T00:00:00.000,LIRR
206169,2023-12-22T00:00:00.000,MNR
5878,2023-12-22T00:00:00.000,SIR
3372318,2023-12-22T00:00:00.000,Subway
17627,2023-12-23T00:00:00.000,AAR
876537,2023-12-23T00:00:00.000,BT
708808,2023-12-23T00:00:00.000,Bus
139904,2023-12-23T00:00:00.000,LIRR
130053,2023-12-23T00:00:00.000,MNR
2700,2023-12-23T00:00:00.000,SIR
2244175,2023-12-23T00:00:00.000,Subway
20241,2023-12-24T00:00:00.000,AAR
802597,2023-12-24T00:00:00.000,BT
549448,2023-12-24T00:00:00.000,Bus
92540,2023-12-24T00:00:00.000,LIRR
77874,2023-12-24T00:00:00.000,MNR
1912,2023-12-24T00:00:00.000,SIR
1657096,2023-12-24T00:00:00.000,Subway
14750,2023-12-25T00:00:00.000,AAR
739222,2023-12-25T00:00:00.000,BT
381879,2023-12-25T00:00:00.000,Bus
80587,2023-12-25T00:00:00.000,LIRR
65350,2023-12-25T00:00:00.000,MNR
1668,2023-12-25T00:00:00.000,SIR
1273729,2023-12-25T00:00:00.000,Subway
20706,2023-12-26T00:00:00.000,AAR
908591,2023-12-26T00:00:00.000,BT
906670,2023-12-26T00:00:00.000,Bus
219149,2023-12-26T00:00:00.000,LIRR
192910,2023-12-26T00:00:00.000,MNR
5158,2023-12-26T00:00:00.000,SIR
2668642,2023-12-26T00:00:00.000,Subway
25945,2023-12-27T00:00:00.000,AAR
885328,2023-12-27T00:00:00.000,BT
955890,2023-12-27T00:00:00.000,Bus
220010,2023-12-27T00:00:00.000,LIRR
186541,2023-12-27T00:00:00.000,MNR
5373,2023-12-27T00:00:00.000,SIR
2912007,2023-12-27T00:00:00.000,Subway
26462,2023-12-28T00:00:00.000,AAR
880706,2023-12-28T00:00:00.000,BT
969231,2023-12-28T00:00:00.000,Bus
218546,2023-12-28T00:00:00.000,LIRR
193235,2023-12-28T00:00:00.000,MNR
5395,2023-12-28T00:00:00.000,SIR
3064841,2023-12-28T00:00:00.000,Subway
26892,2023-12-29T00:00:00.000,AAR
903850,2023-12-29T00:00:00.000,BT
1007697,2023-12-29T00:00:00.000,Bus
237781,2023-12-29T00:00:00.000,LIRR
210361,2023-12-29T00:00:00.000,MNR
5784,2023-12-29T00:00:00.000,SIR
3198885,2023-12-29T00:00:00.000,Subway
16983,2023-12-30T00:00:00.000,AAR
823024,2023-12-30T00:00:00.000,BT
720564,2023-12-30T00:00:00.000,Bus
121688,2023-12-30T00:00:00.000,LIRR
121647,2023-12-30T00:00:00.000,MNR
2780,2023-12-30T00:00:00.000,SIR
2440211,2023-12-30T00:00:00.000,Subway
20005,2023-12-31T00:00:00.000,AAR
714712,2023-12-31T00:00:00.000,BT
548344,2023-12-31T00:00:00.000,Bus
99817,2023-12-31T00:00:00.000,LIRR
89554,2023-12-31T00:00:00.000,MNR
2029,2023-12-31T00:00:00.000,SIR
1934651,2023-12-31T00:00:00.000,Subway
9165,2024-01-01T00:00:00.000,AAR
745538,2024-01-01T00:00:00.000,BT
455965,2024-01-01T00:00:00.000,Bus
82811,2024-01-01T00:00:00.000,LIRR
73957,2024-01-01T00:00:00.000,MNR
2018,2024-01-01T00:00:00.000,SIR
1648734,2024-01-01T00:00:00.000,Subway
25961,2024-01-02T00:00:00.000,AAR
840646,2024-01-02T00:00:00.000,BT
1091104,2024-01-02T00:00:00.000,Bus
209680,2024-01-02T00:00:00.000,LIRR
184978,2024-01-02T00:00:00.000,MNR
7107,2024-01-02T00:00:00.000,SIR
3290639,2024-01-02T00:00:00.000,Subway
31304,2024-01-03T00:00:00.000,AAR
858024,2024-01-03T00:00:00.000,BT
1212761,2024-01-03T00:00:00.000,Bus
217373,2024-01-03T00:00:00.000,LIRR
194441,2024-01-03T00:00:00.000,MNR
7565,2024-01-03T00:00:00.000,SIR
3555082,2024-01-03T00:00:00.000,Subway
31233,2024-01-04T00:00:00.000,AAR
861210,2024-01-04T00:00:00.000,BT
1242971,2024-01-04T00:00:00.000,Bus
212217,2024-01-04T00:00:00.000,LIRR
190588,2024-01-04T00:00:00.000,MNR
7450,2024-01-04T00:00:00.000,SIR
3560703,2024-01-04T00:00:00.000,Subway
30480,2024-01-05T00:00:00.000,AAR
874833,2024-01-05T00:00:00.000,BT
1185046,2024-01-05T00:00:00.000,Bus
199441,2024-01-05T00:00:00.000,LIRR
173362,2024-01-05T00:00:00.000,MNR
5963,2024-01-05T00:00:00.000,SIR
3263064,2024-01-05T00:00:00.000,Subway
15850,2024-01-06T00:00:00.000,AAR
756550,2024-01-06T00:00:00.000,BT
684686,2024-01-06T00:00:00.000,Bus
92741,2024-01-06T00:00:00.000,LIRR
82890,2024-01-06T00:00:00.000,MNR
2070,2024-01-06T00:00:00.000,SIR
1942458,2024-01-06T00:00:00.000,Subway
13723,2024-01-07T00:00:00.000,AAR
575037,2024-01-07T00:00:00.000,BT
502518,2024-01-07T00:00:00.000,Bus
72971,2024-01-07T00:00:00.000,LIRR
57280,2024-01-07T00:00:00.000,MNR
1533,2024-01-07T00:00:00.000,SIR
1472438,2024-01-07T00:00:00.000,Subway
28890,2024-01-08T00:00:00.000,AAR
844277,2024-01-08T00:00:00.000,BT
1226783,2024-01-08T00:00:00.000,Bus
208960,2024-01-08T00:00:00.000,LIRR
184150,2024-01-08T00:00:00.000,MNR
7001,2024-01-08T00:00:00.000,SIR
3303727,2024-01-08T00:00:00.000,Subway
30430,2024-01-09T00:00:00.000,AAR
810940,2024-01-09T00:00:00.000,BT
1135694,2024-01-09T00:00:00.000,Bus
213699,2024-01-09T00:00:00.000,LIRR
188888,2024-01-09T00:00:00.000,MNR
6944,2024-01-09T00:00:00.000,SIR
3353192,2024-01-09T00:00:00.000,Subway
31338,2024-01-10T00:00:00.000,AAR
810629,2024-01-10T00:00:00.000,BT
1248493,2024-01-10T00:00:00.000,Bus
217461,2024-01-10T00:00:00.000,LIRR
191221,2024-01-10T00:00:00.000,MNR
7216,2024-01-10T00:00:00.000,SIR
3557166,2024-01-10T00:00:00.000,Subway
32790,2024-01-11T00:00:00.000,AAR
903905,2024-01-11T00:00:00.000,BT
1293940,2024-01-11T00:00:00.000,Bus
229117,2024-01-11T00:00:00.000,LIRR
199799,2024-01-11T00:00:00.000,MNR
7337,2024-01-11T00:00:00.000,SIR
3688916,2024-01-11T00:00:00.000,Subway
31096,2024-01-12T00:00:00.000,AAR
925810,2024-01-12T00:00:00.000,BT
1228696,2024-01-12T00:00:00.000,Bus
207670,2024-01-12T00:00:00.000,LIRR
182896,2024-01-12T00:00:00.000,MNR
6286,2024-01-12T00:00:00.000,SIR
3365791,2024-01-12T00:00:00.000,Subway
17168,2024-01-13T00:00:00.000,AAR
813025,2024-01-13T00:00:00.000,BT
755670,2024-01-13T00:00:00.000,Bus
101558,2024-01-13T00:00:00.000,LIRR
97439,2024-01-13T00:00:00.000,MNR
2210,2024-01-13T00:00:00.000,SIR
2167383,2024-01-13T00:00:00.000,Subway
18588,2024-01-14T00:00:00.000,AAR
778554,2024-01-14T00:00:00.000,BT
588809,2024-01-14T00:00:00.000,Bus
85521,2024-01-14T00:00:00.000,LIRR
78197,2024-01-14T00:00:00.000,MNR
1745,2024-01-14T00:00:00.000,SIR
1743556,2024-01-14T00:00:00.000,Subway
16502,2024-01-15T00:00:00.000,AAR
829347,2024-01-15T00:00:00.000,BT
783032,2024-01-15T00:00:00.000,Bus
91887,2024-01-15T00:00:00.000,LIRR
80498,2024-01-15T00:00:00.000,MNR
3017,2024-01-15T00:00:00.000,SIR
2169917,2024-01-15T00:00:00.000,Subway
29826,2024-01-16T00:00:00.000,AAR
749253,2024-01-16T00:00:00.000,BT
1078860,2024-01-16T00:00:00.000,Bus
205716,2024-01-16T00:00:00.000,LIRR
178389,2024-01-16T00:00:00.000,MNR
5414,2024-01-16T00:00:00.000,SIR
3235935,2024-01-16T00:00:00.000,Subway
32054,2024-01-17T00:00:00.000,AAR
837430,2024-01-17T00:00:00.000,BT
1193111,2024-01-17T00:00:00.000,Bus
217173,2024-01-17T00:00:00.000,LIRR
199986,2024-01-17T00:00:00.000,MNR
6891,2024-01-17T00:00:00.000,SIR
3616923,2024-01-17T00:00:00.000,Subway
32318,2024-01-18T00:00:00.000,AAR
885771,2024-01-18T00:00:00.000,BT
1235693,2024-01-18T00:00:00.000,Bus
217911,2024-01-18T00:00:00.000,LIRR
197257,2024-01-18T00:00:00.000,MNR
7014,2024-01-18T00:00:00.000,SIR
3655850,2024-01-18T00:00:00.000,Subway
27175,2024-01-19T00:00:00.000,AAR
816855,2024-01-19T00:00:00.000,BT
1109408,2024-01-19T00:00:00.000,Bus
191999,2024-01-19T00:00:00.000,LIRR
171490,2024-01-19T00:00:00.000,MNR
5330,2024-01-19T00:00:00.000,SIR
3176408,2024-01-19T00:00:00.000,Subway
15487,2024-01-20T00:00:00.000,AAR
727296,2024-01-20T00:00:00.000,BT
677335,2024-01-20T00:00:00.000,Bus
96128,2024-01-20T00:00:00.000,LIRR
82817,2024-01-20T00:00:00.000,MNR
1926,2024-01-20T00:00:00.000,SIR
2024041,2024-01-20T00:00:00.000,Subway
17147,2024-01-21T00:00:00.000,AAR
745383,2024-01-21T00:00:00.000,BT
548497,2024-01-21T00:00:00.000,Bus
78041,2024-01-21T00:00:00.000,LIRR
66955,2024-01-21T00:00:00.000,MNR
1482,2024-01-21T00:00:00.000,SIR
1576126,2024-01-21T00:00:00.000,Subway
30092,2024-01-22T00:00:00.000,AAR
863043,2024-01-22T00:00:00.000,BT
1210644,2024-01-22T00:00:00.000,Bus
209302,2024-01-22T00:00:00.000,LIRR
185181,2024-01-22T00:00:00.000,MNR
6558,2024-01-22T00:00:00.000,SIR
3305387,2024-01-22T00:00:00.000,Subway
33111,2024-01-23T00:00:00.000,AAR
861157,2024-01-23T00:00:00.000,BT
1264199,2024-01-23T00:00:00.000,Bus
233311,2024-01-23T00:00:00.000,LIRR
205300,2024-01-23T00:00:00.000,MNR
7194,2024-01-23T00:00:00.000,SIR
3652488,2024-01-23T00:00:00.000,Subway
33082,2024-01-24T00:00:00.000,AAR
861883,2024-01-24T00:00:00.000,BT
1247798,2024-01-24T00:00:00.000,Bus
223928,2024-01-24T00:00:00.000,LIRR
201969,2024-01-24T00:00:00.000,MNR
7027,2024-01-24T00:00:00.000,SIR
3666907,2024-01-24T00:00:00.000,Subway
32517,2024-01-25T00:00:00.000,AAR
886085,2024-01-25T00:00:00.000,BT
1256481,2024-01-25T00:00:00.000,Bus
223766,2024-01-25T00:00:00.000,LIRR
199560,2024-01-25T00:00:00.000,MNR
6845,2024-01-25T00:00:00.000,SIR
3681867,2024-01-25T00:00:00.000,Subway
31329,2024-01-26T00:00:00.000,AAR
905858,2024-01-26T00:00:00.000,BT
1193175,2024-01-26T00:00:00.000,Bus
213749,2024-01-26T00:00:00.000,LIRR
184511,2024-01-26T00:00:00.000,MNR
5681,2024-01-26T00:00:00.000,SIR
3380816,2024-01-26T00:00:00.000,Subway
19099,2024-01-27T00:00:00.000,AAR
828276,2024-01-27T00:00:00.000,BT
801262,2024-01-27T00:00:00.000,Bus
117555,2024-01-27T00:00:00.000,LIRR
102600,2024-01-27T00:00:00.000,MNR
2409,2024-01-27T00:00:00.000,SIR
2283244,2024-01-27T00:00:00.000,Subway
17473,2024-01-28T00:00:00.000,AAR
764566,2024-01-28T00:00:00.000,BT
535857,2024-01-28T00:00:00.000,Bus
75177,2024-01-28T00:00:00.000,LIRR
66794,2024-01-28T00:00:00.000,MNR
1455,2024-01-28T00:00:00.000,SIR
1549077,2024-01-28T00:00:00.000,Subway
29367,2024-01-29T00:00:00.000,AAR
858110,2024-01-29T00:00:00.000,BT
1211703,2024-01-29T00:00:00.000,Bus
214890,2024-01-29T00:00:00.000,LIRR
187702,2024-01-29T00:00:00.000,MNR
6755,2024-01-29T00:00:00.000,SIR
3297571,2024-01-29T00:00:00.000,Subway
32782,2024-01-30T00:00:00.000,AAR
863902,2024-01-30T00:00:00.000,BT
1284597,2024-01-30T00:00:00.000,Bus
230931,2024-01-30T00:00:00.000,LIRR
207896,2024-01-30T00:00:00.000,MNR
7744,2024-01-30T00:00:00.000,SIR
3717520,2024-01-30T00:00:00.000,Subway
33417,2024-01-31T00:00:00.000,AAR
878525,2024-01-31T00:00:00.000,BT
1325692,2024-01-31T00:00:00.000,Bus
228148,2024-01-31T00:00:00.000,LIRR
204353,2024-01-31T00:00:00.000,MNR
7651,2024-01-31T00:00:00.000,SIR
3808584,2024-01-31T00:00:00.000,Subway
33540,2024-02-01T00:00:00.000,AAR
902550,2024-02-01T00:00:00.000,BT
1337508,2024-02-01T00:00:00.000,Bus
214275,2024-02-01T00:00:00.000,LIRR
189621,2024-02-01T00:00:00.000,MNR
7465,2024-02-01T00:00:00.000,SIR
3814682,2024-02-01T00:00:00.000,Subway
32175,2024-02-02T00:00:00.000,AAR
915642,2024-02-02T00:00:00.000,BT
1239617,2024-02-02T00:00:00.000,Bus
200395,2024-02-02T00:00:00.000,LIRR
174044,2024-02-02T00:00:00.000,MNR
6207,2024-02-02T00:00:00.000,SIR
3457807,2024-02-02T00:00:00.000,Subway
20070,2024-02-03T00:00:00.000,AAR
817783,2024-02-03T00:00:00.000,BT
808103,2024-02-03T00:00:00.000,Bus
113576,2024-02-03T00:00:00.000,LIRR
102310,2024-02-03T00:00:00.000,MNR
2357,2024-02-03T00:00:00.000,SIR
2324038,2024-02-03T00:00:00.000,Subway
20480,2024-02-04T00:00:00.000,AAR
824983,2024-02-04T00:00:00.000,BT
626299,2024-02-04T00:00:00.000,Bus
86327,2024-02-04T00:00:00.000,LIRR
77083,2024-02-04T00:00:00.000,MNR
1746,2024-02-04T00:00:00.000,SIR
1742107,2024-02-04T00:00:00.000,Subway
31372,2024-02-05T00:00:00.000,AAR
893047,2024-02-05T00:00:00.000,BT
1297578,2024-02-05T00:00:00.000,Bus
218879,2024-02-05T00:00:00.000,LIRR
190181,2024-02-05T00:00:00.000,MNR
7053,2024-02-05T00:00:00.000,SIR
3481777,2024-02-05T00:00:00.000,Subway
33618,2024-02-06T00:00:00.000,AAR
873032,2024-02-06T00:00:00.000,BT
1346868,2024-02-06T00:00:00.000,Bus
233524,2024-02-06T00:00:00.000,LIRR
208252,2024-02-06T00:00:00.000,MNR
7709,2024-02-06T00:00:00.000,SIR
3857533,2024-02-06T00:00:00.000,Subway
34799,2024-02-07T00:00:00.000,AAR
891513,2024-02-07T00:00:00.000,BT
1341486,2024-02-07T00:00:00.000,Bus
229426,2024-02-07T00:00:00.000,LIRR
202871,2024-02-07T00:00:00.000,MNR
7655,2024-02-07T00:00:00.000,SIR
3900992,2024-02-07T00:00:00.000,Subway
34386,2024-02-08T00:00:00.000,AAR
923867,2024-02-08T00:00:00.000,BT
1350925,2024-02-08T00:00:00.000,Bus
232069,2024-02-08T00:00:00.000,LIRR
198010,2024-02-08T00:00:00.000,MNR
7442,2024-02-08T00:00:00.000,SIR
3903673,2024-02-08T00:00:00.000,Subway
32233,2024-02-09T00:00:00.000,AAR
946172,2024-02-09T00:00:00.000,BT
1268268,2024-02-09T00:00:00.000,Bus
218909,2024-02-09T00:00:00.000,LIRR
185475,2024-02-09T00:00:00.000,MNR
6121,2024-02-09T00:00:00.000,SIR
3547321,2024-02-09T00:00:00.000,Subway
20462,2024-02-10T00:00:00.000,AAR
860210,2024-02-10T00:00:00.000,BT
795892,2024-02-10T00:00:00.000,Bus
118074,2024-02-10T00:00:00.000,LIRR
99942,2024-02-10T00:00:00.000,MNR
2596,2024-02-10T00:00:00.000,SIR
2385448,2024-02-10T00:00:00.000,Subway
20610,2024-02-11T00:00:00.000,AAR
814393,2024-02-11T00:00:00.000,BT
628400,2024-02-11T00:00:00.000,Bus
83832,2024-02-11T00:00:00.000,LIRR
73614,2024-02-11T00:00:00.000,MNR
1769,2024-02-11T00:00:00.000,SIR
1774698,2024-02-11T00:00:00.000,Subway
30323,2024-02-12T00:00:00.000,AAR
900822,2024-02-12T00:00:00.000,BT
1254403,2024-02-12T00:00:00.000,Bus
212628,2024-02-12T00:00:00.000,LIRR
185118,2024-02-12T00:00:00.000,MNR
6132,2024-02-12T00:00:00.000,SIR
3374596,2024-02-12T00:00:00.000,Subway
23271,2024-02-13T00:00:00.000,AAR
531518,2024-02-13T00:00:00.000,BT
724893,2024-02-13T00:00:00.000,Bus
166803,2024-02-13T00:00:00.000,LIRR
134355,2024-02-13T00:00:00.000,MNR
3641,2024-02-13T00:00:00.000,SIR
2273584,2024-02-13T00:00:00.000,Subway
32796,2024-02-14T00:00:00.000,AAR
840745,2024-02-14T00:00:00.000,BT
1282121,2024-02-14T00:00:00.000,Bus
230505,2024-02-14T00:00:00.000,LIRR
201686,2024-02-14T00:00:00.000,MNR
7645,2024-02-14T00:00:00.000,SIR
3963628,2024-02-14T00:00:00.000,Subway
33402,2024-02-15T00:00:00.000,AAR
948587,2024-02-15T00:00:00.000,BT
1305830,2024-02-15T00:00:00.000,Bus
228885,2024-02-15T00:00:00.000,LIRR
202704,2024-02-15T00:00:00.000,MNR
7500,2024-02-15T00:00:00.000,SIR
3874860,2024-02-15T00:00:00.000,Subway
32442,2024-02-16T00:00:00.000,AAR
944158,2024-02-16T00:00:00.000,BT
1225865,2024-02-16T00:00:00.000,Bus
210552,2024-02-16T00:00:00.000,LIRR
186547,2024-02-16T00:00:00.000,MNR
6269,2024-02-16T00:00:00.000,SIR
3504536,2024-02-16T00:00:00.000,Subway
17545,2024-02-17T00:00:00.000,AAR
791176,2024-02-17T00:00:00.000,BT
680638,2024-02-17T00:00:00.000,Bus
95271,2024-02-17T00:00:00.000,LIRR
92423,2024-02-17T00:00:00.000,MNR
2038,2024-02-17T00:00:00.000,SIR
2178047,2024-02-17T00:00:00.000,Subway
18975,2024-02-18T00:00:00.000,AAR
796795,2024-02-18T00:00:00.000,BT
604537,2024-02-18T00:00:00.000,Bus
89877,2024-02-18T00:00:00.000,LIRR
81659,2024-02-18T00:00:00.000,MNR
1720,2024-02-18T00:00:00.000,SIR
1850840,2024-02-18T00:00:00.000,Subway
17585,2024-02-19T00:00:00.000,AAR
836898,2024-02-19T00:00:00.000,BT
842548,2024-02-19T00:00:00.000,Bus
96569,2024-02-19T00:00:00.000,LIRR
85973,2024-02-19T00:00:00.000,MNR
3007,2024-02-19T00:00:00.000,SIR
2244741,2024-02-19T00:00:00.000,Subway
32208,2024-02-20T00:00:00.000,AAR
900884,2024-02-20T00:00:00.000,BT
1201850,2024-02-20T00:00:00.000,Bus
233827,2024-02-20T00:00:00.000,LIRR
207099,2024-02-20T00:00:00.000,MNR
7023,2024-02-20T00:00:00.000,SIR
3490990,2024-02-20T00:00:00.000,Subway
33590,2024-02-21T00:00:00.000,AAR
895536,2024-02-21T00:00:00.000,BT
1222440,2024-02-21T00:00:00.000,Bus
230058,2024-02-21T00:00:00.000,LIRR
201074,2024-02-21T00:00:00.000,MNR
7112,2024-02-21T00:00:00.000,SIR
3591484,2024-02-21T00:00:00.000,Subway
32702,2024-02-22T00:00:00.000,AAR
911964,2024-02-22T00:00:00.000,BT
1212903,2024-02-22T00:00:00.000,Bus
225465,2024-02-22T00:00:00.000,LIRR
195315,2024-02-22T00:00:00.000,MNR
6674,2024-02-22T00:00:00.000,SIR
3588173,2024-02-22T00:00:00.000,Subway
30262,2024-02-23T00:00:00.000,AAR
920494,2024-02-23T00:00:00.000,BT
1126271,2024-02-23T00:00:00.000,Bus
208527,2024-02-23T00:00:00.000,LIRR
182348,2024-02-23T00:00:00.000,MNR
5479,2024-02-23T00:00:00.000,SIR
3219121,2024-02-23T00:00:00.000,Subway
19456,2024-02-24T00:00:00.000,AAR
837339,2024-02-24T00:00:00.000,BT
788962,2024-02-24T00:00:00.000,Bus
114816,2024-02-24T00:00:00.000,LIRR
98942,2024-02-24T00:00:00.000,MNR
2407,2024-02-24T00:00:00.000,SIR
2308808,2024-02-24T00:00:00.000,Subway
19822,2024-02-25T00:00:00.000,AAR
855228,2024-02-25T00:00:00.000,BT
608010,2024-02-25T00:00:00.000,Bus
88104,2024-02-25T00:00:00.000,LIRR
78248,2024-02-25T00:00:00.000,MNR
1800,2024-02-25T00:00:00.000,SIR
1740477,2024-02-25T00:00:00.000,Subway
30867,2024-02-26T00:00:00.000,AAR
911130,2024-02-26T00:00:00.000,BT
1275320,2024-02-26T00:00:00.000,Bus
217914,2024-02-26T00:00:00.000,LIRR
187542,2024-02-26T00:00:00.000,MNR
6969,2024-02-26T00:00:00.000,SIR
3439079,2024-02-26T00:00:00.000,Subway
33571,2024-02-27T00:00:00.000,AAR
888309,2024-02-27T00:00:00.000,BT
1332209,2024-02-27T00:00:00.000,Bus
233207,2024-02-27T00:00:00.000,LIRR
208042,2024-02-27T00:00:00.000,MNR
7659,2024-02-27T00:00:00.000,SIR
3802458,2024-02-27T00:00:00.000,Subway
33664,2024-02-28T00:00:00.000,AAR
893072,2024-02-28T00:00:00.000,BT
1290829,2024-02-28T00:00:00.000,Bus
228110,2024-02-28T00:00:00.000,LIRR
199671,2024-02-28T00:00:00.000,MNR
7428,2024-02-28T00:00:00.000,SIR
3784177,2024-02-28T00:00:00.000,Subway
33637,2024-02-29T00:00:00.000,AAR
931187,2024-02-29T00:00:00.000,BT
1334777,2024-02-29T00:00:00.000,Bus
232010,2024-02-29T00:00:00.000,LIRR
204828,2024-02-29T00:00:00.000,MNR
7295,2024-02-29T00:00:00.000,SIR
3905888,2024-02-29T00:00:00.000,Subway
33416,2024-03-01T00:00:00.000,AAR
970140,2024-03-01T00:00:00.000,BT
1276428,2024-03-01T00:00:00.000,Bus
181633,2024-03-01T00:00:00.000,LIRR
157348,2024-03-01T00:00:00.000,MNR
6220,2024-03-01T00:00:00.000,SIR
3573658,2024-03-01T00:00:00.000,Subway
19380,2024-03-02T00:00:00.000,AAR
832188,2024-03-02T00:00:00.000,BT
689029,2024-03-02T00:00:00.000,Bus
98266,2024-03-02T00:00:00.000,LIRR
85586,2024-03-02T00:00:00.000,MNR
2084,2024-03-02T00:00:00.000,SIR
2094029,2024-03-02T00:00:00.000,Subway
21351,2024-03-03T00:00:00.000,AAR
847570,2024-03-03T00:00:00.000,BT
686787,2024-03-03T00:00:00.000,Bus
93906,2024-03-03T00:00:00.000,LIRR
85095,2024-03-03T00:00:00.000,MNR
1981,2024-03-03T00:00:00.000,SIR
1961510,2024-03-03T00:00:00.000,Subway
32231,2024-03-04T00:00:00.000,AAR
944729,2024-03-04T00:00:00.000,BT
1319592,2024-03-04T00:00:00.000,Bus
219565,2024-03-04T00:00:00.000,LIRR
188845,2024-03-04T00:00:00.000,MNR
7229,2024-03-04T00:00:00.000,SIR
3539671,2024-03-04T00:00:00.000,Subway
34277,2024-03-05T00:00:00.000,AAR
866294,2024-03-05T00:00:00.000,BT
1263377,2024-03-05T00:00:00.000,Bus
236999,2024-03-05T00:00:00.000,LIRR
204515,2024-03-05T00:00:00.000,MNR
7344,2024-03-05T00:00:00.000,SIR
3819514,2024-03-05T00:00:00.000,Subway
35207,2024-03-06T00:00:00.000,AAR
889330,2024-03-06T00:00:00.000,BT
1273337,2024-03-06T00:00:00.000,Bus
225080,2024-03-06T00:00:00.000,LIRR
198040,2024-03-06T00:00:00.000,MNR
7555,2024-03-06T00:00:00.000,SIR
3865589,2024-03-06T00:00:00.000,Subway
34235,2024-03-07T00:00:00.000,AAR
924327,2024-03-07T00:00:00.000,BT
1334827,2024-03-07T00:00:00.000,Bus
226926,2024-03-07T00:00:00.000,LIRR
197659,2024-03-07T00:00:00.000,MNR
7414,2024-03-07T00:00:00.000,SIR
3893731,2024-03-07T00:00:00.000,Subway
34613,2024-03-08T00:00:00.000,AAR
966630,2024-03-08T00:00:00.000,BT
1291469,2024-03-08T00:00:00.000,Bus
226372,2024-03-08T00:00:00.000,LIRR
192899,2024-03-08T00:00:00.000,MNR
6588,2024-03-08T00:00:00.000,SIR
3685219,2024-03-08T00:00:00.000,Subway
19661,2024-03-09T00:00:00.000,AAR
877100,2024-03-09T00:00:00.000,BT
747405,2024-03-09T00:00:00.000,Bus
113368,2024-03-09T00:00:00.000,LIRR
97183,2024-03-09T00:00:00.000,MNR
2174,2024-03-09T00:00:00.000,SIR
2128635,2024-03-09T00:00:00.000,Subway
20080,2024-03-10T00:00:00.000,AAR
872003,2024-03-10T00:00:00.000,BT
630566,2024-03-10T00:00:00.000,Bus
90567,2024-03-10T00:00:00.000,LIRR
77768,2024-03-10T00:00:00.000,MNR
1750,2024-03-10T00:00:00.000,SIR
1803578,2024-03-10T00:00:00.000,Subway
31600,2024-03-11T00:00:00.000,AAR
899374,2024-03-11T00:00:00.000,BT
1270081,2024-03-11T00:00:00.000,Bus
218755,2024-03-11T00:00:00.000,LIRR
188108,2024-03-11T00:00:00.000,MNR
6854,2024-03-11T00:00:00.000,SIR
3497588,2024-03-11T00:00:00.000,Subway
34978,2024-03-12T00:00:00.000,AAR
905951,2024-03-12T00:00:00.000,BT
1370319,2024-03-12T00:00:00.000,Bus
239002,2024-03-12T00:00:00.000,LIRR
213584,2024-03-12T00:00:00.000,MNR
7820,2024-03-12T00:00:00.000,SIR
3988438,2024-03-12T00:00:00.000,Subway
36469,2024-03-13T00:00:00.000,AAR
935582,2024-03-13T00:00:00.000,BT
1377062,2024-03-13T00:00:00.000,Bus
237603,2024-03-13T00:00:00.000,LIRR
212582,2024-03-13T00:00:00.000,MNR
8100,2024-03-13T00:00:00.000,SIR
4024943,2024-03-13T00:00:00.000,Subway
36111,2024-03-14T00:00:00.000,AAR
961711,2024-03-14T00:00:00.000,BT
1368263,2024-03-14T00:00:00.000,Bus
240124,2024-03-14T00:00:00.000,LIRR
211962,2024-03-14T00:00:00.000,MNR
7658,2024-03-14T00:00:00.000,SIR
4049186,2024-03-14T00:00:00.000,Subway
33266,2024-03-15T00:00:00.000,AAR
982261,2024-03-15T00:00:00.000,BT
1275542,2024-03-15T00:00:00.000,Bus
227481,2024-03-15T00:00:00.000,LIRR
199285,2024-03-15T00:00:00.000,MNR
6558,2024-03-15T00:00:00.000,SIR
3643013,2024-03-15T00:00:00.000,Subway
20796,2024-03-16T00:00:00.000,AAR
903110,2024-03-16T00:00:00.000,BT
838318,2024-03-16T00:00:00.000,Bus
138156,2024-03-16T00:00:00.000,LIRR
129667,2024-03-16T00:00:00.000,MNR
3108,2024-03-16T00:00:00.000,SIR
2553056,2024-03-16T00:00:00.000,Subway
20237,2024-03-17T00:00:00.000,AAR
897649,2024-03-17T00:00:00.000,BT
625861,2024-03-17T00:00:00.000,Bus
103993,2024-03-17T00:00:00.000,LIRR
86964,2024-03-17T00:00:00.000,MNR
2078,2024-03-17T00:00:00.000,SIR
1972170,2024-03-17T00:00:00.000,Subway
31905,2024-03-18T00:00:00.000,AAR
933272,2024-03-18T00:00:00.000,BT
1296423,2024-03-18T00:00:00.000,Bus
221451,2024-03-18T00:00:00.000,LIRR
190770,2024-03-18T00:00:00.000,MNR
7072,2024-03-18T00:00:00.000,SIR
3482565,2024-03-18T00:00:00.000,Subway
34899,2024-03-19T00:00:00.000,AAR
904138,2024-03-19T00:00:00.000,BT
1336910,2024-03-19T00:00:00.000,Bus
242771,2024-03-19T00:00:00.000,LIRR
210028,2024-03-19T00:00:00.000,MNR
7795,2024-03-19T00:00:00.000,SIR
3869116,2024-03-19T00:00:00.000,Subway
35998,2024-03-20T00:00:00.000,AAR
928585,2024-03-20T00:00:00.000,BT
1334002,2024-03-20T00:00:00.000,Bus
234446,2024-03-20T00:00:00.000,LIRR
206030,2024-03-20T00:00:00.000,MNR
7700,2024-03-20T00:00:00.000,SIR
3886104,2024-03-20T00:00:00.000,Subway
35097,2024-03-21T00:00:00.000,AAR
940765,2024-03-21T00:00:00.000,BT
1317112,2024-03-21T00:00:00.000,Bus
228782,2024-03-21T00:00:00.000,LIRR
200037,2024-03-21T00:00:00.000,MNR
7292,2024-03-21T00:00:00.000,SIR
3862248,2024-03-21T00:00:00.000,Subway
33549,2024-03-22T00:00:00.000,AAR
966572,2024-03-22T00:00:00.000,BT
1251225,2024-03-22T00:00:00.000,Bus
225175,2024-03-22T00:00:00.000,LIRR
187489,2024-03-22T00:00:00.000,MNR
6299,2024-03-22T00:00:00.000,SIR
3581959,2024-03-22T00:00:00.000,Subway
17633,2024-03-23T00:00:00.000,AAR
751975,2024-03-23T00:00:00.000,BT
587004,2024-03-23T00:00:00.000,Bus
95770,2024-03-23T00:00:00.000,LIRR
77331,2024-03-23T00:00:00.000,MNR
1766,2024-03-23T00:00:00.000,SIR
1863863,2024-03-23T00:00:00.000,Subway
22334,2024-03-24T00:00:00.000,AAR
840310,2024-03-24T00:00:00.000,BT
653413,2024-03-24T00:00:00.000,Bus
95973,2024-03-24T00:00:00.000,LIRR
80451,2024-03-24T00:00:00.000,MNR
1890,2024-03-24T00:00:00.000,SIR
1912946,2024-03-24T00:00:00.000,Subway
31947,2024-03-25T00:00:00.000,AAR
948927,2024-03-25T00:00:00.000,BT
1281676,2024-03-25T00:00:00.000,Bus
224068,2024-03-25T00:00:00.000,LIRR
192720,2024-03-25T00:00:00.000,MNR
7032,2024-03-25T00:00:00.000,SIR
3583716,2024-03-25T00:00:00.000,Subway
34874,2024-03-26T00:00:00.000,AAR
913312,2024-03-26T00:00:00.000,BT
1355991,2024-03-26T00:00:00.000,Bus
239790,2024-03-26T00:00:00.000,LIRR
211566,2024-03-26T00:00:00.000,MNR
7754,2024-03-26T00:00:00.000,SIR
3969793,2024-03-26T00:00:00.000,Subway
35627,2024-03-27T00:00:00.000,AAR
941101,2024-03-27T00:00:00.000,BT
1342695,2024-03-27T00:00:00.000,Bus
241268,2024-03-27T00:00:00.000,LIRR
207744,2024-03-27T00:00:00.000,MNR
7628,2024-03-27T00:00:00.000,SIR
4014011,2024-03-27T00:00:00.000,Subway
34416,2024-03-28T00:00:00.000,AAR
939043,2024-03-28T00:00:00.000,BT
1223847,2024-03-28T00:00:00.000,Bus
239840,2024-03-28T00:00:00.000,LIRR
200583,2024-03-28T00:00:00.000,MNR
6780,2024-03-28T00:00:00.000,SIR
3910547,2024-03-28T00:00:00.000,Subway
30293,2024-03-29T00:00:00.000,AAR
970423,2024-03-29T00:00:00.000,BT
1096254,2024-03-29T00:00:00.000,Bus
241583,2024-03-29T00:00:00.000,LIRR
198343,2024-03-29T00:00:00.000,MNR
5092,2024-03-29T00:00:00.000,SIR
3372535,2024-03-29T00:00:00.000,Subway
19891,2024-03-30T00:00:00.000,AAR
890631,2024-03-30T00:00:00.000,BT
801723,2024-03-30T00:00:00.000,Bus
135355,2024-03-30T00:00:00.000,LIRR
111061,2024-03-30T00:00:00.000,MNR
2748,2024-03-30T00:00:00.000,SIR
2526569,2024-03-30T00:00:00.000,Subway
23316,2024-03-31T00:00:00.000,AAR
910305,2024-03-31T00:00:00.000,BT
606411,2024-03-31T00:00:00.000,Bus
121273,2024-03-31T00:00:00.000,LIRR
98458,2024-03-31T00:00:00.000,MNR
2096,2024-03-31T00:00:00.000,SIR
1936295,2024-03-31T00:00:00.000,Subway
30083,2024-04-01T00:00:00.000,AAR
992547,2024-04-01T00:00:00.000,BT
1168598,2024-04-01T00:00:00.000,Bus
208291,2024-04-01T00:00:00.000,LIRR
180107,2024-04-01T00:00:00.000,MNR
6053,2024-04-01T00:00:00.000,SIR
3321989,2024-04-01T00:00:00.000,Subway
34415,2024-04-02T00:00:00.000,AAR
899778,2024-04-02T00:00:00.000,BT
1247638,2024-04-02T00:00:00.000,Bus
234615,2024-04-02T00:00:00.000,LIRR
206753,2024-04-02T00:00:00.000,MNR
7289,2024-04-02T00:00:00.000,SIR
3900061,2024-04-02T00:00:00.000,Subway
34971,2024-04-03T00:00:00.000,AAR
863170,2024-04-03T00:00:00.000,BT
1162660,2024-04-03T00:00:00.000,Bus
222764,2024-04-03T00:00:00.000,LIRR
195001,2024-04-03T00:00:00.000,MNR
6815,2024-04-03T00:00:00.000,SIR
3890305,2024-04-03T00:00:00.000,Subway
34712,2024-04-04T00:00:00.000,AAR
933099,2024-04-04T00:00:00.000,BT
1339531,2024-04-04T00:00:00.000,Bus
232730,2024-04-04T00:00:00.000,LIRR
201745,2024-04-04T00:00:00.000,MNR
7180,2024-04-04T00:00:00.000,SIR
4100733,2024-04-04T00:00:00.000,Subway
34503,2024-04-05T00:00:00.000,AAR
980333,2024-04-05T00:00:00.000,BT
1263607,2024-04-05T00:00:00.000,Bus
225107,2024-04-05T00:00:00.000,LIRR
202580,2024-04-05T00:00:00.000,MNR
6309,2024-04-05T00:00:00.000,SIR
3800800,2024-04-05T00:00:00.000,Subway
21444,2024-04-06T00:00:00.000,AAR
906651,2024-04-06T00:00:00.000,BT
822825,2024-04-06T00:00:00.000,Bus
128106,2024-04-06T00:00:00.000,LIRR
117095,2024-04-06T00:00:00.000,MNR
2555,2024-04-06T00:00:00.000,SIR
2477127,2024-04-06T00:00:00.000,Subway
21759,2024-04-07T00:00:00.000,AAR
897985,2024-04-07T00:00:00.000,BT
651153,2024-04-07T00:00:00.000,Bus
101624,2024-04-07T00:00:00.000,LIRR
94103,2024-04-07T00:00:00.000,MNR
2033,2024-04-07T00:00:00.000,SIR
1899641,2024-04-07T00:00:00.000,Subway
31777,2024-04-08T00:00:00.000,AAR
916326,2024-04-08T00:00:00.000,BT
1258402,2024-04-08T00:00:00.000,Bus
220359,2024-04-08T00:00:00.000,LIRR
194106,2024-04-08T00:00:00.000,MNR
6873,2024-04-08T00:00:00.000,SIR
3506719,2024-04-08T00:00:00.000,Subway
36151,2024-04-09T00:00:00.000,AAR
950173,2024-04-09T00:00:00.000,BT
1366571,2024-04-09T00:00:00.000,Bus
251964,2024-04-09T00:00:00.000,LIRR
228390,2024-04-09T00:00:00.000,MNR
7937,2024-04-09T00:00:00.000,SIR
4042674,2024-04-09T00:00:00.000,Subway
35534,2024-04-10T00:00:00.000,AAR
951765,2024-04-10T00:00:00.000,BT
1245909,2024-04-10T00:00:00.000,Bus
235585,2024-04-10T00:00:00.000,LIRR
216591,2024-04-10T00:00:00.000,MNR
7115,2024-04-10T00:00:00.000,SIR
3791945,2024-04-10T00:00:00.000,Subway
35354,2024-04-11T00:00:00.000,AAR
966062,2024-04-11T00:00:00.000,BT
1315916,2024-04-11T00:00:00.000,Bus
241215,2024-04-11T00:00:00.000,LIRR
205013,2024-04-11T00:00:00.000,MNR
7326,2024-04-11T00:00:00.000,SIR
4000485,2024-04-11T00:00:00.000,Subway
33701,2024-04-12T00:00:00.000,AAR
971155,2024-04-12T00:00:00.000,BT
1240823,2024-04-12T00:00:00.000,Bus
225168,2024-04-12T00:00:00.000,LIRR
191755,2024-04-12T00:00:00.000,MNR
6265,2024-04-12T00:00:00.000,SIR
3668439,2024-04-12T00:00:00.000,Subway
21606,2024-04-13T00:00:00.000,AAR
916753,2024-04-13T00:00:00.000,BT
824356,2024-04-13T00:00:00.000,Bus
120351,2024-04-13T00:00:00.000,LIRR
110542,2024-04-13T00:00:00.000,MNR
2609,2024-04-13T00:00:00.000,SIR
2535112,2024-04-13T00:00:00.000,Subway
21766,2024-04-14T00:00:00.000,AAR
914789,2024-04-14T00:00:00.000,BT
664358,2024-04-14T00:00:00.000,Bus
103711,2024-04-14T00:00:00.000,LIRR
93633,2024-04-14T00:00:00.000,MNR
2145,2024-04-14T00:00:00.000,SIR
2068885,2024-04-14T00:00:00.000,Subway
32975,2024-04-15T00:00:00.000,AAR
968671,2024-04-15T00:00:00.000,BT
1319005,2024-04-15T00:00:00.000,Bus
233386,2024-04-15T00:00:00.000,LIRR
203835,2024-04-15T00:00:00.000,MNR
7374,2024-04-15T00:00:00.000,SIR
3704177,2024-04-15T00:00:00.000,Subway
35869,2024-04-16T00:00:00.000,AAR
943438,2024-04-16T00:00:00.000,BT
1370151,2024-04-16T00:00:00.000,Bus
243835,2024-04-16T00:00:00.000,LIRR
220030,2024-04-16T00:00:00.000,MNR
8017,2024-04-16T00:00:00.000,SIR
4033514,2024-04-16T00:00:00.000,Subway
35970,2024-04-17T00:00:00.000,AAR
947422,2024-04-17T00:00:00.000,BT
1347870,2024-04-17T00:00:00.000,Bus
243323,2024-04-17T00:00:00.000,LIRR
214829,2024-04-17T00:00:00.000,MNR
7805,2024-04-17T00:00:00.000,SIR
4021256,2024-04-17T00:00:00.000,Subway
34816,2024-04-18T00:00:00.000,AAR
951264,2024-04-18T00:00:00.000,BT
1303010,2024-04-18T00:00:00.000,Bus
230634,2024-04-18T00:00:00.000,LIRR
203859,2024-04-18T00:00:00.000,MNR
7271,2024-04-18T00:00:00.000,SIR
3966226,2024-04-18T00:00:00.000,Subway
33749,2024-04-19T00:00:00.000,AAR
985665,2024-04-19T00:00:00.000,BT
1278086,2024-04-19T00:00:00.000,Bus
223518,2024-04-19T00:00:00.000,LIRR
205809,2024-04-19T00:00:00.000,MNR
6252,2024-04-19T00:00:00.000,SIR
3705782,2024-04-19T00:00:00.000,Subway
21228,2024-04-20T00:00:00.000,AAR
925261,2024-04-20T00:00:00.000,BT
830016,2024-04-20T00:00:00.000,Bus
125999,2024-04-20T00:00:00.000,LIRR
123804,2024-04-20T00:00:00.000,MNR
2793,2024-04-20T00:00:00.000,SIR
2537525,2024-04-20T00:00:00.000,Subway
20807,2024-04-21T00:00:00.000,AAR
916230,2024-04-21T00:00:00.000,BT
651681,2024-04-21T00:00:00.000,Bus
101817,2024-04-21T00:00:00.000,LIRR
98834,2024-04-21T00:00:00.000,MNR
2017,2024-04-21T00:00:00.000,SIR
1918237,2024-04-21T00:00:00.000,Subway
29919,2024-04-22T00:00:00.000,AAR
922453,2024-04-22T00:00:00.000,BT
1146285,2024-04-22T00:00:00.000,Bus
229680,2024-04-22T00:00:00.000,LIRR
206229,2024-04-22T00:00:00.000,MNR
6171,2024-04-22T00:00:00.000,SIR
3219677,2024-04-22T00:00:00.000,Subway
31727,2024-04-23T00:00:00.000,AAR
878013,2024-04-23T00:00:00.000,BT
1176798,2024-04-23T00:00:00.000,Bus
238274,2024-04-23T00:00:00.000,LIRR
221191,2024-04-23T00:00:00.000,MNR
7063,2024-04-23T00:00:00.000,SIR
3522218,2024-04-23T00:00:00.000,Subway
32658,2024-04-24T00:00:00.000,AAR
879896,2024-04-24T00:00:00.000,BT
1180243,2024-04-24T00:00:00.000,Bus
233010,2024-04-24T00:00:00.000,LIRR
215927,2024-04-24T00:00:00.000,MNR
6847,2024-04-24T00:00:00.000,SIR
3608010,2024-04-24T00:00:00.000,Subway
32999,2024-04-25T00:00:00.000,AAR
948029,2024-04-25T00:00:00.000,BT
1191480,2024-04-25T00:00:00.000,Bus
242243,2024-04-25T00:00:00.000,LIRR
217219,2024-04-25T00:00:00.000,MNR
6820,2024-04-25T00:00:00.000,SIR
3723894,2024-04-25T00:00:00.000,Subway
31859,2024-04-26T00:00:00.000,AAR
956561,2024-04-26T00:00:00.000,BT
1143792,2024-04-26T00:00:00.000,Bus
229885,2024-04-26T00:00:00.000,LIRR
198590,2024-04-26T00:00:00.000,MNR
5647,2024-04-26T00:00:00.000,SIR
3431590,2024-04-26T00:00:00.000,Subway
20591,2024-04-27T00:00:00.000,AAR
898170,2024-04-27T00:00:00.000,BT
801494,2024-04-27T00:00:00.000,Bus
123192,2024-04-27T00:00:00.000,LIRR
109447,2024-04-27T00:00:00.000,MNR
2479,2024-04-27T00:00:00.000,SIR
2506779,2024-04-27T00:00:00.000,Subway
21057,2024-04-28T00:00:00.000,AAR
897429,2024-04-28T00:00:00.000,BT
649572,2024-04-28T00:00:00.000,Bus
100214,2024-04-28T00:00:00.000,LIRR
91619,2024-04-28T00:00:00.000,MNR
1965,2024-04-28T00:00:00.000,SIR
2084950,2024-04-28T00:00:00.000,Subway
30504,2024-04-29T00:00:00.000,AAR
909051,2024-04-29T00:00:00.000,BT
1161990,2024-04-29T00:00:00.000,Bus
225362,2024-04-29T00:00:00.000,LIRR
201385,2024-04-29T00:00:00.000,MNR
6385,2024-04-29T00:00:00.000,SIR
3323706,2024-04-29T00:00:00.000,Subway
32717,2024-04-30T00:00:00.000,AAR
864407,2024-04-30T00:00:00.000,BT
1193514,2024-04-30T00:00:00.000,Bus
240862,2024-04-30T00:00:00.000,LIRR
218592,2024-04-30T00:00:00.000,MNR
6886,2024-04-30T00:00:00.000,SIR
3638986,2024-04-30T00:00:00.000,Subway
35701,2024-05-01T00:00:00.000,AAR
952700,2024-05-01T00:00:00.000,BT
1350660,2024-05-01T00:00:00.000,Bus
230682,2024-05-01T00:00:00.000,LIRR
205030,2024-05-01T00:00:00.000,MNR
7757,2024-05-01T00:00:00.000,SIR
4032791,2024-05-01T00:00:00.000,Subway
36244,2024-05-02T00:00:00.000,AAR
972879,2024-05-02T00:00:00.000,BT
1349838,2024-05-02T00:00:00.000,Bus
235003,2024-05-02T00:00:00.000,LIRR
210951,2024-05-02T00:00:00.000,MNR
7475,2024-05-02T00:00:00.000,SIR
4061242,2024-05-02T00:00:00.000,Subway
34860,2024-05-03T00:00:00.000,AAR
999442,2024-05-03T00:00:00.000,BT
1285012,2024-05-03T00:00:00.000,Bus
226880,2024-05-03T00:00:00.000,LIRR
204190,2024-05-03T00:00:00.000,MNR
6516,2024-05-03T00:00:00.000,SIR
3780888,2024-05-03T00:00:00.000,Subway
22523,2024-05-04T00:00:00.000,AAR
938128,2024-05-04T00:00:00.000,BT
849249,2024-05-04T00:00:00.000,Bus
123516,2024-05-04T00:00:00.000,LIRR
122719,2024-05-04T00:00:00.000,MNR
2769,2024-05-04T00:00:00.000,SIR
2563658,2024-05-04T00:00:00.000,Subway
20709,2024-05-05T00:00:00.000,AAR
850121,2024-05-05T00:00:00.000,BT
578132,2024-05-05T00:00:00.000,Bus
99491,2024-05-05T00:00:00.000,LIRR
87988,2024-05-05T00:00:00.000,MNR
2571,2024-05-05T00:00:00.000,SIR
1889174,2024-05-05T00:00:00.000,Subway
33424,2024-05-06T00:00:00.000,AAR
958780,2024-05-06T00:00:00.000,BT
1295794,2024-05-06T00:00:00.000,Bus
229643,2024-05-06T00:00:00.000,LIRR
200506,2024-05-06T00:00:00.000,MNR
6869,2024-05-06T00:00:00.000,SIR
3652105,2024-05-06T00:00:00.000,Subway
36309,2024-05-07T00:00:00.000,AAR
943859,2024-05-07T00:00:00.000,BT
1375535,2024-05-07T00:00:00.000,Bus
250953,2024-05-07T00:00:00.000,LIRR
227303,2024-05-07T00:00:00.000,MNR
7966,2024-05-07T00:00:00.000,SIR
4098321,2024-05-07T00:00:00.000,Subway
36981,2024-05-08T00:00:00.000,AAR
966833,2024-05-08T00:00:00.000,BT
1350511,2024-05-08T00:00:00.000,Bus
244202,2024-05-08T00:00:00.000,LIRR
221059,2024-05-08T00:00:00.000,MNR
7623,2024-05-08T00:00:00.000,SIR
4087477,2024-05-08T00:00:00.000,Subway
35927,2024-05-09T00:00:00.000,AAR
999305,2024-05-09T00:00:00.000,BT
1354139,2024-05-09T00:00:00.000,Bus
247959,2024-05-09T00:00:00.000,LIRR
218370,2024-05-09T00:00:00.000,MNR
7344,2024-05-09T00:00:00.000,SIR
4086528,2024-05-09T00:00:00.000,Subway
34539,2024-05-10T00:00:00.000,AAR
997099,2024-05-10T00:00:00.000,BT
1212090,2024-05-10T00:00:00.000,Bus
228020,2024-05-10T00:00:00.000,LIRR
195091,2024-05-10T00:00:00.000,MNR
5894,2024-05-10T00:00:00.000,SIR
3677268,2024-05-10T00:00:00.000,Subway
22810,2024-05-11T00:00:00.000,AAR
965669,2024-05-11T00:00:00.000,BT
845713,2024-05-11T00:00:00.000,Bus
134051,2024-05-11T00:00:00.000,LIRR
117308,2024-05-11T00:00:00.000,MNR
3078,2024-05-11T00:00:00.000,SIR
2648580,2024-05-11T00:00:00.000,Subway
24531,2024-05-12T00:00:00.000,AAR
950429,2024-05-12T00:00:00.000,BT
559614,2024-05-12T00:00:00.000,Bus
114118,2024-05-12T00:00:00.000,LIRR
98717,2024-05-12T00:00:00.000,MNR
1755,2024-05-12T00:00:00.000,SIR
1858872,2024-05-12T00:00:00.000,Subway
31980,2024-05-13T00:00:00.000,AAR
1010563,2024-05-13T00:00:00.000,BT
1264180,2024-05-13T00:00:00.000,Bus
244216,2024-05-13T00:00:00.000,LIRR
209794,2024-05-13T00:00:00.000,MNR
7137,2024-05-13T00:00:00.000,SIR
3703066,2024-05-13T00:00:00.000,Subway
35800,2024-05-14T00:00:00.000,AAR
963523,2024-05-14T00:00:00.000,BT
1343633,2024-05-14T00:00:00.000,Bus
260745,2024-05-14T00:00:00.000,LIRR
226656,2024-05-14T00:00:00.000,MNR
7698,2024-05-14T00:00:00.000,SIR
4116655,2024-05-14T00:00:00.000,Subway
36951,2024-05-15T00:00:00.000,AAR
940764,2024-05-15T00:00:00.000,BT
1288427,2024-05-15T00:00:00.000,Bus
248434,2024-05-15T00:00:00.000,LIRR
219840,2024-05-15T00:00:00.000,MNR
7856,2024-05-15T00:00:00.000,SIR
4114615,2024-05-15T00:00:00.000,Subway
35940,2024-05-16T00:00:00.000,AAR
987420,2024-05-16T00:00:00.000,BT
1306481,2024-05-16T00:00:00.000,Bus
243988,2024-05-16T00:00:00.000,LIRR
215601,2024-05-16T00:00:00.000,MNR
7590,2024-05-16T00:00:00.000,SIR
4105026,2024-05-16T00:00:00.000,Subway
34945,2024-05-17T00:00:00.000,AAR
1007942,2024-05-17T00:00:00.000,BT
1270674,2024-05-17T00:00:00.000,Bus
241980,2024-05-17T00:00:00.000,LIRR
215838,2024-05-17T00:00:00.000,MNR
6569,2024-05-17T00:00:00.000,SIR
3816914,2024-05-17T00:00:00.000,Subway
21562,2024-05-18T00:00:00.000,AAR
952901,2024-05-18T00:00:00.000,BT
792454,2024-05-18T00:00:00.000,Bus
131709,2024-05-18T00:00:00.000,LIRR
130279,2024-05-18T00:00:00.000,MNR
2855,2024-05-18T00:00:00.000,SIR
2691368,2024-05-18T00:00:00.000,Subway
22305,2024-05-19T00:00:00.000,AAR
953653,2024-05-19T00:00:00.000,BT
657256,2024-05-19T00:00:00.000,Bus
112130,2024-05-19T00:00:00.000,LIRR
106408,2024-05-19T00:00:00.000,MNR
2228,2024-05-19T00:00:00.000,SIR
2121485,2024-05-19T00:00:00.000,Subway
32417,2024-05-20T00:00:00.000,AAR
1009697,2024-05-20T00:00:00.000,BT
1291703,2024-05-20T00:00:00.000,Bus
236846,2024-05-20T00:00:00.000,LIRR
216450,2024-05-20T00:00:00.000,MNR
7160,2024-05-20T00:00:00.000,SIR
3682061,2024-05-20T00:00:00.000,Subway
35819,2024-05-21T00:00:00.000,AAR
957608,2024-05-21T00:00:00.000,BT
1349876,2024-05-21T00:00:00.000,Bus
252506,2024-05-21T00:00:00.000,LIRR
234587,2024-05-21T00:00:00.000,MNR
7775,2024-05-21T00:00:00.000,SIR
4029557,2024-05-21T00:00:00.000,Subway
36940,2024-05-22T00:00:00.000,AAR
986073,2024-05-22T00:00:00.000,BT
1357841,2024-05-22T00:00:00.000,Bus
258544,2024-05-22T00:00:00.000,LIRR
233098,2024-05-22T00:00:00.000,MNR
8086,2024-05-22T00:00:00.000,SIR
4104021,2024-05-22T00:00:00.000,Subway
34785,2024-05-23T00:00:00.000,AAR
1003159,2024-05-23T00:00:00.000,BT
1275297,2024-05-23T00:00:00.000,Bus
250848,2024-05-23T00:00:00.000,LIRR
215083,2024-05-23T00:00:00.000,MNR
7442,2024-05-23T00:00:00.000,SIR
3863099,2024-05-23T00:00:00.000,Subway
33663,2024-05-24T00:00:00.000,AAR
1032055,2024-05-24T00:00:00.000,BT
1243655,2024-05-24T00:00:00.000,Bus
250907,2024-05-24T00:00:00.000,LIRR
209130,2024-05-24T00:00:00.000,MNR
6663,2024-05-24T00:00:00.000,SIR
3583244,2024-05-24T00:00:00.000,Subway
20733,2024-05-25T00:00:00.000,AAR
926460,2024-05-25T00:00:00.000,BT
805680,2024-05-25T00:00:00.000,Bus
135961,2024-05-25T00:00:00.000,LIRR
120036,2024-05-25T00:00:00.000,MNR
3031,2024-05-25T00:00:00.000,SIR
2347159,2024-05-25T00:00:00.000,Subway
22762,2024-05-26T00:00:00.000,AAR
894682,2024-05-26T00:00:00.000,BT
652393,2024-05-26T00:00:00.000,Bus
120709,2024-05-26T00:00:00.000,LIRR
101017,2024-05-26T00:00:00.000,MNR
2710,2024-05-26T00:00:00.000,SIR
2019012,2024-05-26T00:00:00.000,Subway
12673,2024-05-27T00:00:00.000,AAR
799420,2024-05-27T00:00:00.000,BT
594031,2024-05-27T00:00:00.000,Bus
99975,2024-05-27T00:00:00.000,LIRR
81042,2024-05-27T00:00:00.000,MNR
2123,2024-05-27T00:00:00.000,SIR
1667890,2024-05-27T00:00:00.000,Subway
34485,2024-05-28T00:00:00.000,AAR
966996,2024-05-28T00:00:00.000,BT
1300611,2024-05-28T00:00:00.000,Bus
257078,2024-05-28T00:00:00.000,LIRR
227311,2024-05-28T00:00:00.000,MNR
7609,2024-05-28T00:00:00.000,SIR
3825781,2024-05-28T00:00:00.000,Subway
36435,2024-05-29T00:00:00.000,AAR
961643,2024-05-29T00:00:00.000,BT
1309889,2024-05-29T00:00:00.000,Bus
254749,2024-05-29T00:00:00.000,LIRR
227379,2024-05-29T00:00:00.000,MNR
8090,2024-05-29T00:00:00.000,SIR
4006764,2024-05-29T00:00:00.000,Subway
35372,2024-05-30T00:00:00.000,AAR
982747,2024-05-30T00:00:00.000,BT
1301028,2024-05-30T00:00:00.000,Bus
253843,2024-05-30T00:00:00.000,LIRR
219887,2024-05-30T00:00:00.000,MNR
7550,2024-05-30T00:00:00.000,SIR
3979959,2024-05-30T00:00:00.000,Subway
35020,2024-05-31T00:00:00.000,AAR
1011939,2024-05-31T00:00:00.000,BT
1257526,2024-05-31T00:00:00.000,Bus
245017,2024-05-31T00:00:00.000,LIRR
211027,2024-05-31T00:00:00.000,MNR
6644,2024-05-31T00:00:00.000,SIR
3688627,2024-05-31T00:00:00.000,Subway
22726,2024-06-01T00:00:00.000,AAR
977788,2024-06-01T00:00:00.000,BT
848601,2024-06-01T00:00:00.000,Bus
128555,2024-06-01T00:00:00.000,LIRR
110948,2024-06-01T00:00:00.000,MNR
2980,2024-06-01T00:00:00.000,SIR
2446153,2024-06-01T00:00:00.000,Subway
22640,2024-06-02T00:00:00.000,AAR
965601,2024-06-02T00:00:00.000,BT
651637,2024-06-02T00:00:00.000,Bus
114504,2024-06-02T00:00:00.000,LIRR
92567,2024-06-02T00:00:00.000,MNR
2339,2024-06-02T00:00:00.000,SIR
1978037,2024-06-02T00:00:00.000,Subway
33679,2024-06-03T00:00:00.000,AAR
997145,2024-06-03T00:00:00.000,BT
1294956,2024-06-03T00:00:00.000,Bus
225413,2024-06-03T00:00:00.000,LIRR
197640,2024-06-03T00:00:00.000,MNR
7168,2024-06-03T00:00:00.000,SIR
3611491,2024-06-03T00:00:00.000,Subway
36865,2024-06-04T00:00:00.000,AAR
954362,2024-06-04T00:00:00.000,BT
1327963,2024-06-04T00:00:00.000,Bus
255090,2024-06-04T00:00:00.000,LIRR
233237,2024-06-04T00:00:00.000,MNR
7800,2024-06-04T00:00:00.000,SIR
3979793,2024-06-04T00:00:00.000,Subway
37800,2024-06-05T00:00:00.000,AAR
981127,2024-06-05T00:00:00.000,BT
1338427,2024-06-05T00:00:00.000,Bus
264512,2024-06-05T00:00:00.000,LIRR
230173,2024-06-05T00:00:00.000,MNR
7942,2024-06-05T00:00:00.000,SIR
4051943,2024-06-05T00:00:00.000,Subway
35234,2024-06-06T00:00:00.000,AAR
987659,2024-06-06T00:00:00.000,BT
1207899,2024-06-06T00:00:00.000,Bus
245631,2024-06-06T00:00:00.000,LIRR
219447,2024-06-06T00:00:00.000,MNR
7059,2024-06-06T00:00:00.000,SIR
3774324,2024-06-06T00:00:00.000,Subway
35464,2024-06-07T00:00:00.000,AAR
1024335,2024-06-07T00:00:00.000,BT
1254339,2024-06-07T00:00:00.000,Bus
252098,2024-06-07T00:00:00.000,LIRR
214062,2024-06-07T00:00:00.000,MNR
6393,2024-06-07T00:00:00.000,SIR
3752412,2024-06-07T00:00:00.000,Subway
23371,2024-06-08T00:00:00.000,AAR
972835,2024-06-08T00:00:00.000,BT
842779,2024-06-08T00:00:00.000,Bus
159020,2024-06-08T00:00:00.000,LIRR
135138,2024-06-08T00:00:00.000,MNR
3150,2024-06-08T00:00:00.000,SIR
2673220,2024-06-08T00:00:00.000,Subway
22435,2024-06-09T00:00:00.000,AAR
973648,2024-06-09T00:00:00.000,BT
680981,2024-06-09T00:00:00.000,Bus
132945,2024-06-09T00:00:00.000,LIRR
107497,2024-06-09T00:00:00.000,MNR
2492,2024-06-09T00:00:00.000,SIR
2134551,2024-06-09T00:00:00.000,Subway
32970,2024-06-10T00:00:00.000,AAR
1025251,2024-06-10T00:00:00.000,BT
1355986,2024-06-10T00:00:00.000,Bus
240121,2024-06-10T00:00:00.000,LIRR
211542,2024-06-10T00:00:00.000,MNR
7701,2024-06-10T00:00:00.000,SIR
3702212,2024-06-10T00:00:00.000,Subway
36206,2024-06-11T00:00:00.000,AAR
961628,2024-06-11T00:00:00.000,BT
1390440,2024-06-11T00:00:00.000,Bus
259101,2024-06-11T00:00:00.000,LIRR
230796,2024-06-11T00:00:00.000,MNR
8500,2024-06-11T00:00:00.000,SIR
3995425,2024-06-11T00:00:00.000,Subway
36693,2024-06-12T00:00:00.000,AAR
947367,2024-06-12T00:00:00.000,BT
1355294,2024-06-12T00:00:00.000,Bus
256255,2024-06-12T00:00:00.000,LIRR
224305,2024-06-12T00:00:00.000,MNR
8138,2024-06-12T00:00:00.000,SIR
3977760,2024-06-12T00:00:00.000,Subway
35363,2024-06-13T00:00:00.000,AAR
948593,2024-06-13T00:00:00.000,BT
1310210,2024-06-13T00:00:00.000,Bus
254575,2024-06-13T00:00:00.000,LIRR
221855,2024-06-13T00:00:00.000,MNR
7675,2024-06-13T00:00:00.000,SIR
3936941,2024-06-13T00:00:00.000,Subway
34757,2024-06-14T00:00:00.000,AAR
1010536,2024-06-14T00:00:00.000,BT
1212740,2024-06-14T00:00:00.000,Bus
247019,2024-06-14T00:00:00.000,LIRR
204586,2024-06-14T00:00:00.000,MNR
5973,2024-06-14T00:00:00.000,SIR
3517062,2024-06-14T00:00:00.000,Subway
23580,2024-06-15T00:00:00.000,AAR
979086,2024-06-15T00:00:00.000,BT
851502,2024-06-15T00:00:00.000,Bus
142102,2024-06-15T00:00:00.000,LIRR
122409,2024-06-15T00:00:00.000,MNR
3104,2024-06-15T00:00:00.000,SIR
2431810,2024-06-15T00:00:00.000,Subway
24200,2024-06-16T00:00:00.000,AAR
1005216,2024-06-16T00:00:00.000,BT
653946,2024-06-16T00:00:00.000,Bus
130133,2024-06-16T00:00:00.000,LIRR
109303,2024-06-16T00:00:00.000,MNR
2245,2024-06-16T00:00:00.000,SIR
1897201,2024-06-16T00:00:00.000,Subway
31993,2024-06-17T00:00:00.000,AAR
1035470,2024-06-17T00:00:00.000,BT
1172762,2024-06-17T00:00:00.000,Bus
242993,2024-06-17T00:00:00.000,LIRR
215241,2024-06-17T00:00:00.000,MNR
6466,2024-06-17T00:00:00.000,SIR
3325104,2024-06-17T00:00:00.000,Subway
36105,2024-06-18T00:00:00.000,AAR
978827,2024-06-18T00:00:00.000,BT
1314338,2024-06-18T00:00:00.000,Bus
260538,2024-06-18T00:00:00.000,LIRR
242116,2024-06-18T00:00:00.000,MNR
7713,2024-06-18T00:00:00.000,SIR
3920839,2024-06-18T00:00:00.000,Subway
26431,2024-06-19T00:00:00.000,AAR
961977,2024-06-19T00:00:00.000,BT
1068172,2024-06-19T00:00:00.000,Bus
232540,2024-06-19T00:00:00.000,LIRR
206582,2024-06-19T00:00:00.000,MNR
4527,2024-06-19T00:00:00.000,SIR
3046320,2024-06-19T00:00:00.000,Subway
36445,2024-06-20T00:00:00.000,AAR
1021430,2024-06-20T00:00:00.000,BT
1275626,2024-06-20T00:00:00.000,Bus
255683,2024-06-20T00:00:00.000,LIRR
227113,2024-06-20T00:00:00.000,MNR
7217,2024-06-20T00:00:00.000,SIR
3857797,2024-06-20T00:00:00.000,Subway
34695,2024-06-21T00:00:00.000,AAR
1023962,2024-06-21T00:00:00.000,BT
1191812,2024-06-21T00:00:00.000,Bus
244215,2024-06-21T00:00:00.000,LIRR
211543,2024-06-21T00:00:00.000,MNR
6166,2024-06-21T00:00:00.000,SIR
3500365,2024-06-21T00:00:00.000,Subway
21970,2024-06-22T00:00:00.000,AAR
960888,2024-06-22T00:00:00.000,BT
793674,2024-06-22T00:00:00.000,Bus
133102,2024-06-22T00:00:00.000,LIRR
119962,2024-06-22T00:00:00.000,MNR
2743,2024-06-22T00:00:00.000,SIR
2385207,2024-06-22T00:00:00.000,Subway
21789,2024-06-23T00:00:00.000,AAR
963050,2024-06-23T00:00:00.000,BT
648887,2024-06-23T00:00:00.000,Bus
118067,2024-06-23T00:00:00.000,LIRR
103892,2024-06-23T00:00:00.000,MNR
2061,2024-06-23T00:00:00.000,SIR
1908786,2024-06-23T00:00:00.000,Subway
33300,2024-06-24T00:00:00.000,AAR
1026000,2024-06-24T00:00:00.000,BT
1227231,2024-06-24T00:00:00.000,Bus
246269,2024-06-24T00:00:00.000,LIRR
213904,2024-06-24T00:00:00.000,MNR
6820,2024-06-24T00:00:00.000,SIR
3467845,2024-06-24T00:00:00.000,Subway
36669,2024-06-25T00:00:00.000,AAR
990371,2024-06-25T00:00:00.000,BT
1269567,2024-06-25T00:00:00.000,Bus
271783,2024-06-25T00:00:00.000,LIRR
232410,2024-06-25T00:00:00.000,MNR
7685,2024-06-25T00:00:00.000,SIR
3831447,2024-06-25T00:00:00.000,Subway
36344,2024-06-26T00:00:00.000,AAR
1023907,2024-06-26T00:00:00.000,BT
1267408,2024-06-26T00:00:00.000,Bus
264126,2024-06-26T00:00:00.000,LIRR
226518,2024-06-26T00:00:00.000,MNR
7314,2024-06-26T00:00:00.000,SIR
3901100,2024-06-26T00:00:00.000,Subway
35155,2024-06-27T00:00:00.000,AAR
1025465,2024-06-27T00:00:00.000,BT
1214263,2024-06-27T00:00:00.000,Bus
255215,2024-06-27T00:00:00.000,LIRR
227648,2024-06-27T00:00:00.000,MNR
7170,2024-06-27T00:00:00.000,SIR
3776811,2024-06-27T00:00:00.000,Subway
34111,2024-06-28T00:00:00.000,AAR
1037236,2024-06-28T00:00:00.000,BT
1141168,2024-06-28T00:00:00.000,Bus
255739,2024-06-28T00:00:00.000,LIRR
211914,2024-06-28T00:00:00.000,MNR
6305,2024-06-28T00:00:00.000,SIR
3522732,2024-06-28T00:00:00.000,Subway
21904,2024-06-29T00:00:00.000,AAR
967864,2024-06-29T00:00:00.000,BT
780229,2024-06-29T00:00:00.000,Bus
138769,2024-06-29T00:00:00.000,LIRR
119738,2024-06-29T00:00:00.000,MNR
2948,2024-06-29T00:00:00.000,SIR
2454997,2024-06-29T00:00:00.000,Subway
20851,2024-06-30T00:00:00.000,AAR
913849,2024-06-30T00:00:00.000,BT
583751,2024-06-30T00:00:00.000,Bus
126526,2024-06-30T00:00:00.000,LIRR
108244,2024-06-30T00:00:00.000,MNR
2268,2024-06-30T00:00:00.000,SIR
2002269,2024-06-30T00:00:00.000,Subway
32979,2024-07-01T00:00:00.000,AAR
988774,2024-07-01T00:00:00.000,BT
1156904,2024-07-01T00:00:00.000,Bus
216906,2024-07-01T00:00:00.000,LIRR
185943,2024-07-01T00:00:00.000,MNR
6947,2024-07-01T00:00:00.000,SIR
3273546,2024-07-01T00:00:00.000,Subway
35200,2024-07-02T00:00:00.000,AAR
948753,2024-07-02T00:00:00.000,BT
1216755,2024-07-02T00:00:00.000,Bus
234535,2024-07-02T00:00:00.000,LIRR
207844,2024-07-02T00:00:00.000,MNR
7431,2024-07-02T00:00:00.000,SIR
3542073,2024-07-02T00:00:00.000,Subway
36949,2024-07-03T00:00:00.000,AAR
980475,2024-07-03T00:00:00.000,BT
1198766,2024-07-03T00:00:00.000,Bus
237577,2024-07-03T00:00:00.000,LIRR
205176,2024-07-03T00:00:00.000,MNR
6758,2024-07-03T00:00:00.000,SIR
3409357,2024-07-03T00:00:00.000,Subway
17646,2024-07-04T00:00:00.000,AAR
766026,2024-07-04T00:00:00.000,BT
643119,2024-07-04T00:00:00.000,Bus
117030,2024-07-04T00:00:00.000,LIRR
101274,2024-07-04T00:00:00.000,MNR
2939,2024-07-04T00:00:00.000,SIR
1992244,2024-07-04T00:00:00.000,Subway
28776,2024-07-05T00:00:00.000,AAR
875334,2024-07-05T00:00:00.000,BT
1001854,2024-07-05T00:00:00.000,Bus
207314,2024-07-05T00:00:00.000,LIRR
183222,2024-07-05T00:00:00.000,MNR
4563,2024-07-05T00:00:00.000,SIR
2700734,2024-07-05T00:00:00.000,Subway
19730,2024-07-06T00:00:00.000,AAR
823761,2024-07-06T00:00:00.000,BT
758425,2024-07-06T00:00:00.000,Bus
119417,2024-07-06T00:00:00.000,LIRR
110386,2024-07-06T00:00:00.000,MNR
2688,2024-07-06T00:00:00.000,SIR
2100877,2024-07-06T00:00:00.000,Subway
22640,2024-07-07T00:00:00.000,AAR
897400,2024-07-07T00:00:00.000,BT
642652,2024-07-07T00:00:00.000,Bus
120316,2024-07-07T00:00:00.000,LIRR
105041,2024-07-07T00:00:00.000,MNR
2167,2024-07-07T00:00:00.000,SIR
1804572,2024-07-07T00:00:00.000,Subway
33105,2024-07-08T00:00:00.000,AAR
1009359,2024-07-08T00:00:00.000,BT
1176713,2024-07-08T00:00:00.000,Bus
226613,2024-07-08T00:00:00.000,LIRR
199454,2024-07-08T00:00:00.000,MNR
6499,2024-07-08T00:00:00.000,SIR
3228784,2024-07-08T00:00:00.000,Subway
35500,2024-07-09T00:00:00.000,AAR
947443,2024-07-09T00:00:00.000,BT
1236657,2024-07-09T00:00:00.000,Bus
249970,2024-07-09T00:00:00.000,LIRR
219843,2024-07-09T00:00:00.000,MNR
7176,2024-07-09T00:00:00.000,SIR
3605032,2024-07-09T00:00:00.000,Subway
37417,2024-07-10T00:00:00.000,AAR
961528,2024-07-10T00:00:00.000,BT
1252733,2024-07-10T00:00:00.000,Bus
249781,2024-07-10T00:00:00.000,LIRR
210993,2024-07-10T00:00:00.000,MNR
7393,2024-07-10T00:00:00.000,SIR
3691835,2024-07-10T00:00:00.000,Subway
35691,2024-07-11T00:00:00.000,AAR
979970,2024-07-11T00:00:00.000,BT
1233678,2024-07-11T00:00:00.000,Bus
246250,2024-07-11T00:00:00.000,LIRR
209174,2024-07-11T00:00:00.000,MNR
6914,2024-07-11T00:00:00.000,SIR
3688029,2024-07-11T00:00:00.000,Subway
34090,2024-07-12T00:00:00.000,AAR
987927,2024-07-12T00:00:00.000,BT
1120310,2024-07-12T00:00:00.000,Bus
231084,2024-07-12T00:00:00.000,LIRR
191828,2024-07-12T00:00:00.000,MNR
5586,2024-07-12T00:00:00.000,SIR
3261074,2024-07-12T00:00:00.000,Subway
20949,2024-07-13T00:00:00.000,AAR
884932,2024-07-13T00:00:00.000,BT
743154,2024-07-13T00:00:00.000,Bus
123988,2024-07-13T00:00:00.000,LIRR
107166,2024-07-13T00:00:00.000,MNR
2700,2024-07-13T00:00:00.000,SIR
2203283,2024-07-13T00:00:00.000,Subway
22682,2024-07-14T00:00:00.000,AAR
949336,2024-07-14T00:00:00.000,BT
633752,2024-07-14T00:00:00.000,Bus
119283,2024-07-14T00:00:00.000,LIRR
97038,2024-07-14T00:00:00.000,MNR
2160,2024-07-14T00:00:00.000,SIR
1869670,2024-07-14T00:00:00.000,Subway
32763,2024-07-15T00:00:00.000,AAR
1009416,2024-07-15T00:00:00.000,BT
1160722,2024-07-15T00:00:00.000,Bus
233209,2024-07-15T00:00:00.000,LIRR
202008,2024-07-15T00:00:00.000,MNR
6398,2024-07-15T00:00:00.000,SIR
3259800,2024-07-15T00:00:00.000,Subway
35468,2024-07-16T00:00:00.000,AAR
943675,2024-07-16T00:00:00.000,BT
1209152,2024-07-16T00:00:00.000,Bus
249559,2024-07-16T00:00:00.000,LIRR
220620,2024-07-16T00:00:00.000,MNR
6828,2024-07-16T00:00:00.000,SIR
3594150,2024-07-16T00:00:00.000,Subway
36547,2024-07-17T00:00:00.000,AAR
959494,2024-07-17T00:00:00.000,BT
1210515,2024-07-17T00:00:00.000,Bus
248424,2024-07-17T00:00:00.000,LIRR
214137,2024-07-17T00:00:00.000,MNR
6845,2024-07-17T00:00:00.000,SIR
3651756,2024-07-17T00:00:00.000,Subway
36119,2024-07-18T00:00:00.000,AAR
989928,2024-07-18T00:00:00.000,BT
1218605,2024-07-18T00:00:00.000,Bus
241785,2024-07-18T00:00:00.000,LIRR
211370,2024-07-18T00:00:00.000,MNR
7085,2024-07-18T00:00:00.000,SIR
3637826,2024-07-18T00:00:00.000,Subway
34718,2024-07-19T00:00:00.000,AAR
1005275,2024-07-19T00:00:00.000,BT
1207102,2024-07-19T00:00:00.000,Bus
243438,2024-07-19T00:00:00.000,LIRR
206922,2024-07-19T00:00:00.000,MNR
6480,2024-07-19T00:00:00.000,SIR
3372874,2024-07-19T00:00:00.000,Subway
19961,2024-07-20T00:00:00.000,AAR
968418,2024-07-20T00:00:00.000,BT
803868,2024-07-20T00:00:00.000,Bus
131910,2024-07-20T00:00:00.000,LIRR
125050,2024-07-20T00:00:00.000,MNR
2688,2024-07-20T00:00:00.000,SIR
2269647,2024-07-20T00:00:00.000,Subway
21664,2024-07-21T00:00:00.000,AAR
959069,2024-07-21T00:00:00.000,BT
659004,2024-07-21T00:00:00.000,Bus
126169,2024-07-21T00:00:00.000,LIRR
111438,2024-07-21T00:00:00.000,MNR
2080,2024-07-21T00:00:00.000,SIR
1877704,2024-07-21T00:00:00.000,Subway
32431,2024-07-22T00:00:00.000,AAR
1014584,2024-07-22T00:00:00.000,BT
1168226,2024-07-22T00:00:00.000,Bus
231813,2024-07-22T00:00:00.000,LIRR
215087,2024-07-22T00:00:00.000,MNR
6510,2024-07-22T00:00:00.000,SIR
3235343,2024-07-22T00:00:00.000,Subway
35110,2024-07-23T00:00:00.000,AAR
931342,2024-07-23T00:00:00.000,BT
1211237,2024-07-23T00:00:00.000,Bus
247915,2024-07-23T00:00:00.000,LIRR
229841,2024-07-23T00:00:00.000,MNR
7177,2024-07-23T00:00:00.000,SIR
3606656,2024-07-23T00:00:00.000,Subway
36652,2024-07-24T00:00:00.000,AAR
943741,2024-07-24T00:00:00.000,BT
1220410,2024-07-24T00:00:00.000,Bus
249158,2024-07-24T00:00:00.000,LIRR
224862,2024-07-24T00:00:00.000,MNR
7260,2024-07-24T00:00:00.000,SIR
3656472,2024-07-24T00:00:00.000,Subway
35373,2024-07-25T00:00:00.000,AAR
976534,2024-07-25T00:00:00.000,BT
1220056,2024-07-25T00:00:00.000,Bus
255367,2024-07-25T00:00:00.000,LIRR
214281,2024-07-25T00:00:00.000,MNR
6850,2024-07-25T00:00:00.000,SIR
3638351,2024-07-25T00:00:00.000,Subway
34431,2024-07-26T00:00:00.000,AAR
1008563,2024-07-26T00:00:00.000,BT
1154709,2024-07-26T00:00:00.000,Bus
247475,2024-07-26T00:00:00.000,LIRR
201321,2024-07-26T00:00:00.000,MNR
5946,2024-07-26T00:00:00.000,SIR
3288849,2024-07-26T00:00:00.000,Subway
22582,2024-07-27T00:00:00.000,AAR
950671,2024-07-27T00:00:00.000,BT
809660,2024-07-27T00:00:00.000,Bus
138344,2024-07-27T00:00:00.000,LIRR
125101,2024-07-27T00:00:00.000,MNR
2991,2024-07-27T00:00:00.000,SIR
2306948,2024-07-27T00:00:00.000,Subway
22027,2024-07-28T00:00:00.000,AAR
962741,2024-07-28T00:00:00.000,BT
645704,2024-07-28T00:00:00.000,Bus
121226,2024-07-28T00:00:00.000,LIRR
99516,2024-07-28T00:00:00.000,MNR
2214,2024-07-28T00:00:00.000,SIR
1851383,2024-07-28T00:00:00.000,Subway
32067,2024-07-29T00:00:00.000,AAR
994108,2024-07-29T00:00:00.000,BT
1147023,2024-07-29T00:00:00.000,Bus
233537,2024-07-29T00:00:00.000,LIRR
200999,2024-07-29T00:00:00.000,MNR
6240,2024-07-29T00:00:00.000,SIR
3202281,2024-07-29T00:00:00.000,Subway
34911,2024-07-30T00:00:00.000,AAR
933933,2024-07-30T00:00:00.000,BT
1228387,2024-07-30T00:00:00.000,Bus
251398,2024-07-30T00:00:00.000,LIRR
220120,2024-07-30T00:00:00.000,MNR
7217,2024-07-30T00:00:00.000,SIR
3590241,2024-07-30T00:00:00.000,Subway
35765,2024-07-31T00:00:00.000,AAR
962024,2024-07-31T00:00:00.000,BT
1213507,2024-07-31T00:00:00.000,Bus
248316,2024-07-31T00:00:00.000,LIRR
213562,2024-07-31T00:00:00.000,MNR
7018,2024-07-31T00:00:00.000,SIR
3576343,2024-07-31T00:00:00.000,Subway
35878,2024-08-01T00:00:00.000,AAR
995459,2024-08-01T00:00:00.000,BT
1208275,2024-08-01T00:00:00.000,Bus
229131,2024-08-01T00:00:00.000,LIRR
194439,2024-08-01T00:00:00.000,MNR
6902,2024-08-01T00:00:00.000,SIR
3544663,2024-08-01T00:00:00.000,Subway
34487,2024-08-02T00:00:00.000,AAR
996565,2024-08-02T00:00:00.000,BT
1111340,2024-08-02T00:00:00.000,Bus
215453,2024-08-02T00:00:00.000,LIRR
181008,2024-08-02T00:00:00.000,MNR
5784,2024-08-02T00:00:00.000,SIR
3153955,2024-08-02T00:00:00.000,Subway
22133,2024-08-03T00:00:00.000,AAR
924748,2024-08-03T00:00:00.000,BT
741482,2024-08-03T00:00:00.000,Bus
123922,2024-08-03T00:00:00.000,LIRR
109769,2024-08-03T00:00:00.000,MNR
2852,2024-08-03T00:00:00.000,SIR
2200373,2024-08-03T00:00:00.000,Subway
22186,2024-08-04T00:00:00.000,AAR
899555,2024-08-04T00:00:00.000,BT
588249,2024-08-04T00:00:00.000,Bus
108959,2024-08-04T00:00:00.000,LIRR
92383,2024-08-04T00:00:00.000,MNR
2099,2024-08-04T00:00:00.000,SIR
1752861,2024-08-04T00:00:00.000,Subway
33112,2024-08-05T00:00:00.000,AAR
997100,2024-08-05T00:00:00.000,BT
1154644,2024-08-05T00:00:00.000,Bus
234345,2024-08-05T00:00:00.000,LIRR
192078,2024-08-05T00:00:00.000,MNR
6375,2024-08-05T00:00:00.000,SIR
3222601,2024-08-05T00:00:00.000,Subway
35331,2024-08-06T00:00:00.000,AAR
922655,2024-08-06T00:00:00.000,BT
1130325,2024-08-06T00:00:00.000,Bus
234650,2024-08-06T00:00:00.000,LIRR
207212,2024-08-06T00:00:00.000,MNR
6974,2024-08-06T00:00:00.000,SIR
3462581,2024-08-06T00:00:00.000,Subway
36667,2024-08-07T00:00:00.000,AAR
913811,2024-08-07T00:00:00.000,BT
1117450,2024-08-07T00:00:00.000,Bus
239223,2024-08-07T00:00:00.000,LIRR
202867,2024-08-07T00:00:00.000,MNR
6593,2024-08-07T00:00:00.000,SIR
3511253,2024-08-07T00:00:00.000,Subway
35509,2024-08-08T00:00:00.000,AAR
941154,2024-08-08T00:00:00.000,BT
1108956,2024-08-08T00:00:00.000,Bus
230083,2024-08-08T00:00:00.000,LIRR
196259,2024-08-08T00:00:00.000,MNR
6466,2024-08-08T00:00:00.000,SIR
3490217,2024-08-08T00:00:00.000,Subway
32193,2024-08-09T00:00:00.000,AAR
925285,2024-08-09T00:00:00.000,BT
1039488,2024-08-09T00:00:00.000,Bus
215973,2024-08-09T00:00:00.000,LIRR
170622,2024-08-09T00:00:00.000,MNR
5202,2024-08-09T00:00:00.000,SIR
3041276,2024-08-09T00:00:00.000,Subway
22199,2024-08-10T00:00:00.000,AAR
898350,2024-08-10T00:00:00.000,BT
777613,2024-08-10T00:00:00.000,Bus
133623,2024-08-10T00:00:00.000,LIRR
119101,2024-08-10T00:00:00.000,MNR
3156,2024-08-10T00:00:00.000,SIR
2356405,2024-08-10T00:00:00.000,Subway
22996,2024-08-11T00:00:00.000,AAR
934420,2024-08-11T00:00:00.000,BT
614435,2024-08-11T00:00:00.000,Bus
121004,2024-08-11T00:00:00.000,LIRR
103975,2024-08-11T00:00:00.000,MNR
2552,2024-08-11T00:00:00.000,SIR
1918748,2024-08-11T00:00:00.000,Subway
33127,2024-08-12T00:00:00.000,AAR
995309,2024-08-12T00:00:00.000,BT
1106072,2024-08-12T00:00:00.000,Bus
231099,2024-08-12T00:00:00.000,LIRR
191415,2024-08-12T00:00:00.000,MNR
6337,2024-08-12T00:00:00.000,SIR
3169180,2024-08-12T00:00:00.000,Subway
35503,2024-08-13T00:00:00.000,AAR
907920,2024-08-13T00:00:00.000,BT
1158412,2024-08-13T00:00:00.000,Bus
242459,2024-08-13T00:00:00.000,LIRR
205674,2024-08-13T00:00:00.000,MNR
7002,2024-08-13T00:00:00.000,SIR
3491612,2024-08-13T00:00:00.000,Subway
37606,2024-08-14T00:00:00.000,AAR
953167,2024-08-14T00:00:00.000,BT
1182980,2024-08-14T00:00:00.000,Bus
242186,2024-08-14T00:00:00.000,LIRR
202330,2024-08-14T00:00:00.000,MNR
7028,2024-08-14T00:00:00.000,SIR
3544668,2024-08-14T00:00:00.000,Subway
36343,2024-08-15T00:00:00.000,AAR
997813,2024-08-15T00:00:00.000,BT
1182864,2024-08-15T00:00:00.000,Bus
241573,2024-08-15T00:00:00.000,LIRR
196106,2024-08-15T00:00:00.000,MNR
6528,2024-08-15T00:00:00.000,SIR
3495671,2024-08-15T00:00:00.000,Subway
34676,2024-08-16T00:00:00.000,AAR
1001677,2024-08-16T00:00:00.000,BT
1123673,2024-08-16T00:00:00.000,Bus
235035,2024-08-16T00:00:00.000,LIRR
185953,2024-08-16T00:00:00.000,MNR
5596,2024-08-16T00:00:00.000,SIR
3198733,2024-08-16T00:00:00.000,Subway
22797,2024-08-17T00:00:00.000,AAR
944564,2024-08-17T00:00:00.000,BT
767022,2024-08-17T00:00:00.000,Bus
135948,2024-08-17T00:00:00.000,LIRR
112928,2024-08-17T00:00:00.000,MNR
2880,2024-08-17T00:00:00.000,SIR
2256233,2024-08-17T00:00:00.000,Subway
20897,2024-08-18T00:00:00.000,AAR
885583,2024-08-18T00:00:00.000,BT
578595,2024-08-18T00:00:00.000,Bus
106004,2024-08-18T00:00:00.000,LIRR
82177,2024-08-18T00:00:00.000,MNR
1953,2024-08-18T00:00:00.000,SIR
1713050,2024-08-18T00:00:00.000,Subway
31668,2024-08-19T00:00:00.000,AAR
967272,2024-08-19T00:00:00.000,BT
1090594,2024-08-19T00:00:00.000,Bus
224656,2024-08-19T00:00:00.000,LIRR
183503,2024-08-19T00:00:00.000,MNR
5870,2024-08-19T00:00:00.000,SIR
3076559,2024-08-19T00:00:00.000,Subway
34985,2024-08-20T00:00:00.000,AAR
951272,2024-08-20T00:00:00.000,BT
1164259,2024-08-20T00:00:00.000,Bus
250304,2024-08-20T00:00:00.000,LIRR
211051,2024-08-20T00:00:00.000,MNR
6877,2024-08-20T00:00:00.000,SIR
3475888,2024-08-20T00:00:00.000,Subway
36401,2024-08-21T00:00:00.000,AAR
963818,2024-08-21T00:00:00.000,BT
1159036,2024-08-21T00:00:00.000,Bus
247076,2024-08-21T00:00:00.000,LIRR
204853,2024-08-21T00:00:00.000,MNR
6910,2024-08-21T00:00:00.000,SIR
3498651,2024-08-21T00:00:00.000,Subway
34997,2024-08-22T00:00:00.000,AAR
984242,2024-08-22T00:00:00.000,BT
1140225,2024-08-22T00:00:00.000,Bus
245912,2024-08-22T00:00:00.000,LIRR
199777,2024-08-22T00:00:00.000,MNR
6458,2024-08-22T00:00:00.000,SIR
3427911,2024-08-22T00:00:00.000,Subway
33653,2024-08-23T00:00:00.000,AAR
996888,2024-08-23T00:00:00.000,BT
1095768,2024-08-23T00:00:00.000,Bus
235738,2024-08-23T00:00:00.000,LIRR
196218,2024-08-23T00:00:00.000,MNR
5827,2024-08-23T00:00:00.000,SIR
3209666,2024-08-23T00:00:00.000,Subway
22523,2024-08-24T00:00:00.000,AAR
950778,2024-08-24T00:00:00.000,BT
776019,2024-08-24T00:00:00.000,Bus
146684,2024-08-24T00:00:00.000,LIRR
119252,2024-08-24T00:00:00.000,MNR
3025,2024-08-24T00:00:00.000,SIR
2332624,2024-08-24T00:00:00.000,Subway
22347,2024-08-25T00:00:00.000,AAR
961909,2024-08-25T00:00:00.000,BT
629302,2024-08-25T00:00:00.000,Bus
130885,2024-08-25T00:00:00.000,LIRR
101267,2024-08-25T00:00:00.000,MNR
2309,2024-08-25T00:00:00.000,SIR
1905818,2024-08-25T00:00:00.000,Subway
31233,2024-08-26T00:00:00.000,AAR
1002822,2024-08-26T00:00:00.000,BT
1104199,2024-08-26T00:00:00.000,Bus
244138,2024-08-26T00:00:00.000,LIRR
186630,2024-08-26T00:00:00.000,MNR
5896,2024-08-26T00:00:00.000,SIR
3113498,2024-08-26T00:00:00.000,Subway
34997,2024-08-27T00:00:00.000,AAR
950606,2024-08-27T00:00:00.000,BT
1177841,2024-08-27T00:00:00.000,Bus
261771,2024-08-27T00:00:00.000,LIRR
201834,2024-08-27T00:00:00.000,MNR
6713,2024-08-27T00:00:00.000,SIR
3477101,2024-08-27T00:00:00.000,Subway
36079,2024-08-28T00:00:00.000,AAR
972345,2024-08-28T00:00:00.000,BT
1203770,2024-08-28T00:00:00.000,Bus
257194,2024-08-28T00:00:00.000,LIRR
195873,2024-08-28T00:00:00.000,MNR
6656,2024-08-28T00:00:00.000,SIR
3516674,2024-08-28T00:00:00.000,Subway
35044,2024-08-29T00:00:00.000,AAR
989590,2024-08-29T00:00:00.000,BT
1203629,2024-08-29T00:00:00.000,Bus
261935,2024-08-29T00:00:00.000,LIRR
192714,2024-08-29T00:00:00.000,MNR
6446,2024-08-29T00:00:00.000,SIR
3438760,2024-08-29T00:00:00.000,Subway
33968,2024-08-30T00:00:00.000,AAR
1003375,2024-08-30T00:00:00.000,BT
1132406,2024-08-30T00:00:00.000,Bus
255954,2024-08-30T00:00:00.000,LIRR
195334,2024-08-30T00:00:00.000,MNR
5287,2024-08-30T00:00:00.000,SIR
3152242,2024-08-30T00:00:00.000,Subway
21518,2024-08-31T00:00:00.000,AAR
919119,2024-08-31T00:00:00.000,BT
771634,2024-08-31T00:00:00.000,Bus
149890,2024-08-31T00:00:00.000,LIRR
119313,2024-08-31T00:00:00.000,MNR
2471,2024-08-31T00:00:00.000,SIR
2158004,2024-08-31T00:00:00.000,Subway
22880,2024-09-01T00:00:00.000,AAR
894512,2024-09-01T00:00:00.000,BT
658803,2024-09-01T00:00:00.000,Bus
120499,2024-09-01T00:00:00.000,LIRR
95622,2024-09-01T00:00:00.000,MNR
2149,2024-09-01T00:00:00.000,SIR
1969350,2024-09-01T00:00:00.000,Subway
14939,2024-09-02T00:00:00.000,AAR
874731,2024-09-02T00:00:00.000,BT
629636,2024-09-02T00:00:00.000,Bus
134118,2024-09-02T00:00:00.000,LIRR
95598,2024-09-02T00:00:00.000,MNR
2571,2024-09-02T00:00:00.000,SIR
2007446,2024-09-02T00:00:00.000,Subway
35977,2024-09-03T00:00:00.000,AAR
1001416,2024-09-03T00:00:00.000,BT
1323572,2024-09-03T00:00:00.000,Bus
263763,2024-09-03T00:00:00.000,LIRR
220831,2024-09-03T00:00:00.000,MNR
7337,2024-09-03T00:00:00.000,SIR
3629404,2024-09-03T00:00:00.000,Subway
38623,2024-09-04T00:00:00.000,AAR
941446,2024-09-04T00:00:00.000,BT
1372412,2024-09-04T00:00:00.000,Bus
271660,2024-09-04T00:00:00.000,LIRR
225508,2024-09-04T00:00:00.000,MNR
7588,2024-09-04T00:00:00.000,SIR
3868854,2024-09-04T00:00:00.000,Subway
37475,2024-09-05T00:00:00.000,AAR
972362,2024-09-05T00:00:00.000,BT
1434726,2024-09-05T00:00:00.000,Bus
262639,2024-09-05T00:00:00.000,LIRR
220098,2024-09-05T00:00:00.000,MNR
7475,2024-09-05T00:00:00.000,SIR
4033322,2024-09-05T00:00:00.000,Subway
36478,2024-09-06T00:00:00.000,AAR
991505,2024-09-06T00:00:00.000,BT
1397369,2024-09-06T00:00:00.000,Bus
258126,2024-09-06T00:00:00.000,LIRR
202757,2024-09-06T00:00:00.000,MNR
6606,2024-09-06T00:00:00.000,SIR
3794952,2024-09-06T00:00:00.000,Subway
21477,2024-09-07T00:00:00.000,AAR
909200,2024-09-07T00:00:00.000,BT
841695,2024-09-07T00:00:00.000,Bus
137291,2024-09-07T00:00:00.000,LIRR
105974,2024-09-07T00:00:00.000,MNR
2874,2024-09-07T00:00:00.000,SIR
2479639,2024-09-07T00:00:00.000,Subway
23760,2024-09-08T00:00:00.000,AAR
925130,2024-09-08T00:00:00.000,BT
724969,2024-09-08T00:00:00.000,Bus
120584,2024-09-08T00:00:00.000,LIRR
98767,2024-09-08T00:00:00.000,MNR
2280,2024-09-08T00:00:00.000,SIR
2101048,2024-09-08T00:00:00.000,Subway
35327,2024-09-09T00:00:00.000,AAR
982188,2024-09-09T00:00:00.000,BT
1458059,2024-09-09T00:00:00.000,Bus
247296,2024-09-09T00:00:00.000,LIRR
214384,2024-09-09T00:00:00.000,MNR
7724,2024-09-09T00:00:00.000,SIR
3811344,2024-09-09T00:00:00.000,Subway
38230,2024-09-10T00:00:00.000,AAR
945773,2024-09-10T00:00:00.000,BT
1510358,2024-09-10T00:00:00.000,Bus
263027,2024-09-10T00:00:00.000,LIRR
233290,2024-09-10T00:00:00.000,MNR
8495,2024-09-10T00:00:00.000,SIR
4182405,2024-09-10T00:00:00.000,Subway
39031,2024-09-11T00:00:00.000,AAR
931847,2024-09-11T00:00:00.000,BT
1489570,2024-09-11T00:00:00.000,Bus
263710,2024-09-11T00:00:00.000,LIRR
228252,2024-09-11T00:00:00.000,MNR
9107,2024-09-11T00:00:00.000,SIR
4214707,2024-09-11T00:00:00.000,Subway
38778,2024-09-12T00:00:00.000,AAR
974052,2024-09-12T00:00:00.000,BT
1515496,2024-09-12T00:00:00.000,Bus
263539,2024-09-12T00:00:00.000,LIRR
228985,2024-09-12T00:00:00.000,MNR
8174,2024-09-12T00:00:00.000,SIR
4232214,2024-09-12T00:00:00.000,Subway
37297,2024-09-13T00:00:00.000,AAR
1011476,2024-09-13T00:00:00.000,BT
1442741,2024-09-13T00:00:00.000,Bus
254945,2024-09-13T00:00:00.000,LIRR
219747,2024-09-13T00:00:00.000,MNR
6989,2024-09-13T00:00:00.000,SIR
3911412,2024-09-13T00:00:00.000,Subway
24473,2024-09-14T00:00:00.000,AAR
975176,2024-09-14T00:00:00.000,BT
913017,2024-09-14T00:00:00.000,Bus
145099,2024-09-14T00:00:00.000,LIRR
136864,2024-09-14T00:00:00.000,MNR
3402,2024-09-14T00:00:00.000,SIR
2706474,2024-09-14T00:00:00.000,Subway
24154,2024-09-15T00:00:00.000,AAR
973911,2024-09-15T00:00:00.000,BT
705080,2024-09-15T00:00:00.000,Bus
128174,2024-09-15T00:00:00.000,LIRR
118303,2024-09-15T00:00:00.000,MNR
2605,2024-09-15T00:00:00.000,SIR
2161737,2024-09-15T00:00:00.000,Subway
35319,2024-09-16T00:00:00.000,AAR
1000420,2024-09-16T00:00:00.000,BT
1473843,2024-09-16T00:00:00.000,Bus
254618,2024-09-16T00:00:00.000,LIRR
215601,2024-09-16T00:00:00.000,MNR
7734,2024-09-16T00:00:00.000,SIR
3821428,2024-09-16T00:00:00.000,Subway
38667,2024-09-17T00:00:00.000,AAR
946596,2024-09-17T00:00:00.000,BT
1536675,2024-09-17T00:00:00.000,Bus
268678,2024-09-17T00:00:00.000,LIRR
232809,2024-09-17T00:00:00.000,MNR
8503,2024-09-17T00:00:00.000,SIR
4189311,2024-09-17T00:00:00.000,Subway
39300,2024-09-18T00:00:00.000,AAR
962311,2024-09-18T00:00:00.000,BT
1539412,2024-09-18T00:00:00.000,Bus
281624,2024-09-18T00:00:00.000,LIRR
229697,2024-09-18T00:00:00.000,MNR
8603,2024-09-18T00:00:00.000,SIR
4232888,2024-09-18T00:00:00.000,Subway
38515,2024-09-19T00:00:00.000,AAR
990756,2024-09-19T00:00:00.000,BT
1547727,2024-09-19T00:00:00.000,Bus
272725,2024-09-19T00:00:00.000,LIRR
226944,2024-09-19T00:00:00.000,MNR
8367,2024-09-19T00:00:00.000,SIR
4255184,2024-09-19T00:00:00.000,Subway
36687,2024-09-20T00:00:00.000,AAR
1012498,2024-09-20T00:00:00.000,BT
1471585,2024-09-20T00:00:00.000,Bus
270065,2024-09-20T00:00:00.000,LIRR
215673,2024-09-20T00:00:00.000,MNR
7029,2024-09-20T00:00:00.000,SIR
3933048,2024-09-20T00:00:00.000,Subway
23611,2024-09-21T00:00:00.000,AAR
962349,2024-09-21T00:00:00.000,BT
950423,2024-09-21T00:00:00.000,Bus
160150,2024-09-21T00:00:00.000,LIRR
133469,2024-09-21T00:00:00.000,MNR
3736,2024-09-21T00:00:00.000,SIR
2744632,2024-09-21T00:00:00.000,Subway
23164,2024-09-22T00:00:00.000,AAR
963211,2024-09-22T00:00:00.000,BT
737715,2024-09-22T00:00:00.000,Bus
131192,2024-09-22T00:00:00.000,LIRR
102752,2024-09-22T00:00:00.000,MNR
2560,2024-09-22T00:00:00.000,SIR
2131910,2024-09-22T00:00:00.000,Subway
34543,2024-09-23T00:00:00.000,AAR
992311,2024-09-23T00:00:00.000,BT
1457916,2024-09-23T00:00:00.000,Bus
250701,2024-09-23T00:00:00.000,LIRR
218237,2024-09-23T00:00:00.000,MNR
7994,2024-09-23T00:00:00.000,SIR
3898806,2024-09-23T00:00:00.000,Subway
37488,2024-09-24T00:00:00.000,AAR
925070,2024-09-24T00:00:00.000,BT
1500066,2024-09-24T00:00:00.000,Bus
270524,2024-09-24T00:00:00.000,LIRR
240779,2024-09-24T00:00:00.000,MNR
8938,2024-09-24T00:00:00.000,SIR
4323708,2024-09-24T00:00:00.000,Subway
37829,2024-09-25T00:00:00.000,AAR
941746,2024-09-25T00:00:00.000,BT
1487149,2024-09-25T00:00:00.000,Bus
267471,2024-09-25T00:00:00.000,LIRR
236202,2024-09-25T00:00:00.000,MNR
8904,2024-09-25T00:00:00.000,SIR
4335945,2024-09-25T00:00:00.000,Subway
37117,2024-09-26T00:00:00.000,AAR
954167,2024-09-26T00:00:00.000,BT
1467648,2024-09-26T00:00:00.000,Bus
264141,2024-09-26T00:00:00.000,LIRR
228971,2024-09-26T00:00:00.000,MNR
8216,2024-09-26T00:00:00.000,SIR
4295723,2024-09-26T00:00:00.000,Subway
35968,2024-09-27T00:00:00.000,AAR
1006945,2024-09-27T00:00:00.000,BT
1438524,2024-09-27T00:00:00.000,Bus
258258,2024-09-27T00:00:00.000,LIRR
221034,2024-09-27T00:00:00.000,MNR
6992,2024-09-27T00:00:00.000,SIR
3945383,2024-09-27T00:00:00.000,Subway
22142,2024-09-28T00:00:00.000,AAR
908428,2024-09-28T00:00:00.000,BT
863284,2024-09-28T00:00:00.000,Bus
134408,2024-09-28T00:00:00.000,LIRR
132177,2024-09-28T00:00:00.000,MNR
2928,2024-09-28T00:00:00.000,SIR
2557982,2024-09-28T00:00:00.000,Subway
22340,2024-09-29T00:00:00.000,AAR
881904,2024-09-29T00:00:00.000,BT
664367,2024-09-29T00:00:00.000,Bus
117572,2024-09-29T00:00:00.000,LIRR
102805,2024-09-29T00:00:00.000,MNR
2782,2024-09-29T00:00:00.000,SIR
1959363,2024-09-29T00:00:00.000,Subway
34701,2024-09-30T00:00:00.000,AAR
969944,2024-09-30T00:00:00.000,BT
1486507,2024-09-30T00:00:00.000,Bus
256547,2024-09-30T00:00:00.000,LIRR
217897,2024-09-30T00:00:00.000,MNR
7845,2024-09-30T00:00:00.000,SIR
3849138,2024-09-30T00:00:00.000,Subway
38299,2024-10-01T00:00:00.000,AAR
922207,2024-10-01T00:00:00.000,BT
1546620,2024-10-01T00:00:00.000,Bus
247737,2024-10-01T00:00:00.000,LIRR
218836,2024-10-01T00:00:00.000,MNR
9716,2024-10-01T00:00:00.000,SIR
4179363,2024-10-01T00:00:00.000,Subway
38330,2024-10-02T00:00:00.000,AAR
942611,2024-10-02T00:00:00.000,BT
1504660,2024-10-02T00:00:00.000,Bus
258854,2024-10-02T00:00:00.000,LIRR
227124,2024-10-02T00:00:00.000,MNR
9543,2024-10-02T00:00:00.000,SIR
4068073,2024-10-02T00:00:00.000,Subway
35952,2024-10-03T00:00:00.000,AAR
918622,2024-10-03T00:00:00.000,BT
1333760,2024-10-03T00:00:00.000,Bus
246586,2024-10-03T00:00:00.000,LIRR
217197,2024-10-03T00:00:00.000,MNR
7273,2024-10-03T00:00:00.000,SIR
3627528,2024-10-03T00:00:00.000,Subway
35371,2024-10-04T00:00:00.000,AAR
940591,2024-10-04T00:00:00.000,BT
1313232,2024-10-04T00:00:00.000,Bus
251723,2024-10-04T00:00:00.000,LIRR
215328,2024-10-04T00:00:00.000,MNR
6361,2024-10-04T00:00:00.000,SIR
3506654,2024-10-04T00:00:00.000,Subway
23775,2024-10-05T00:00:00.000,AAR
920320,2024-10-05T00:00:00.000,BT
953356,2024-10-05T00:00:00.000,Bus
142657,2024-10-05T00:00:00.000,LIRR
148928,2024-10-05T00:00:00.000,MNR
4086,2024-10-05T00:00:00.000,SIR
2710146,2024-10-05T00:00:00.000,Subway
23677,2024-10-06T00:00:00.000,AAR
949503,2024-10-06T00:00:00.000,BT
737760,2024-10-06T00:00:00.000,Bus
111257,2024-10-06T00:00:00.000,LIRR
105906,2024-10-06T00:00:00.000,MNR
2534,2024-10-06T00:00:00.000,SIR
2065294,2024-10-06T00:00:00.000,Subway
35754,2024-10-07T00:00:00.000,AAR
970083,2024-10-07T00:00:00.000,BT
1478576,2024-10-07T00:00:00.000,Bus
250063,2024-10-07T00:00:00.000,LIRR
220335,2024-10-07T00:00:00.000,MNR
8833,2024-10-07T00:00:00.000,SIR
3847055,2024-10-07T00:00:00.000,Subway
39100,2024-10-08T00:00:00.000,AAR
937534,2024-10-08T00:00:00.000,BT
1554839,2024-10-08T00:00:00.000,Bus
275934,2024-10-08T00:00:00.000,LIRR
235974,2024-10-08T00:00:00.000,MNR
10259,2024-10-08T00:00:00.000,SIR
4256950,2024-10-08T00:00:00.000,Subway
39877,2024-10-09T00:00:00.000,AAR
952609,2024-10-09T00:00:00.000,BT
1555422,2024-10-09T00:00:00.000,Bus
275026,2024-10-09T00:00:00.000,LIRR
234694,2024-10-09T00:00:00.000,MNR
9926,2024-10-09T00:00:00.000,SIR
4313211,2024-10-09T00:00:00.000,Subway
38911,2024-10-10T00:00:00.000,AAR
985100,2024-10-10T00:00:00.000,BT
1534201,2024-10-10T00:00:00.000,Bus
272428,2024-10-10T00:00:00.000,LIRR
233710,2024-10-10T00:00:00.000,MNR
9495,2024-10-10T00:00:00.000,SIR
4329161,2024-10-10T00:00:00.000,Subway
37027,2024-10-11T00:00:00.000,AAR
1010787,2024-10-11T00:00:00.000,BT
1435476,2024-10-11T00:00:00.000,Bus
257460,2024-10-11T00:00:00.000,LIRR
224122,2024-10-11T00:00:00.000,MNR
7977,2024-10-11T00:00:00.000,SIR
3868564,2024-10-11T00:00:00.000,Subway
23525,2024-10-12T00:00:00.000,AAR
940161,2024-10-12T00:00:00.000,BT
940999,2024-10-12T00:00:00.000,Bus
149093,2024-10-12T00:00:00.000,LIRR
144234,2024-10-12T00:00:00.000,MNR
3409,2024-10-12T00:00:00.000,SIR
2587128,2024-10-12T00:00:00.000,Subway
23354,2024-10-13T00:00:00.000,AAR
936300,2024-10-13T00:00:00.000,BT
744866,2024-10-13T00:00:00.000,Bus
127619,2024-10-13T00:00:00.000,LIRR
120235,2024-10-13T00:00:00.000,MNR
3574,2024-10-13T00:00:00.000,SIR
2153429,2024-10-13T00:00:00.000,Subway
26827,2024-10-14T00:00:00.000,AAR
950938,2024-10-14T00:00:00.000,BT
1076828,2024-10-14T00:00:00.000,Bus
240501,2024-10-14T00:00:00.000,LIRR
225263,2024-10-14T00:00:00.000,MNR
5124,2024-10-14T00:00:00.000,SIR
3066851,2024-10-14T00:00:00.000,Subway
38788,2024-10-15T00:00:00.000,AAR
961636,2024-10-15T00:00:00.000,BT
1487706,2024-10-15T00:00:00.000,Bus
270652,2024-10-15T00:00:00.000,LIRR
249266,2024-10-15T00:00:00.000,MNR
9369,2024-10-15T00:00:00.000,SIR
4284818,2024-10-15T00:00:00.000,Subway
39579,2024-10-16T00:00:00.000,AAR
957502,2024-10-16T00:00:00.000,BT
1495298,2024-10-16T00:00:00.000,Bus
279608,2024-10-16T00:00:00.000,LIRR
236091,2024-10-16T00:00:00.000,MNR
9783,2024-10-16T00:00:00.000,SIR
4357117,2024-10-16T00:00:00.000,Subway
37093,2024-10-17T00:00:00.000,AAR
937301,2024-10-17T00:00:00.000,BT
1496057,2024-10-17T00:00:00.000,Bus
277906,2024-10-17T00:00:00.000,LIRR
237000,2024-10-17T00:00:00.000,MNR
9362,2024-10-17T00:00:00.000,SIR
4309633,2024-10-17T00:00:00.000,Subway
36732,2024-10-18T00:00:00.000,AAR
972873,2024-10-18T00:00:00.000,BT
1443165,2024-10-18T00:00:00.000,Bus
272133,2024-10-18T00:00:00.000,LIRR
229999,2024-10-18T00:00:00.000,MNR
8258,2024-10-18T00:00:00.000,SIR
4030998,2024-10-18T00:00:00.000,Subway
24053,2024-10-19T00:00:00.000,AAR
961729,2024-10-19T00:00:00.000,BT
930951,2024-10-19T00:00:00.000,Bus
156212,2024-10-19T00:00:00.000,LIRR
147214,2024-10-19T00:00:00.000,MNR
3588,2024-10-19T00:00:00.000,SIR
2752350,2024-10-19T00:00:00.000,Subway
24069,2024-10-20T00:00:00.000,AAR
957591,2024-10-20T00:00:00.000,BT
733271,2024-10-20T00:00:00.000,Bus
127452,2024-10-20T00:00:00.000,LIRR
122789,2024-10-20T00:00:00.000,MNR
2606,2024-10-20T00:00:00.000,SIR
2176476,2024-10-20T00:00:00.000,Subway
35133,2024-10-21T00:00:00.000,AAR
996127,2024-10-21T00:00:00.000,BT
1471964,2024-10-21T00:00:00.000,Bus
247857,2024-10-21T00:00:00.000,LIRR
219983,2024-10-21T00:00:00.000,MNR
8975,2024-10-21T00:00:00.000,SIR
3842315,2024-10-21T00:00:00.000,Subway
38656,2024-10-22T00:00:00.000,AAR
933638,2024-10-22T00:00:00.000,BT
1528809,2024-10-22T00:00:00.000,Bus
268294,2024-10-22T00:00:00.000,LIRR
237771,2024-10-22T00:00:00.000,MNR
9628,2024-10-22T00:00:00.000,SIR
4218881,2024-10-22T00:00:00.000,Subway
39211,2024-10-23T00:00:00.000,AAR
938321,2024-10-23T00:00:00.000,BT
1537563,2024-10-23T00:00:00.000,Bus
257031,2024-10-23T00:00:00.000,LIRR
233881,2024-10-23T00:00:00.000,MNR
9629,2024-10-23T00:00:00.000,SIR
4276606,2024-10-23T00:00:00.000,Subway
36754,2024-10-24T00:00:00.000,AAR
919703,2024-10-24T00:00:00.000,BT
1484054,2024-10-24T00:00:00.000,Bus
260193,2024-10-24T00:00:00.000,LIRR
232459,2024-10-24T00:00:00.000,MNR
9653,2024-10-24T00:00:00.000,SIR
4304831,2024-10-24T00:00:00.000,Subway
36635,2024-10-25T00:00:00.000,AAR
969019,2024-10-25T00:00:00.000,BT
1376080,2024-10-25T00:00:00.000,Bus
262815,2024-10-25T00:00:00.000,LIRR
223941,2024-10-25T00:00:00.000,MNR
8083,2024-10-25T00:00:00.000,SIR
4019790,2024-10-25T00:00:00.000,Subway
24066,2024-10-26T00:00:00.000,AAR
955251,2024-10-26T00:00:00.000,BT
960099,2024-10-26T00:00:00.000,Bus
143111,2024-10-26T00:00:00.000,LIRR
148103,2024-10-26T00:00:00.000,MNR
3423,2024-10-26T00:00:00.000,SIR
2828539,2024-10-26T00:00:00.000,Subway
23888,2024-10-27T00:00:00.000,AAR
954786,2024-10-27T00:00:00.000,BT
740417,2024-10-27T00:00:00.000,Bus
120849,2024-10-27T00:00:00.000,LIRR
115917,2024-10-27T00:00:00.000,MNR
2556,2024-10-27T00:00:00.000,SIR
2208683,2024-10-27T00:00:00.000,Subway
35666,2024-10-28T00:00:00.000,AAR
976050,2024-10-28T00:00:00.000,BT
1473020,2024-10-28T00:00:00.000,Bus
253923,2024-10-28T00:00:00.000,LIRR
229873,2024-10-28T00:00:00.000,MNR
8936,2024-10-28T00:00:00.000,SIR
3983168,2024-10-28T00:00:00.000,Subway
38621,2024-10-29T00:00:00.000,AAR
937471,2024-10-29T00:00:00.000,BT
1514830,2024-10-29T00:00:00.000,Bus
272526,2024-10-29T00:00:00.000,LIRR
249585,2024-10-29T00:00:00.000,MNR
9803,2024-10-29T00:00:00.000,SIR
4378791,2024-10-29T00:00:00.000,Subway
40468,2024-10-30T00:00:00.000,AAR
963852,2024-10-30T00:00:00.000,BT
1533630,2024-10-30T00:00:00.000,Bus
267007,2024-10-30T00:00:00.000,LIRR
246035,2024-10-30T00:00:00.000,MNR
9878,2024-10-30T00:00:00.000,SIR
4417951,2024-10-30T00:00:00.000,Subway
37639,2024-10-31T00:00:00.000,AAR
954058,2024-10-31T00:00:00.000,BT
1423507,2024-10-31T00:00:00.000,Bus
257756,2024-10-31T00:00:00.000,LIRR
221856,2024-10-31T00:00:00.000,MNR
8741,2024-10-31T00:00:00.000,SIR
4340272,2024-10-31T00:00:00.000,Subway
37306,2024-11-01T00:00:00.000,AAR
982010,2024-11-01T00:00:00.000,BT
1290003,2024-11-01T00:00:00.000,Bus
213535,2024-11-01T00:00:00.000,LIRR
185052,2024-11-01T00:00:00.000,MNR
6363,2024-11-01T00:00:00.000,SIR
3780874,2024-11-01T00:00:00.000,Subway
24481,2024-11-02T00:00:00.000,AAR
914341,2024-11-02T00:00:00.000,BT
924453,2024-11-02T00:00:00.000,Bus
138761,2024-11-02T00:00:00.000,LIRR
134522,2024-11-02T00:00:00.000,MNR
3273,2024-11-02T00:00:00.000,SIR
2817106,2024-11-02T00:00:00.000,Subway
21758,2024-11-03T00:00:00.000,AAR
785770,2024-11-03T00:00:00.000,BT
647668,2024-11-03T00:00:00.000,Bus
132720,2024-11-03T00:00:00.000,LIRR
123028,2024-11-03T00:00:00.000,MNR
4095,2024-11-03T00:00:00.000,SIR
2602870,2024-11-03T00:00:00.000,Subway
36716,2024-11-04T00:00:00.000,AAR
948065,2024-11-04T00:00:00.000,BT
1450761,2024-11-04T00:00:00.000,Bus
243884,2024-11-04T00:00:00.000,LIRR
216014,2024-11-04T00:00:00.000,MNR
7765,2024-11-04T00:00:00.000,SIR
3949699,2024-11-04T00:00:00.000,Subway
36106,2024-11-05T00:00:00.000,AAR
870361,2024-11-05T00:00:00.000,BT
1321929,2024-11-05T00:00:00.000,Bus
244078,2024-11-05T00:00:00.000,LIRR
213516,2024-11-05T00:00:00.000,MNR
6691,2024-11-05T00:00:00.000,SIR
3640246,2024-11-05T00:00:00.000,Subway
40044,2024-11-06T00:00:00.000,AAR
913958,2024-11-06T00:00:00.000,BT
1490566,2024-11-06T00:00:00.000,Bus
256311,2024-11-06T00:00:00.000,LIRR
221461,2024-11-06T00:00:00.000,MNR
8324,2024-11-06T00:00:00.000,SIR
4113411,2024-11-06T00:00:00.000,Subway
39248,2024-11-07T00:00:00.000,AAR
945350,2024-11-07T00:00:00.000,BT
1499670,2024-11-07T00:00:00.000,Bus
259228,2024-11-07T00:00:00.000,LIRR
226007,2024-11-07T00:00:00.000,MNR
8177,2024-11-07T00:00:00.000,SIR
4232190,2024-11-07T00:00:00.000,Subway
38062,2024-11-08T00:00:00.000,AAR
978132,2024-11-08T00:00:00.000,BT
1428851,2024-11-08T00:00:00.000,Bus
245087,2024-11-08T00:00:00.000,LIRR
213611,2024-11-08T00:00:00.000,MNR
7038,2024-11-08T00:00:00.000,SIR
3971878,2024-11-08T00:00:00.000,Subway
24198,2024-11-09T00:00:00.000,AAR
907965,2024-11-09T00:00:00.000,BT
920210,2024-11-09T00:00:00.000,Bus
133329,2024-11-09T00:00:00.000,LIRR
134651,2024-11-09T00:00:00.000,MNR
3270,2024-11-09T00:00:00.000,SIR
2770474,2024-11-09T00:00:00.000,Subway
23972,2024-11-10T00:00:00.000,AAR
904643,2024-11-10T00:00:00.000,BT
713083,2024-11-10T00:00:00.000,Bus
105256,2024-11-10T00:00:00.000,LIRR
103048,2024-11-10T00:00:00.000,MNR
2321,2024-11-10T00:00:00.000,SIR
2117144,2024-11-10T00:00:00.000,Subway
28032,2024-11-11T00:00:00.000,AAR
901709,2024-11-11T00:00:00.000,BT
1173328,2024-11-11T00:00:00.000,Bus
236005,2024-11-11T00:00:00.000,LIRR
206579,2024-11-11T00:00:00.000,MNR
5534,2024-11-11T00:00:00.000,SIR
3277617,2024-11-11T00:00:00.000,Subway
39828,2024-11-12T00:00:00.000,AAR
916605,2024-11-12T00:00:00.000,BT
1487306,2024-11-12T00:00:00.000,Bus
264372,2024-11-12T00:00:00.000,LIRR
234752,2024-11-12T00:00:00.000,MNR
8595,2024-11-12T00:00:00.000,SIR
4263199,2024-11-12T00:00:00.000,Subway
41143,2024-11-13T00:00:00.000,AAR
937010,2024-11-13T00:00:00.000,BT
1496105,2024-11-13T00:00:00.000,Bus
257349,2024-11-13T00:00:00.000,LIRR
229455,2024-11-13T00:00:00.000,MNR
8342,2024-11-13T00:00:00.000,SIR
4331024,2024-11-13T00:00:00.000,Subway
40039,2024-11-14T00:00:00.000,AAR
954390,2024-11-14T00:00:00.000,BT
1476496,2024-11-14T00:00:00.000,Bus
251765,2024-11-14T00:00:00.000,LIRR
217969,2024-11-14T00:00:00.000,MNR
8022,2024-11-14T00:00:00.000,SIR
4296568,2024-11-14T00:00:00.000,Subway
39068,2024-11-15T00:00:00.000,AAR
981172,2024-11-15T00:00:00.000,BT
1386340,2024-11-15T00:00:00.000,Bus
247886,2024-11-15T00:00:00.000,LIRR
214139,2024-11-15T00:00:00.000,MNR
6829,2024-11-15T00:00:00.000,SIR
3986526,2024-11-15T00:00:00.000,Subway
24556,2024-11-16T00:00:00.000,AAR
896003,2024-11-16T00:00:00.000,BT
919983,2024-11-16T00:00:00.000,Bus
137240,2024-11-16T00:00:00.000,LIRR
132742,2024-11-16T00:00:00.000,MNR
3013,2024-11-16T00:00:00.000,SIR
2789132,2024-11-16T00:00:00.000,Subway
24320,2024-11-17T00:00:00.000,AAR
904545,2024-11-17T00:00:00.000,BT
719084,2024-11-17T00:00:00.000,Bus
118405,2024-11-17T00:00:00.000,LIRR
101707,2024-11-17T00:00:00.000,MNR
2403,2024-11-17T00:00:00.000,SIR
2101806,2024-11-17T00:00:00.000,Subway
36682,2024-11-18T00:00:00.000,AAR
945398,2024-11-18T00:00:00.000,BT
1442803,2024-11-18T00:00:00.000,Bus
246602,2024-11-18T00:00:00.000,LIRR
214015,2024-11-18T00:00:00.000,MNR
7739,2024-11-18T00:00:00.000,SIR
3900958,2024-11-18T00:00:00.000,Subway
39803,2024-11-19T00:00:00.000,AAR
917863,2024-11-19T00:00:00.000,BT
1504152,2024-11-19T00:00:00.000,Bus
260621,2024-11-19T00:00:00.000,LIRR
235198,2024-11-19T00:00:00.000,MNR
8396,2024-11-19T00:00:00.000,SIR
4277932,2024-11-19T00:00:00.000,Subway
41321,2024-11-20T00:00:00.000,AAR
950436,2024-11-20T00:00:00.000,BT
1508975,2024-11-20T00:00:00.000,Bus
261795,2024-11-20T00:00:00.000,LIRR
232558,2024-11-20T00:00:00.000,MNR
8694,2024-11-20T00:00:00.000,SIR
4298945,2024-11-20T00:00:00.000,Subway
38930,2024-11-21T00:00:00.000,AAR
924086,2024-11-21T00:00:00.000,BT
1352576,2024-11-21T00:00:00.000,Bus
247779,2024-11-21T00:00:00.000,LIRR
217248,2024-11-21T00:00:00.000,MNR
7755,2024-11-21T00:00:00.000,SIR
4217744,2024-11-21T00:00:00.000,Subway
37694,2024-11-22T00:00:00.000,AAR
958326,2024-11-22T00:00:00.000,BT
1304306,2024-11-22T00:00:00.000,Bus
240803,2024-11-22T00:00:00.000,LIRR
205229,2024-11-22T00:00:00.000,MNR
6493,2024-11-22T00:00:00.000,SIR
3854860,2024-11-22T00:00:00.000,Subway
23654,2024-11-23T00:00:00.000,AAR
898646,2024-11-23T00:00:00.000,BT
903100,2024-11-23T00:00:00.000,Bus
144950,2024-11-23T00:00:00.000,LIRR
134514,2024-11-23T00:00:00.000,MNR
3057,2024-11-23T00:00:00.000,SIR
2720244,2024-11-23T00:00:00.000,Subway
24470,2024-11-24T00:00:00.000,AAR
894741,2024-11-24T00:00:00.000,BT
712523,2024-11-24T00:00:00.000,Bus
115037,2024-11-24T00:00:00.000,LIRR
104157,2024-11-24T00:00:00.000,MNR
2333,2024-11-24T00:00:00.000,SIR
2075015,2024-11-24T00:00:00.000,Subway
37257,2024-11-25T00:00:00.000,AAR
942589,2024-11-25T00:00:00.000,BT
1440435,2024-11-25T00:00:00.000,Bus
259180,2024-11-25T00:00:00.000,LIRR
221649,2024-11-25T00:00:00.000,MNR
8190,2024-11-25T00:00:00.000,SIR
3914213,2024-11-25T00:00:00.000,Subway
39718,2024-11-26T00:00:00.000,AAR
948026,2024-11-26T00:00:00.000,BT
1412275,2024-11-26T00:00:00.000,Bus
263231,2024-11-26T00:00:00.000,LIRR
233673,2024-11-26T00:00:00.000,MNR
8100,2024-11-26T00:00:00.000,SIR
4030009,2024-11-26T00:00:00.000,Subway
35540,2024-11-27T00:00:00.000,AAR
1009287,2024-11-27T00:00:00.000,BT
1370366,2024-11-27T00:00:00.000,Bus
284694,2024-11-27T00:00:00.000,LIRR
243529,2024-11-27T00:00:00.000,MNR
7495,2024-11-27T00:00:00.000,SIR
3710430,2024-11-27T00:00:00.000,Subway
26674,2024-11-28T00:00:00.000,AAR
825632,2024-11-28T00:00:00.000,BT
462819,2024-11-28T00:00:00.000,Bus
115895,2024-11-28T00:00:00.000,LIRR
103402,2024-11-28T00:00:00.000,MNR
2095,2024-11-28T00:00:00.000,SIR
1513447,2024-11-28T00:00:00.000,Subway
19887,2024-11-29T00:00:00.000,AAR
917783,2024-11-29T00:00:00.000,BT
910730,2024-11-29T00:00:00.000,Bus
243219,2024-11-29T00:00:00.000,LIRR
219251,2024-11-29T00:00:00.000,MNR
4139,2024-11-29T00:00:00.000,SIR
2677499,2024-11-29T00:00:00.000,Subway
19542,2024-11-30T00:00:00.000,AAR
834865,2024-11-30T00:00:00.000,BT
787685,2024-11-30T00:00:00.000,Bus
148820,2024-11-30T00:00:00.000,LIRR
135368,2024-11-30T00:00:00.000,MNR
2916,2024-11-30T00:00:00.000,SIR
2319981,2024-11-30T00:00:00.000,Subway
22046,2024-12-01T00:00:00.000,AAR
924604,2024-12-01T00:00:00.000,BT
629660,2024-12-01T00:00:00.000,Bus
116806,2024-12-01T00:00:00.000,LIRR
103768,2024-12-01T00:00:00.000,MNR
2006,2024-12-01T00:00:00.000,SIR
1893492,2024-12-01T00:00:00.000,Subway
36224,2024-12-02T00:00:00.000,AAR
981752,2024-12-02T00:00:00.000,BT
1371135,2024-12-02T00:00:00.000,Bus
240375,2024-12-02T00:00:00.000,LIRR
209021,2024-12-02T00:00:00.000,MNR
7622,2024-12-02T00:00:00.000,SIR
3813795,2024-12-02T00:00:00.000,Subway
40193,2024-12-03T00:00:00.000,AAR
938406,2024-12-03T00:00:00.000,BT
1455281,2024-12-03T00:00:00.000,Bus
266544,2024-12-03T00:00:00.000,LIRR
234201,2024-12-03T00:00:00.000,MNR
8289,2024-12-03T00:00:00.000,SIR
4240442,2024-12-03T00:00:00.000,Subway
41858,2024-12-04T00:00:00.000,AAR
945115,2024-12-04T00:00:00.000,BT
1446527,2024-12-04T00:00:00.000,Bus
254632,2024-12-04T00:00:00.000,LIRR
224379,2024-12-04T00:00:00.000,MNR
8265,2024-12-04T00:00:00.000,SIR
4374883,2024-12-04T00:00:00.000,Subway
39358,2024-12-05T00:00:00.000,AAR
944433,2024-12-05T00:00:00.000,BT
1401376,2024-12-05T00:00:00.000,Bus
254255,2024-12-05T00:00:00.000,LIRR
215246,2024-12-05T00:00:00.000,MNR
7971,2024-12-05T00:00:00.000,SIR
4354863,2024-12-05T00:00:00.000,Subway
38598,2024-12-06T00:00:00.000,AAR
981268,2024-12-06T00:00:00.000,BT
1340421,2024-12-06T00:00:00.000,Bus
242555,2024-12-06T00:00:00.000,LIRR
206009,2024-12-06T00:00:00.000,MNR
6812,2024-12-06T00:00:00.000,SIR
4121085,2024-12-06T00:00:00.000,Subway
24071,2024-12-07T00:00:00.000,AAR
899814,2024-12-07T00:00:00.000,BT
883693,2024-12-07T00:00:00.000,Bus
149946,2024-12-07T00:00:00.000,LIRR
139193,2024-12-07T00:00:00.000,MNR
2926,2024-12-07T00:00:00.000,SIR
3017208,2024-12-07T00:00:00.000,Subway
24671,2024-12-08T00:00:00.000,AAR
889613,2024-12-08T00:00:00.000,BT
708798,2024-12-08T00:00:00.000,Bus
122147,2024-12-08T00:00:00.000,LIRR
107390,2024-12-08T00:00:00.000,MNR
2395,2024-12-08T00:00:00.000,SIR
2348950,2024-12-08T00:00:00.000,Subway
36847,2024-12-09T00:00:00.000,AAR
935878,2024-12-09T00:00:00.000,BT
1369917,2024-12-09T00:00:00.000,Bus
243001,2024-12-09T00:00:00.000,LIRR
211638,2024-12-09T00:00:00.000,MNR
7292,2024-12-09T00:00:00.000,SIR
3941361,2024-12-09T00:00:00.000,Subway
40973,2024-12-10T00:00:00.000,AAR
920508,2024-12-10T00:00:00.000,BT
1444209,2024-12-10T00:00:00.000,Bus
265077,2024-12-10T00:00:00.000,LIRR
234161,2024-12-10T00:00:00.000,MNR
8214,2024-12-10T00:00:00.000,SIR
4374063,2024-12-10T00:00:00.000,Subway
39455,2024-12-11T00:00:00.000,AAR
910431,2024-12-11T00:00:00.000,BT
1353141,2024-12-11T00:00:00.000,Bus
253052,2024-12-11T00:00:00.000,LIRR
222538,2024-12-11T00:00:00.000,MNR
7923,2024-12-11T00:00:00.000,SIR
4255328,2024-12-11T00:00:00.000,Subway
41074,2024-12-12T00:00:00.000,AAR
964216,2024-12-12T00:00:00.000,BT
1431599,2024-12-12T00:00:00.000,Bus
269149,2024-12-12T00:00:00.000,LIRR
236210,2024-12-12T00:00:00.000,MNR
8108,2024-12-12T00:00:00.000,SIR
4527892,2024-12-12T00:00:00.000,Subway
39020,2024-12-13T00:00:00.000,AAR
1017449,2024-12-13T00:00:00.000,BT
1347451,2024-12-13T00:00:00.000,Bus
248254,2024-12-13T00:00:00.000,LIRR
222096,2024-12-13T00:00:00.000,MNR
6931,2024-12-13T00:00:00.000,SIR
4178812,2024-12-13T00:00:00.000,Subway
25602,2024-12-14T00:00:00.000,AAR
920941,2024-12-14T00:00:00.000,BT
882335,2024-12-14T00:00:00.000,Bus
161398,2024-12-14T00:00:00.000,LIRR
159083,2024-12-14T00:00:00.000,MNR
3452,2024-12-14T00:00:00.000,SIR
3123454,2024-12-14T00:00:00.000,Subway
24831,2024-12-15T00:00:00.000,AAR
922597,2024-12-15T00:00:00.000,BT
694080,2024-12-15T00:00:00.000,Bus
120386,2024-12-15T00:00:00.000,LIRR
108880,2024-12-15T00:00:00.000,MNR
2376,2024-12-15T00:00:00.000,SIR
2337436,2024-12-15T00:00:00.000,Subway
37015,2024-12-16T00:00:00.000,AAR
928751,2024-12-16T00:00:00.000,BT
1277624,2024-12-16T00:00:00.000,Bus
239706,2024-12-16T00:00:00.000,LIRR
206160,2024-12-16T00:00:00.000,MNR
7096,2024-12-16T00:00:00.000,SIR
3866550,2024-12-16T00:00:00.000,Subway
40830,2024-12-17T00:00:00.000,AAR
931210,2024-12-17T00:00:00.000,BT
1457557,2024-12-17T00:00:00.000,Bus
266960,2024-12-17T00:00:00.000,LIRR
237348,2024-12-17T00:00:00.000,MNR
8439,2024-12-17T00:00:00.000,SIR
4341385,2024-12-17T00:00:00.000,Subway
41792,2024-12-18T00:00:00.000,AAR
961871,2024-12-18T00:00:00.000,BT
1430923,2024-12-18T00:00:00.000,Bus
266741,2024-12-18T00:00:00.000,LIRR
229302,2024-12-18T00:00:00.000,MNR
8068,2024-12-18T00:00:00.000,SIR
4292792,2024-12-18T00:00:00.000,Subway
40565,2024-12-19T00:00:00.000,AAR
989078,2024-12-19T00:00:00.000,BT
1431183,2024-12-19T00:00:00.000,Bus
267033,2024-12-19T00:00:00.000,LIRR
227613,2024-12-19T00:00:00.000,MNR
7861,2024-12-19T00:00:00.000,SIR
4255466,2024-12-19T00:00:00.000,Subway
38582,2024-12-20T00:00:00.000,AAR
991613,2024-12-20T00:00:00.000,BT
1296068,2024-12-20T00:00:00.000,Bus
247250,2024-12-20T00:00:00.000,LIRR
213269,2024-12-20T00:00:00.000,MNR
6493,2024-12-20T00:00:00.000,SIR
3842344,2024-12-20T00:00:00.000,Subway
23289,2024-12-21T00:00:00.000,AAR
885255,2024-12-21T00:00:00.000,BT
788267,2024-12-21T00:00:00.000,Bus
147327,2024-12-21T00:00:00.000,LIRR
138248,2024-12-21T00:00:00.000,MNR
2973,2024-12-21T00:00:00.000,SIR
2645323,2024-12-21T00:00:00.000,Subway
23526,2024-12-22T00:00:00.000,AAR
865586,2024-12-22T00:00:00.000,BT
607735,2024-12-22T00:00:00.000,Bus
121379,2024-12-22T00:00:00.000,LIRR
110023,2024-12-22T00:00:00.000,MNR
2330,2024-12-22T00:00:00.000,SIR
2061173,2024-12-22T00:00:00.000,Subway
33496,2024-12-23T00:00:00.000,AAR
939567,2024-12-23T00:00:00.000,BT
1087369,2024-12-23T00:00:00.000,Bus
253495,2024-12-23T00:00:00.000,LIRR
210375,2024-12-23T00:00:00.000,MNR
5776,2024-12-23T00:00:00.000,SIR
3216875,2024-12-23T00:00:00.000,Subway
29443,2024-12-24T00:00:00.000,AAR
882829,2024-12-24T00:00:00.000,BT
906044,2024-12-24T00:00:00.000,Bus
211807,2024-12-24T00:00:00.000,LIRR
173267,2024-12-24T00:00:00.000,MNR
4272,2024-12-24T00:00:00.000,SIR
2546394,2024-12-24T00:00:00.000,Subway
18972,2024-12-25T00:00:00.000,AAR
739923,2024-12-25T00:00:00.000,BT
417229,2024-12-25T00:00:00.000,Bus
87185,2024-12-25T00:00:00.000,LIRR
66693,2024-12-25T00:00:00.000,MNR
1848,2024-12-25T00:00:00.000,SIR
1378374,2024-12-25T00:00:00.000,Subway
25211,2024-12-26T00:00:00.000,AAR
905778,2024-12-26T00:00:00.000,BT
982867,2024-12-26T00:00:00.000,Bus
240534,2024-12-26T00:00:00.000,LIRR
203127,2024-12-26T00:00:00.000,MNR
5222,2024-12-26T00:00:00.000,SIR
2852679,2024-12-26T00:00:00.000,Subway
30638,2024-12-27T00:00:00.000,AAR
898211,2024-12-27T00:00:00.000,BT
1058666,2024-12-27T00:00:00.000,Bus
254609,2024-12-27T00:00:00.000,LIRR
225114,2024-12-27T00:00:00.000,MNR
5656,2024-12-27T00:00:00.000,SIR
3161486,2024-12-27T00:00:00.000,Subway
19881,2024-12-28T00:00:00.000,AAR
803523,2024-12-28T00:00:00.000,BT
726217,2024-12-28T00:00:00.000,Bus
139519,2024-12-28T00:00:00.000,LIRR
119418,2024-12-28T00:00:00.000,MNR
2757,2024-12-28T00:00:00.000,SIR
2268511,2024-12-28T00:00:00.000,Subway
22149,2024-12-29T00:00:00.000,AAR
824368,2024-12-29T00:00:00.000,BT
664694,2024-12-29T00:00:00.000,Bus
127153,2024-12-29T00:00:00.000,LIRR
107415,2024-12-29T00:00:00.000,MNR
2629,2024-12-29T00:00:00.000,SIR
2122120,2024-12-29T00:00:00.000,Subway
31713,2024-12-30T00:00:00.000,AAR
914881,2024-12-30T00:00:00.000,BT
1111524,2024-12-30T00:00:00.000,Bus
248532,2024-12-30T00:00:00.000,LIRR
209077,2024-12-30T00:00:00.000,MNR
6159,2024-12-30T00:00:00.000,SIR
3316046,2024-12-30T00:00:00.000,Subway
31482,2024-12-31T00:00:00.000,AAR
825515,2024-12-31T00:00:00.000,BT
985813,2024-12-31T00:00:00.000,Bus
223942,2024-12-31T00:00:00.000,LIRR
186037,2024-12-31T00:00:00.000,MNR
4926,2024-12-31T00:00:00.000,SIR
2874166,2024-12-31T00:00:00.000,Subway
12417,2025-01-01T00:00:00.000,AAR
712799,2025-01-01T00:00:00.000,BT
496604,2025-01-01T00:00:00.000,Bus
90318,2025-01-01T00:00:00.000,LIRR
74690,2025-01-01T00:00:00.000,MNR
2040,2025-01-01T00:00:00.000,SIR
1779501,2025-01-01T00:00:00.000,Subway
31265,2025-01-02T00:00:00.000,AAR
829450,2025-01-02T00:00:00.000,BT
1208636,2025-01-02T00:00:00.000,Bus
210914,2025-01-02T00:00:00.000,LIRR
165475,2025-01-02T00:00:00.000,MNR
6548,2025-01-02T00:00:00.000,SIR
3377364,2025-01-02T00:00:00.000,Subway
35900,2025-01-03T00:00:00.000,AAR
839912,2025-01-03T00:00:00.000,BT
1234565,2025-01-03T00:00:00.000,Bus
203652,2025-01-03T00:00:00.000,LIRR
163577,2025-01-03T00:00:00.000,MNR
6243,2025-01-03T00:00:00.000,SIR
3413456,2025-01-03T00:00:00.000,Subway
21999,2025-01-04T00:00:00.000,AAR
764483,2025-01-04T00:00:00.000,BT
781198,2025-01-04T00:00:00.000,Bus
117004,2025-01-04T00:00:00.000,LIRR
100579,2025-01-04T00:00:00.000,MNR
2673,2025-01-04T00:00:00.000,SIR
2315791,2025-01-04T00:00:00.000,Subway
23665,2025-01-05T00:00:00.000,AAR
756852,2025-01-05T00:00:00.000,BT
626644,2025-01-05T00:00:00.000,Bus
474551,2025-01-05T00:00:00.000,CBD Entries
417890,2025-01-05T00:00:00.000,CRZ Entries
96683,2025-01-05T00:00:00.000,LIRR
79761,2025-01-05T00:00:00.000,MNR
2039,2025-01-05T00:00:00.000,SIR
1791537,2025-01-05T00:00:00.000,Subway
35840,2025-01-06T00:00:00.000,AAR
824148,2025-01-06T00:00:00.000,BT
1270655,2025-01-06T00:00:00.000,Bus
494915,2025-01-06T00:00:00.000,CBD Entries
437698,2025-01-06T00:00:00.000,CRZ Entries
229503,2025-01-06T00:00:00.000,LIRR
202575,2025-01-06T00:00:00.000,MNR
6888,2025-01-06T00:00:00.000,SIR
3437198,2025-01-06T00:00:00.000,Subway
38048,2025-01-07T00:00:00.000,AAR
833544,2025-01-07T00:00:00.000,BT
1315134,2025-01-07T00:00:00.000,Bus
529634,2025-01-07T00:00:00.000,CBD Entries
469821,2025-01-07T00:00:00.000,CRZ Entries
245930,2025-01-07T00:00:00.000,LIRR
220945,2025-01-07T00:00:00.000,MNR
7410,2025-01-07T00:00:00.000,SIR
3784051,2025-01-07T00:00:00.000,Subway
39406,2025-01-08T00:00:00.000,AAR
850877,2025-01-08T00:00:00.000,BT
1329939,2025-01-08T00:00:00.000,Bus
542412,2025-01-08T00:00:00.000,CBD Entries
479247,2025-01-08T00:00:00.000,CRZ Entries
239444,2025-01-08T00:00:00.000,LIRR
209550,2025-01-08T00:00:00.000,MNR
7799,2025-01-08T00:00:00.000,SIR
3834806,2025-01-08T00:00:00.000,Subway
38431,2025-01-09T00:00:00.000,AAR
865014,2025-01-09T00:00:00.000,BT
1306116,2025-01-09T00:00:00.000,Bus
553214,2025-01-09T00:00:00.000,CBD Entries
489135,2025-01-09T00:00:00.000,CRZ Entries
229804,2025-01-09T00:00:00.000,LIRR
198894,2025-01-09T00:00:00.000,MNR
6845,2025-01-09T00:00:00.000,SIR
3757580,2025-01-09T00:00:00.000,Subway
38183,2025-01-10T00:00:00.000,AAR
888581,2025-01-10T00:00:00.000,BT
1326845,2025-01-10T00:00:00.000,Bus
556459,2025-01-10T00:00:00.000,CBD Entries
492600,2025-01-10T00:00:00.000,CRZ Entries
226639,2025-01-10T00:00:00.000,LIRR
189644,2025-01-10T00:00:00.000,MNR
6232,2025-01-10T00:00:00.000,SIR
3561095,2025-01-10T00:00:00.000,Subway
21718,2025-01-11T00:00:00.000,AAR
761179,2025-01-11T00:00:00.000,BT
814312,2025-01-11T00:00:00.000,Bus
520145,2025-01-11T00:00:00.000,CBD Entries
460372,2025-01-11T00:00:00.000,CRZ Entries
121021,2025-01-11T00:00:00.000,LIRR
96491,2025-01-11T00:00:00.000,MNR
2397,2025-01-11T00:00:00.000,SIR
2333104,2025-01-11T00:00:00.000,Subway
23573,2025-01-12T00:00:00.000,AAR
773764,2025-01-12T00:00:00.000,BT
667294,2025-01-12T00:00:00.000,Bus
480261,2025-01-12T00:00:00.000,CBD Entries
420030,2025-01-12T00:00:00.000,CRZ Entries
98780,2025-01-12T00:00:00.000,LIRR
82736,2025-01-12T00:00:00.000,MNR
1748,2025-01-12T00:00:00.000,SIR
1832507,2025-01-12T00:00:00.000,Subway
37067,2025-01-13T00:00:00.000,AAR
874941,2025-01-13T00:00:00.000,BT
1366764,2025-01-13T00:00:00.000,Bus
522542,2025-01-13T00:00:00.000,CBD Entries
460607,2025-01-13T00:00:00.000,CRZ Entries
232624,2025-01-13T00:00:00.000,LIRR
202056,2025-01-13T00:00:00.000,MNR
7013,2025-01-13T00:00:00.000,SIR
3565093,2025-01-13T00:00:00.000,Subway
39810,2025-01-14T00:00:00.000,AAR
861291,2025-01-14T00:00:00.000,BT
1395685,2025-01-14T00:00:00.000,Bus
547385,2025-01-14T00:00:00.000,CBD Entries
481826,2025-01-14T00:00:00.000,CRZ Entries
252417,2025-01-14T00:00:00.000,LIRR
218691,2025-01-14T00:00:00.000,MNR
7600,2025-01-14T00:00:00.000,SIR
3901919,2025-01-14T00:00:00.000,Subway
40471,2025-01-15T00:00:00.000,AAR
869490,2025-01-15T00:00:00.000,BT
1391070,2025-01-15T00:00:00.000,Bus
561608,2025-01-15T00:00:00.000,CBD Entries
497584,2025-01-15T00:00:00.000,CRZ Entries
237904,2025-01-15T00:00:00.000,LIRR
211912,2025-01-15T00:00:00.000,MNR
7739,2025-01-15T00:00:00.000,SIR
3927198,2025-01-15T00:00:00.000,Subway
39239,2025-01-16T00:00:00.000,AAR
894865,2025-01-16T00:00:00.000,BT
1394686,2025-01-16T00:00:00.000,Bus
575713,2025-01-16T00:00:00.000,CBD Entries
513344,2025-01-16T00:00:00.000,CRZ Entries
244145,2025-01-16T00:00:00.000,LIRR
210063,2025-01-16T00:00:00.000,MNR
7319,2025-01-16T00:00:00.000,SIR
3919882,2025-01-16T00:00:00.000,Subway
38857,2025-01-17T00:00:00.000,AAR
915922,2025-01-17T00:00:00.000,BT
1356698,2025-01-17T00:00:00.000,Bus
573957,2025-01-17T00:00:00.000,CBD Entries
508351,2025-01-17T00:00:00.000,CRZ Entries
231166,2025-01-17T00:00:00.000,LIRR
197835,2025-01-17T00:00:00.000,MNR
6235,2025-01-17T00:00:00.000,SIR
3604425,2025-01-17T00:00:00.000,Subway
23229,2025-01-18T00:00:00.000,AAR
826365,2025-01-18T00:00:00.000,BT
831369,2025-01-18T00:00:00.000,Bus
526690,2025-01-18T00:00:00.000,CBD Entries
464644,2025-01-18T00:00:00.000,CRZ Entries
122763,2025-01-18T00:00:00.000,LIRR
103091,2025-01-18T00:00:00.000,MNR
2244,2025-01-18T00:00:00.000,SIR
2336087,2025-01-18T00:00:00.000,Subway
20610,2025-01-19T00:00:00.000,AAR
693105,2025-01-19T00:00:00.000,BT
586622,2025-01-19T00:00:00.000,Bus
399484,2025-01-19T00:00:00.000,CBD Entries
352565,2025-01-19T00:00:00.000,CRZ Entries
87352,2025-01-19T00:00:00.000,LIRR
75906,2025-01-19T00:00:00.000,MNR
1709,2025-01-19T00:00:00.000,SIR
1828934,2025-01-19T00:00:00.000,Subway
17801,2025-01-20T00:00:00.000,AAR
667909,2025-01-20T00:00:00.000,BT
797268,2025-01-20T00:00:00.000,Bus
428175,2025-01-20T00:00:00.000,CBD Entries
375494,2025-01-20T00:00:00.000,CRZ Entries
96444,2025-01-20T00:00:00.000,LIRR
78479,2025-01-20T00:00:00.000,MNR
2849,2025-01-20T00:00:00.000,SIR
2216281,2025-01-20T00:00:00.000,Subway
35218,2025-01-21T00:00:00.000,AAR
845634,2025-01-21T00:00:00.000,BT
1252532,2025-01-21T00:00:00.000,Bus
549720,2025-01-21T00:00:00.000,CBD Entries
487435,2025-01-21T00:00:00.000,CRZ Entries
240724,2025-01-21T00:00:00.000,LIRR
212861,2025-01-21T00:00:00.000,MNR
6563,2025-01-21T00:00:00.000,SIR
3624134,2025-01-21T00:00:00.000,Subway
37701,2025-01-22T00:00:00.000,AAR
840058,2025-01-22T00:00:00.000,BT
1289449,2025-01-22T00:00:00.000,Bus
559666,2025-01-22T00:00:00.000,CBD Entries
497768,2025-01-22T00:00:00.000,CRZ Entries
239508,2025-01-22T00:00:00.000,LIRR
209338,2025-01-22T00:00:00.000,MNR
6840,2025-01-22T00:00:00.000,SIR
3745833,2025-01-22T00:00:00.000,Subway
38358,2025-01-23T00:00:00.000,AAR
872087,2025-01-23T00:00:00.000,BT
1361328,2025-01-23T00:00:00.000,Bus
581646,2025-01-23T00:00:00.000,CBD Entries
516809,2025-01-23T00:00:00.000,CRZ Entries
242403,2025-01-23T00:00:00.000,LIRR
209534,2025-01-23T00:00:00.000,MNR
6992,2025-01-23T00:00:00.000,SIR
3870712,2025-01-23T00:00:00.000,Subway
37509,2025-01-24T00:00:00.000,AAR
892935,2025-01-24T00:00:00.000,BT
1318449,2025-01-24T00:00:00.000,Bus
574846,2025-01-24T00:00:00.000,CBD Entries
509786,2025-01-24T00:00:00.000,CRZ Entries
234056,2025-01-24T00:00:00.000,LIRR
195169,2025-01-24T00:00:00.000,MNR
5802,2025-01-24T00:00:00.000,SIR
3584146,2025-01-24T00:00:00.000,Subway
22654,2025-01-25T00:00:00.000,AAR
796870,2025-01-25T00:00:00.000,BT
868042,2025-01-25T00:00:00.000,Bus
550554,2025-01-25T00:00:00.000,CBD Entries
492129,2025-01-25T00:00:00.000,CRZ Entries
130818,2025-01-25T00:00:00.000,LIRR
103192,2025-01-25T00:00:00.000,MNR
2559,2025-01-25T00:00:00.000,SIR
2486799,2025-01-25T00:00:00.000,Subway
23439,2025-01-26T00:00:00.000,AAR
784009,2025-01-26T00:00:00.000,BT
689249,2025-01-26T00:00:00.000,Bus
492995,2025-01-26T00:00:00.000,CBD Entries
431926,2025-01-26T00:00:00.000,CRZ Entries
100305,2025-01-26T00:00:00.000,LIRR
82565,2025-01-26T00:00:00.000,MNR
1964,2025-01-26T00:00:00.000,SIR
1882291,2025-01-26T00:00:00.000,Subway
36731,2025-01-27T00:00:00.000,AAR
872868,2025-01-27T00:00:00.000,BT
1385882,2025-01-27T00:00:00.000,Bus
528877,2025-01-27T00:00:00.000,CBD Entries
466181,2025-01-27T00:00:00.000,CRZ Entries
239834,2025-01-27T00:00:00.000,LIRR
200074,2025-01-27T00:00:00.000,MNR
6779,2025-01-27T00:00:00.000,SIR
3612704,2025-01-27T00:00:00.000,Subway
39676,2025-01-28T00:00:00.000,AAR
863514,2025-01-28T00:00:00.000,BT
1479059,2025-01-28T00:00:00.000,Bus
553013,2025-01-28T00:00:00.000,CBD Entries
488692,2025-01-28T00:00:00.000,CRZ Entries
260461,2025-01-28T00:00:00.000,LIRR
218807,2025-01-28T00:00:00.000,MNR
7596,2025-01-28T00:00:00.000,SIR
4057100,2025-01-28T00:00:00.000,Subway
39355,2025-01-29T00:00:00.000,AAR
859159,2025-01-29T00:00:00.000,BT
1295961,2025-01-29T00:00:00.000,Bus
563827,2025-01-29T00:00:00.000,CBD Entries
498937,2025-01-29T00:00:00.000,CRZ Entries
246641,2025-01-29T00:00:00.000,LIRR
213599,2025-01-29T00:00:00.000,MNR
6678,2025-01-29T00:00:00.000,SIR
3735444,2025-01-29T00:00:00.000,Subway
39342,2025-01-30T00:00:00.000,AAR
899777,2025-01-30T00:00:00.000,BT
1470801,2025-01-30T00:00:00.000,Bus
589219,2025-01-30T00:00:00.000,CBD Entries
522538,2025-01-30T00:00:00.000,CRZ Entries
243926,2025-01-30T00:00:00.000,LIRR
210602,2025-01-30T00:00:00.000,MNR
7370,2025-01-30T00:00:00.000,SIR
4088389,2025-01-30T00:00:00.000,Subway
75450,2025-01-31T00:00:00.000,AAR
900322,2025-01-31T00:00:00.000,BT
1358908,2025-01-31T00:00:00.000,Bus
571207,2025-01-31T00:00:00.000,CBD Entries
505016,2025-01-31T00:00:00.000,CRZ Entries
225159,2025-01-31T00:00:00.000,LIRR
190971,2025-01-31T00:00:00.000,MNR
6031,2025-01-31T00:00:00.000,SIR
3624121,2025-01-31T00:00:00.000,Subway
47702,2025-02-01T00:00:00.000,AAR
795978,2025-02-01T00:00:00.000,BT
895648,2025-02-01T00:00:00.000,Bus
539605,2025-02-01T00:00:00.000,CBD Entries
479554,2025-02-01T00:00:00.000,CRZ Entries
114523,2025-02-01T00:00:00.000,LIRR
94588,2025-02-01T00:00:00.000,MNR
2563,2025-02-01T00:00:00.000,SIR
2483263,2025-02-01T00:00:00.000,Subway
24063,2025-02-02T00:00:00.000,AAR
789723,2025-02-02T00:00:00.000,BT
678873,2025-02-02T00:00:00.000,Bus
496048,2025-02-02T00:00:00.000,CBD Entries
434613,2025-02-02T00:00:00.000,CRZ Entries
132846,2025-02-02T00:00:00.000,LIRR
72681,2025-02-02T00:00:00.000,MNR
1875,2025-02-02T00:00:00.000,SIR
1848424,2025-02-02T00:00:00.000,Subway
38076,2025-02-03T00:00:00.000,AAR
867348,2025-02-03T00:00:00.000,BT
1432408,2025-02-03T00:00:00.000,Bus
531887,2025-02-03T00:00:00.000,CBD Entries
466399,2025-02-03T00:00:00.000,CRZ Entries
223504,2025-02-03T00:00:00.000,LIRR
183417,2025-02-03T00:00:00.000,MNR
7289,2025-02-03T00:00:00.000,SIR
3695940,2025-02-03T00:00:00.000,Subway
40893,2025-02-04T00:00:00.000,AAR
862733,2025-02-04T00:00:00.000,BT
1495880,2025-02-04T00:00:00.000,Bus
556635,2025-02-04T00:00:00.000,CBD Entries
495393,2025-02-04T00:00:00.000,CRZ Entries
259976,2025-02-04T00:00:00.000,LIRR
219042,2025-02-04T00:00:00.000,MNR
8018,2025-02-04T00:00:00.000,SIR
4150390,2025-02-04T00:00:00.000,Subway
41896,2025-02-05T00:00:00.000,AAR
880378,2025-02-05T00:00:00.000,BT
1520952,2025-02-05T00:00:00.000,Bus
572999,2025-02-05T00:00:00.000,CBD Entries
506354,2025-02-05T00:00:00.000,CRZ Entries
248050,2025-02-05T00:00:00.000,LIRR
213793,2025-02-05T00:00:00.000,MNR
8108,2025-02-05T00:00:00.000,SIR
4182058,2025-02-05T00:00:00.000,Subway
37073,2025-02-06T00:00:00.000,AAR
811774,2025-02-06T00:00:00.000,BT
1369499,2025-02-06T00:00:00.000,Bus
541083,2025-02-06T00:00:00.000,CBD Entries
480986,2025-02-06T00:00:00.000,CRZ Entries
229479,2025-02-06T00:00:00.000,LIRR
182951,2025-02-06T00:00:00.000,MNR
6686,2025-02-06T00:00:00.000,SIR
3885191,2025-02-06T00:00:00.000,Subway
39874,2025-02-07T00:00:00.000,AAR
912059,2025-02-07T00:00:00.000,BT
1443307,2025-02-07T00:00:00.000,Bus
583245,2025-02-07T00:00:00.000,CBD Entries
515515,2025-02-07T00:00:00.000,CRZ Entries
236121,2025-02-07T00:00:00.000,LIRR
197152,2025-02-07T00:00:00.000,MNR
6441,2025-02-07T00:00:00.000,SIR
3861700,2025-02-07T00:00:00.000,Subway
23849,2025-02-08T00:00:00.000,AAR
812548,2025-02-08T00:00:00.000,BT
817924,2025-02-08T00:00:00.000,Bus
505573,2025-02-08T00:00:00.000,CBD Entries
447300,2025-02-08T00:00:00.000,CRZ Entries
113264,2025-02-08T00:00:00.000,LIRR
96754,2025-02-08T00:00:00.000,MNR
2681,2025-02-08T00:00:00.000,SIR
2538395,2025-02-08T00:00:00.000,Subway
20935,2025-02-09T00:00:00.000,AAR
618244,2025-02-09T00:00:00.000,BT
571270,2025-02-09T00:00:00.000,Bus
423383,2025-02-09T00:00:00.000,CBD Entries
370794,2025-02-09T00:00:00.000,CRZ Entries
83513,2025-02-09T00:00:00.000,LIRR
69578,2025-02-09T00:00:00.000,MNR
1839,2025-02-09T00:00:00.000,SIR
1850257,2025-02-09T00:00:00.000,Subway
37718,2025-02-10T00:00:00.000,AAR
876948,2025-02-10T00:00:00.000,BT
1429999,2025-02-10T00:00:00.000,Bus
535204,2025-02-10T00:00:00.000,CBD Entries
469934,2025-02-10T00:00:00.000,CRZ Entries
234725,2025-02-10T00:00:00.000,LIRR
198962,2025-02-10T00:00:00.000,MNR
6972,2025-02-10T00:00:00.000,SIR
3746029,2025-02-10T00:00:00.000,Subway
40378,2025-02-11T00:00:00.000,AAR
868764,2025-02-11T00:00:00.000,BT
1492601,2025-02-11T00:00:00.000,Bus
545412,2025-02-11T00:00:00.000,CBD Entries
481261,2025-02-11T00:00:00.000,CRZ Entries
247848,2025-02-11T00:00:00.000,LIRR
215260,2025-02-11T00:00:00.000,MNR
7709,2025-02-11T00:00:00.000,SIR
4111749,2025-02-11T00:00:00.000,Subway
38659,2025-02-12T00:00:00.000,AAR
827918,2025-02-12T00:00:00.000,BT
1400354,2025-02-12T00:00:00.000,Bus
546966,2025-02-12T00:00:00.000,CBD Entries
483102,2025-02-12T00:00:00.000,CRZ Entries
235576,2025-02-12T00:00:00.000,LIRR
205325,2025-02-12T00:00:00.000,MNR
6682,2025-02-12T00:00:00.000,SIR
3940993,2025-02-12T00:00:00.000,Subway
39932,2025-02-13T00:00:00.000,AAR
885551,2025-02-13T00:00:00.000,BT
1467576,2025-02-13T00:00:00.000,Bus
579674,2025-02-13T00:00:00.000,CBD Entries
511719,2025-02-13T00:00:00.000,CRZ Entries
243915,2025-02-13T00:00:00.000,LIRR
205656,2025-02-13T00:00:00.000,MNR
7310,2025-02-13T00:00:00.000,SIR
4098104,2025-02-13T00:00:00.000,Subway
40125,2025-02-14T00:00:00.000,AAR
954872,2025-02-14T00:00:00.000,BT
1392764,2025-02-14T00:00:00.000,Bus
600664,2025-02-14T00:00:00.000,CBD Entries
533624,2025-02-14T00:00:00.000,CRZ Entries
233715,2025-02-14T00:00:00.000,LIRR
198806,2025-02-14T00:00:00.000,MNR
6065,2025-02-14T00:00:00.000,SIR
3855445,2025-02-14T00:00:00.000,Subway
21226,2025-02-15T00:00:00.000,AAR
812549,2025-02-15T00:00:00.000,BT
748078,2025-02-15T00:00:00.000,Bus
507992,2025-02-15T00:00:00.000,CBD Entries
450300,2025-02-15T00:00:00.000,CRZ Entries
105976,2025-02-15T00:00:00.000,LIRR
91906,2025-02-15T00:00:00.000,MNR
2390,2025-02-15T00:00:00.000,SIR
2355977,2025-02-15T00:00:00.000,Subway
20949,2025-02-16T00:00:00.000,AAR
676523,2025-02-16T00:00:00.000,BT
588331,2025-02-16T00:00:00.000,Bus
456663,2025-02-16T00:00:00.000,CBD Entries
401965,2025-02-16T00:00:00.000,CRZ Entries
93199,2025-02-16T00:00:00.000,LIRR
71059,2025-02-16T00:00:00.000,MNR
1674,2025-02-16T00:00:00.000,SIR
1809213,2025-02-16T00:00:00.000,Subway
21581,2025-02-17T00:00:00.000,AAR
781207,2025-02-17T00:00:00.000,BT
911285,2025-02-17T00:00:00.000,Bus
478275,2025-02-17T00:00:00.000,CBD Entries
414453,2025-02-17T00:00:00.000,CRZ Entries
101826,2025-02-17T00:00:00.000,LIRR
84372,2025-02-17T00:00:00.000,MNR
3045,2025-02-17T00:00:00.000,SIR
2458343,2025-02-17T00:00:00.000,Subway
38691,2025-02-18T00:00:00.000,AAR
885334,2025-02-18T00:00:00.000,BT
1279762,2025-02-18T00:00:00.000,Bus
552516,2025-02-18T00:00:00.000,CBD Entries
486106,2025-02-18T00:00:00.000,CRZ Entries
243993,2025-02-18T00:00:00.000,LIRR
210850,2025-02-18T00:00:00.000,MNR
6826,2025-02-18T00:00:00.000,SIR
3698061,2025-02-18T00:00:00.000,Subway
40363,2025-02-19T00:00:00.000,AAR
884656,2025-02-19T00:00:00.000,BT
1318256,2025-02-19T00:00:00.000,Bus
556395,2025-02-19T00:00:00.000,CBD Entries
492804,2025-02-19T00:00:00.000,CRZ Entries
243335,2025-02-19T00:00:00.000,LIRR
207633,2025-02-19T00:00:00.000,MNR
6951,2025-02-19T00:00:00.000,SIR
3830039,2025-02-19T00:00:00.000,Subway
37671,2025-02-20T00:00:00.000,AAR
880033,2025-02-20T00:00:00.000,BT
1300291,2025-02-20T00:00:00.000,Bus
567313,2025-02-20T00:00:00.000,CBD Entries
504613,2025-02-20T00:00:00.000,CRZ Entries
241345,2025-02-20T00:00:00.000,LIRR
203840,2025-02-20T00:00:00.000,MNR
6768,2025-02-20T00:00:00.000,SIR
3822211,2025-02-20T00:00:00.000,Subway
37660,2025-02-21T00:00:00.000,AAR
904649,2025-02-21T00:00:00.000,BT
1231306,2025-02-21T00:00:00.000,Bus
572942,2025-02-21T00:00:00.000,CBD Entries
505296,2025-02-21T00:00:00.000,CRZ Entries
228844,2025-02-21T00:00:00.000,LIRR
191570,2025-02-21T00:00:00.000,MNR
5592,2025-02-21T00:00:00.000,SIR
3481093,2025-02-21T00:00:00.000,Subway
24126,2025-02-22T00:00:00.000,AAR
828515,2025-02-22T00:00:00.000,BT
871144,2025-02-22T00:00:00.000,Bus
547786,2025-02-22T00:00:00.000,CBD Entries
484591,2025-02-22T00:00:00.000,CRZ Entries
116852,2025-02-22T00:00:00.000,LIRR
101509,2025-02-22T00:00:00.000,MNR
2428,2025-02-22T00:00:00.000,SIR
2492096,2025-02-22T00:00:00.000,Subway
24345,2025-02-23T00:00:00.000,AAR
842711,2025-02-23T00:00:00.000,BT
698394,2025-02-23T00:00:00.000,Bus
506040,2025-02-23T00:00:00.000,CBD Entries
441386,2025-02-23T00:00:00.000,CRZ Entries
105060,2025-02-23T00:00:00.000,LIRR
85701,2025-02-23T00:00:00.000,MNR
1885,2025-02-23T00:00:00.000,SIR
1905750,2025-02-23T00:00:00.000,Subway
37883,2025-02-24T00:00:00.000,AAR
904224,2025-02-24T00:00:00.000,BT
1454401,2025-02-24T00:00:00.000,Bus
534172,2025-02-24T00:00:00.000,CBD Entries
468446,2025-02-24T00:00:00.000,CRZ Entries
234816,2025-02-24T00:00:00.000,LIRR
201187,2025-02-24T00:00:00.000,MNR
6915,2025-02-24T00:00:00.000,SIR
3722403,2025-02-24T00:00:00.000,Subway
41177,2025-02-25T00:00:00.000,AAR
888284,2025-02-25T00:00:00.000,BT
1517387,2025-02-25T00:00:00.000,Bus
557580,2025-02-25T00:00:00.000,CBD Entries
489948,2025-02-25T00:00:00.000,CRZ Entries
258241,2025-02-25T00:00:00.000,LIRR
220142,2025-02-25T00:00:00.000,MNR
7891,2025-02-25T00:00:00.000,SIR
4094456,2025-02-25T00:00:00.000,Subway
42667,2025-02-26T00:00:00.000,AAR
912950,2025-02-26T00:00:00.000,BT
1532417,2025-02-26T00:00:00.000,Bus
578328,2025-02-26T00:00:00.000,CBD Entries
509920,2025-02-26T00:00:00.000,CRZ Entries
254446,2025-02-26T00:00:00.000,LIRR
217753,2025-02-26T00:00:00.000,MNR
8103,2025-02-26T00:00:00.000,SIR
4202962,2025-02-26T00:00:00.000,Subway
40994,2025-02-27T00:00:00.000,AAR
932801,2025-02-27T00:00:00.000,BT
1491904,2025-02-27T00:00:00.000,Bus
591045,2025-02-27T00:00:00.000,CBD Entries
521067,2025-02-27T00:00:00.000,CRZ Entries
249988,2025-02-27T00:00:00.000,LIRR
213554,2025-02-27T00:00:00.000,MNR
7617,2025-02-27T00:00:00.000,SIR
4123434,2025-02-27T00:00:00.000,Subway
40313,2025-02-28T00:00:00.000,AAR
963448,2025-02-28T00:00:00.000,BT
1444353,2025-02-28T00:00:00.000,Bus
588989,2025-02-28T00:00:00.000,CBD Entries
518463,2025-02-28T00:00:00.000,CRZ Entries
241045,2025-02-28T00:00:00.000,LIRR
202576,2025-02-28T00:00:00.000,MNR
6564,2025-02-28T00:00:00.000,SIR
3867670,2025-02-28T00:00:00.000,Subway
25348,2025-03-01T00:00:00.000,AAR
881693,2025-03-01T00:00:00.000,BT
947470,2025-03-01T00:00:00.000,Bus
557335,2025-03-01T00:00:00.000,CBD Entries
492535,2025-03-01T00:00:00.000,CRZ Entries
124608,2025-03-01T00:00:00.000,LIRR
104535,2025-03-01T00:00:00.000,MNR
2847,2025-03-01T00:00:00.000,SIR
2655494,2025-03-01T00:00:00.000,Subway
24730,2025-03-02T00:00:00.000,AAR
829946,2025-03-02T00:00:00.000,BT
685236,2025-03-02T00:00:00.000,Bus
505319,2025-03-02T00:00:00.000,CBD Entries
440009,2025-03-02T00:00:00.000,CRZ Entries
90230,2025-03-02T00:00:00.000,LIRR
75153,2025-03-02T00:00:00.000,MNR
1887,2025-03-02T00:00:00.000,SIR
1943509,2025-03-02T00:00:00.000,Subway
38493,2025-03-03T00:00:00.000,AAR
907536,2025-03-03T00:00:00.000,BT
1446066,2025-03-03T00:00:00.000,Bus
539800,2025-03-03T00:00:00.000,CBD Entries
473220,2025-03-03T00:00:00.000,CRZ Entries
227656,2025-03-03T00:00:00.000,LIRR
190695,2025-03-03T00:00:00.000,MNR
7226,2025-03-03T00:00:00.000,SIR
3783633,2025-03-03T00:00:00.000,Subway
42252,2025-03-04T00:00:00.000,AAR
888320,2025-03-04T00:00:00.000,BT
1530724,2025-03-04T00:00:00.000,Bus
563736,2025-03-04T00:00:00.000,CBD Entries
496134,2025-03-04T00:00:00.000,CRZ Entries
257066,2025-03-04T00:00:00.000,LIRR
222055,2025-03-04T00:00:00.000,MNR
7997,2025-03-04T00:00:00.000,SIR
4178706,2025-03-04T00:00:00.000,Subway
41857,2025-03-05T00:00:00.000,AAR
889706,2025-03-05T00:00:00.000,BT
1464569,2025-03-05T00:00:00.000,Bus
563880,2025-03-05T00:00:00.000,CBD Entries
499816,2025-03-05T00:00:00.000,CRZ Entries
246143,2025-03-05T00:00:00.000,LIRR
211791,2025-03-05T00:00:00.000,MNR
7738,2025-03-05T00:00:00.000,SIR
4139402,2025-03-05T00:00:00.000,Subway
41928,2025-03-06T00:00:00.000,AAR
929428,2025-03-06T00:00:00.000,BT
1506745,2025-03-06T00:00:00.000,Bus
592139,2025-03-06T00:00:00.000,CBD Entries
521249,2025-03-06T00:00:00.000,CRZ Entries
248999,2025-03-06T00:00:00.000,LIRR
214413,2025-03-06T00:00:00.000,MNR
7537,2025-03-06T00:00:00.000,SIR
4177390,2025-03-06T00:00:00.000,Subway
40968,2025-03-07T00:00:00.000,AAR
957237,2025-03-07T00:00:00.000,BT
1436637,2025-03-07T00:00:00.000,Bus
591133,2025-03-07T00:00:00.000,CBD Entries
523770,2025-03-07T00:00:00.000,CRZ Entries
243527,2025-03-07T00:00:00.000,LIRR
203928,2025-03-07T00:00:00.000,MNR
6389,2025-03-07T00:00:00.000,SIR
3877969,2025-03-07T00:00:00.000,Subway
25318,2025-03-08T00:00:00.000,AAR
871095,2025-03-08T00:00:00.000,BT
946022,2025-03-08T00:00:00.000,Bus
557011,2025-03-08T00:00:00.000,CBD Entries
492920,2025-03-08T00:00:00.000,CRZ Entries
124078,2025-03-08T00:00:00.000,LIRR
110319,2025-03-08T00:00:00.000,MNR
2614,2025-03-08T00:00:00.000,SIR
2662053,2025-03-08T00:00:00.000,Subway
25436,2025-03-09T00:00:00.000,AAR
880311,2025-03-09T00:00:00.000,BT
717213,2025-03-09T00:00:00.000,Bus
505972,2025-03-09T00:00:00.000,CBD Entries
441854,2025-03-09T00:00:00.000,CRZ Entries
104989,2025-03-09T00:00:00.000,LIRR
86431,2025-03-09T00:00:00.000,MNR
1898,2025-03-09T00:00:00.000,SIR
1991779,2025-03-09T00:00:00.000,Subway
38272,2025-03-10T00:00:00.000,AAR
933049,2025-03-10T00:00:00.000,BT
1480720,2025-03-10T00:00:00.000,Bus
546535,2025-03-10T00:00:00.000,CBD Entries
480608,2025-03-10T00:00:00.000,CRZ Entries
249300,2025-03-10T00:00:00.000,LIRR
209606,2025-03-10T00:00:00.000,MNR
7331,2025-03-10T00:00:00.000,SIR
3849712,2025-03-10T00:00:00.000,Subway
42531,2025-03-11T00:00:00.000,AAR
914025,2025-03-11T00:00:00.000,BT
1547477,2025-03-11T00:00:00.000,Bus
567866,2025-03-11T00:00:00.000,CBD Entries
503968,2025-03-11T00:00:00.000,CRZ Entries
261433,2025-03-11T00:00:00.000,LIRR
228328,2025-03-11T00:00:00.000,MNR
8162,2025-03-11T00:00:00.000,SIR
4220071,2025-03-11T00:00:00.000,Subway
43034,2025-03-12T00:00:00.000,AAR
925307,2025-03-12T00:00:00.000,BT
1558707,2025-03-12T00:00:00.000,Bus
583170,2025-03-12T00:00:00.000,CBD Entries
515887,2025-03-12T00:00:00.000,CRZ Entries
259006,2025-03-12T00:00:00.000,LIRR
226656,2025-03-12T00:00:00.000,MNR
7992,2025-03-12T00:00:00.000,SIR
4273439,2025-03-12T00:00:00.000,Subway
41922,2025-03-13T00:00:00.000,AAR
954040,2025-03-13T00:00:00.000,BT
1545407,2025-03-13T00:00:00.000,Bus
598216,2025-03-13T00:00:00.000,CBD Entries
527771,2025-03-13T00:00:00.000,CRZ Entries
262786,2025-03-13T00:00:00.000,LIRR
224898,2025-03-13T00:00:00.000,MNR
7723,2025-03-13T00:00:00.000,SIR
4265918,2025-03-13T00:00:00.000,Subway
40590,2025-03-14T00:00:00.000,AAR
967581,2025-03-14T00:00:00.000,BT
1461424,2025-03-14T00:00:00.000,Bus
599204,2025-03-14T00:00:00.000,CBD Entries
527511,2025-03-14T00:00:00.000,CRZ Entries
258621,2025-03-14T00:00:00.000,LIRR
213317,2025-03-14T00:00:00.000,MNR
6547,2025-03-14T00:00:00.000,SIR
3926685,2025-03-14T00:00:00.000,Subway
25703,2025-03-15T00:00:00.000,AAR
893859,2025-03-15T00:00:00.000,BT
957923,2025-03-15T00:00:00.000,Bus
571554,2025-03-15T00:00:00.000,CBD Entries
506043,2025-03-15T00:00:00.000,CRZ Entries
142839,2025-03-15T00:00:00.000,LIRR
119626,2025-03-15T00:00:00.000,MNR
2900,2025-03-15T00:00:00.000,SIR
2686698,2025-03-15T00:00:00.000,Subway
24499,2025-03-16T00:00:00.000,AAR
876484,2025-03-16T00:00:00.000,BT
682090,2025-03-16T00:00:00.000,Bus
499751,2025-03-16T00:00:00.000,CBD Entries
443664,2025-03-16T00:00:00.000,CRZ Entries
113968,2025-03-16T00:00:00.000,LIRR
88439,2025-03-16T00:00:00.000,MNR
2114,2025-03-16T00:00:00.000,SIR
2111229,2025-03-16T00:00:00.000,Subway
37228,2025-03-17T00:00:00.000,AAR
902468,2025-03-17T00:00:00.000,BT
1386978,2025-03-17T00:00:00.000,Bus
531847,2025-03-17T00:00:00.000,CBD Entries
466563,2025-03-17T00:00:00.000,CRZ Entries
246824,2025-03-17T00:00:00.000,LIRR
210355,2025-03-17T00:00:00.000,MNR
7185,2025-03-17T00:00:00.000,SIR
3751313,2025-03-17T00:00:00.000,Subway
42071,2025-03-18T00:00:00.000,AAR
910855,2025-03-18T00:00:00.000,BT
1544388,2025-03-18T00:00:00.000,Bus
566074,2025-03-18T00:00:00.000,CBD Entries
501213,2025-03-18T00:00:00.000,CRZ Entries
264924,2025-03-18T00:00:00.000,LIRR
230580,2025-03-18T00:00:00.000,MNR
7913,2025-03-18T00:00:00.000,SIR
4232297,2025-03-18T00:00:00.000,Subway
43453,2025-03-19T00:00:00.000,AAR
935499,2025-03-19T00:00:00.000,BT
1558820,2025-03-19T00:00:00.000,Bus
578088,2025-03-19T00:00:00.000,CBD Entries
508370,2025-03-19T00:00:00.000,CRZ Entries
260031,2025-03-19T00:00:00.000,LIRR
225253,2025-03-19T00:00:00.000,MNR
8090,2025-03-19T00:00:00.000,SIR
4274997,2025-03-19T00:00:00.000,Subway
41308,2025-03-20T00:00:00.000,AAR
945969,2025-03-20T00:00:00.000,BT
1509884,2025-03-20T00:00:00.000,Bus
592129,2025-03-20T00:00:00.000,CBD Entries
521956,2025-03-20T00:00:00.000,CRZ Entries
261511,2025-03-20T00:00:00.000,LIRR
220117,2025-03-20T00:00:00.000,MNR
7492,2025-03-20T00:00:00.000,SIR
4191910,2025-03-20T00:00:00.000,Subway
40163,2025-03-21T00:00:00.000,AAR
961367,2025-03-21T00:00:00.000,BT
1436059,2025-03-21T00:00:00.000,Bus
587811,2025-03-21T00:00:00.000,CBD Entries
518927,2025-03-21T00:00:00.000,CRZ Entries
248037,2025-03-21T00:00:00.000,LIRR
208980,2025-03-21T00:00:00.000,MNR
6422,2025-03-21T00:00:00.000,SIR
3873120,2025-03-21T00:00:00.000,Subway
25458,2025-03-22T00:00:00.000,AAR
893180,2025-03-22T00:00:00.000,BT
961713,2025-03-22T00:00:00.000,Bus
563278,2025-03-22T00:00:00.000,CBD Entries
496127,2025-03-22T00:00:00.000,CRZ Entries
140466,2025-03-22T00:00:00.000,LIRR
117875,2025-03-22T00:00:00.000,MNR
3089,2025-03-22T00:00:00.000,SIR
2653512,2025-03-22T00:00:00.000,Subway
25724,2025-03-23T00:00:00.000,AAR
887804,2025-03-23T00:00:00.000,BT
736298,2025-03-23T00:00:00.000,Bus
521146,2025-03-23T00:00:00.000,CBD Entries
453188,2025-03-23T00:00:00.000,CRZ Entries
105102,2025-03-23T00:00:00.000,LIRR
91061,2025-03-23T00:00:00.000,MNR
2143,2025-03-23T00:00:00.000,SIR
2007695,2025-03-23T00:00:00.000,Subway
37607,2025-03-24T00:00:00.000,AAR
912910,2025-03-24T00:00:00.000,BT
1354459,2025-03-24T00:00:00.000,Bus
534647,2025-03-24T00:00:00.000,CBD Entries
469230,2025-03-24T00:00:00.000,CRZ Entries
242261,2025-03-24T00:00:00.000,LIRR
204177,2025-03-24T00:00:00.000,MNR
6849,2025-03-24T00:00:00.000,SIR
3650582,2025-03-24T00:00:00.000,Subway
42011,2025-03-25T00:00:00.000,AAR
909700,2025-03-25T00:00:00.000,BT
1536843,2025-03-25T00:00:00.000,Bus
563311,2025-03-25T00:00:00.000,CBD Entries
494496,2025-03-25T00:00:00.000,CRZ Entries
265289,2025-03-25T00:00:00.000,LIRR
228951,2025-03-25T00:00:00.000,MNR
8132,2025-03-25T00:00:00.000,SIR
4214256,2025-03-25T00:00:00.000,Subway
42958,2025-03-26T00:00:00.000,AAR
922011,2025-03-26T00:00:00.000,BT
1532389,2025-03-26T00:00:00.000,Bus
574849,2025-03-26T00:00:00.000,CBD Entries
505041,2025-03-26T00:00:00.000,CRZ Entries
265709,2025-03-26T00:00:00.000,LIRR
223047,2025-03-26T00:00:00.000,MNR
7952,2025-03-26T00:00:00.000,SIR
4237196,2025-03-26T00:00:00.000,Subway
42147,2025-03-27T00:00:00.000,AAR
957094,2025-03-27T00:00:00.000,BT
1524578,2025-03-27T00:00:00.000,Bus
592112,2025-03-27T00:00:00.000,CBD Entries
521457,2025-03-27T00:00:00.000,CRZ Entries
261311,2025-03-27T00:00:00.000,LIRR
231056,2025-03-27T00:00:00.000,MNR
7726,2025-03-27T00:00:00.000,SIR
4263378,2025-03-27T00:00:00.000,Subway
40495,2025-03-28T00:00:00.000,AAR
980647,2025-03-28T00:00:00.000,BT
1439850,2025-03-28T00:00:00.000,Bus
594099,2025-03-28T00:00:00.000,CBD Entries
521515,2025-03-28T00:00:00.000,CRZ Entries
246718,2025-03-28T00:00:00.000,LIRR
209792,2025-03-28T00:00:00.000,MNR
6472,2025-03-28T00:00:00.000,SIR
3878481,2025-03-28T00:00:00.000,Subway
27168,2025-03-29T00:00:00.000,AAR
912418,2025-03-29T00:00:00.000,BT
993714,2025-03-29T00:00:00.000,Bus
571180,2025-03-29T00:00:00.000,CBD Entries
504591,2025-03-29T00:00:00.000,CRZ Entries
148404,2025-03-29T00:00:00.000,LIRR
136492,2025-03-29T00:00:00.000,MNR
3110,2025-03-29T00:00:00.000,SIR
2887283,2025-03-29T00:00:00.000,Subway
25162,2025-03-30T00:00:00.000,AAR
893394,2025-03-30T00:00:00.000,BT
726124,2025-03-30T00:00:00.000,Bus
512458,2025-03-30T00:00:00.000,CBD Entries
442499,2025-03-30T00:00:00.000,CRZ Entries
115125,2025-03-30T00:00:00.000,LIRR
95708,2025-03-30T00:00:00.000,MNR
1926,2025-03-30T00:00:00.000,SIR
2055899,2025-03-30T00:00:00.000,Subway
35803,2025-03-31T00:00:00.000,AAR
940167,2025-03-31T00:00:00.000,BT
1276763,2025-03-31T00:00:00.000,Bus
542248,2025-03-31T00:00:00.000,CBD Entries
472319,2025-03-31T00:00:00.000,CRZ Entries
244921,2025-03-31T00:00:00.000,LIRR
209348,2025-03-31T00:00:00.000,MNR
6372,2025-03-31T00:00:00.000,SIR
3414357,2025-03-31T00:00:00.000,Subway
42115,2025-04-01T00:00:00.000,AAR
929473,2025-04-01T00:00:00.000,BT
1536805,2025-04-01T00:00:00.000,Bus
574765,2025-04-01T00:00:00.000,CBD Entries
503362,2025-04-01T00:00:00.000,CRZ Entries
257703,2025-04-01T00:00:00.000,LIRR
226059,2025-04-01T00:00:00.000,MNR
7891,2025-04-01T00:00:00.000,SIR
4247056,2025-04-01T00:00:00.000,Subway
43403,2025-04-02T00:00:00.000,AAR
941579,2025-04-02T00:00:00.000,BT
1543145,2025-04-02T00:00:00.000,Bus
582257,2025-04-02T00:00:00.000,CBD Entries
511842,2025-04-02T00:00:00.000,CRZ Entries
258088,2025-04-02T00:00:00.000,LIRR
227068,2025-04-02T00:00:00.000,MNR
8005,2025-04-02T00:00:00.000,SIR
4320984,2025-04-02T00:00:00.000,Subway
43300,2025-04-03T00:00:00.000,AAR
958905,2025-04-03T00:00:00.000,BT
1515578,2025-04-03T00:00:00.000,Bus
599173,2025-04-03T00:00:00.000,CBD Entries
529341,2025-04-03T00:00:00.000,CRZ Entries
257460,2025-04-03T00:00:00.000,LIRR
226170,2025-04-03T00:00:00.000,MNR
7699,2025-04-03T00:00:00.000,SIR
4286943,2025-04-03T00:00:00.000,Subway
41478,2025-04-04T00:00:00.000,AAR
975064,2025-04-04T00:00:00.000,BT
1465455,2025-04-04T00:00:00.000,Bus
596123,2025-04-04T00:00:00.000,CBD Entries
528688,2025-04-04T00:00:00.000,CRZ Entries
260319,2025-04-04T00:00:00.000,LIRR
208594,2025-04-04T00:00:00.000,MNR
6568,2025-04-04T00:00:00.000,SIR
3990036,2025-04-04T00:00:00.000,Subway
25947,2025-04-05T00:00:00.000,AAR
878690,2025-04-05T00:00:00.000,BT
915296,2025-04-05T00:00:00.000,Bus
560449,2025-04-05T00:00:00.000,CBD Entries
499636,2025-04-05T00:00:00.000,CRZ Entries
128321,2025-04-05T00:00:00.000,LIRR
110701,2025-04-05T00:00:00.000,MNR
2723,2025-04-05T00:00:00.000,SIR
2658935,2025-04-05T00:00:00.000,Subway
25576,2025-04-06T00:00:00.000,AAR
891431,2025-04-06T00:00:00.000,BT
742341,2025-04-06T00:00:00.000,Bus
518166,2025-04-06T00:00:00.000,CBD Entries
452789,2025-04-06T00:00:00.000,CRZ Entries
115809,2025-04-06T00:00:00.000,LIRR
87900,2025-04-06T00:00:00.000,MNR
2049,2025-04-06T00:00:00.000,SIR
2059867,2025-04-06T00:00:00.000,Subway
39237,2025-04-07T00:00:00.000,AAR
923972,2025-04-07T00:00:00.000,BT
1424204,2025-04-07T00:00:00.000,Bus
548089,2025-04-07T00:00:00.000,CBD Entries
481752,2025-04-07T00:00:00.000,CRZ Entries
244565,2025-04-07T00:00:00.000,LIRR
207119,2025-04-07T00:00:00.000,MNR
7069,2025-04-07T00:00:00.000,SIR
3848628,2025-04-07T00:00:00.000,Subway
42949,2025-04-08T00:00:00.000,AAR
916326,2025-04-08T00:00:00.000,BT
1536222,2025-04-08T00:00:00.000,Bus
568509,2025-04-08T00:00:00.000,CBD Entries
501321,2025-04-08T00:00:00.000,CRZ Entries
263712,2025-04-08T00:00:00.000,LIRR
228166,2025-04-08T00:00:00.000,MNR
8014,2025-04-08T00:00:00.000,SIR
4324220,2025-04-08T00:00:00.000,Subway
44074,2025-04-09T00:00:00.000,AAR
947458,2025-04-09T00:00:00.000,BT
1548648,2025-04-09T00:00:00.000,Bus
585774,2025-04-09T00:00:00.000,CBD Entries
517277,2025-04-09T00:00:00.000,CRZ Entries
262570,2025-04-09T00:00:00.000,LIRR
226464,2025-04-09T00:00:00.000,MNR
8147,2025-04-09T00:00:00.000,SIR
4343794,2025-04-09T00:00:00.000,Subway
43061,2025-04-10T00:00:00.000,AAR
962308,2025-04-10T00:00:00.000,BT
1524644,2025-04-10T00:00:00.000,Bus
595541,2025-04-10T00:00:00.000,CBD Entries
527664,2025-04-10T00:00:00.000,CRZ Entries
263157,2025-04-10T00:00:00.000,LIRR
220604,2025-04-10T00:00:00.000,MNR
7667,2025-04-10T00:00:00.000,SIR
4299477,2025-04-10T00:00:00.000,Subway
40728,2025-04-11T00:00:00.000,AAR
960277,2025-04-11T00:00:00.000,BT
1396300,2025-04-11T00:00:00.000,Bus
587965,2025-04-11T00:00:00.000,CBD Entries
520242,2025-04-11T00:00:00.000,CRZ Entries
247547,2025-04-11T00:00:00.000,LIRR
210055,2025-04-11T00:00:00.000,MNR
6310,2025-04-11T00:00:00.000,SIR
3864826,2025-04-11T00:00:00.000,Subway
25806,2025-04-12T00:00:00.000,AAR
870840,2025-04-12T00:00:00.000,BT
842497,2025-04-12T00:00:00.000,Bus
547463,2025-04-12T00:00:00.000,CBD Entries
484258,2025-04-12T00:00:00.000,CRZ Entries
122395,2025-04-12T00:00:00.000,LIRR
111344,2025-04-12T00:00:00.000,MNR
2092,2025-04-12T00:00:00.000,SIR
2528127,2025-04-12T00:00:00.000,Subway
25731,2025-04-13T00:00:00.000,AAR
848828,2025-04-13T00:00:00.000,BT
734980,2025-04-13T00:00:00.000,Bus
507105,2025-04-13T00:00:00.000,CBD Entries
443646,2025-04-13T00:00:00.000,CRZ Entries
108197,2025-04-13T00:00:00.000,LIRR
102506,2025-04-13T00:00:00.000,MNR
1844,2025-04-13T00:00:00.000,SIR
2180093,2025-04-13T00:00:00.000,Subway
35872,2025-04-14T00:00:00.000,AAR
903938,2025-04-14T00:00:00.000,BT
1309503,2025-04-14T00:00:00.000,Bus
523285,2025-04-14T00:00:00.000,CBD Entries
459677,2025-04-14T00:00:00.000,CRZ Entries
246154,2025-04-14T00:00:00.000,LIRR
224282,2025-04-14T00:00:00.000,MNR
6681,2025-04-14T00:00:00.000,SIR
3598255,2025-04-14T00:00:00.000,Subway
40080,2025-04-15T00:00:00.000,AAR
919868,2025-04-15T00:00:00.000,BT
1368277,2025-04-15T00:00:00.000,Bus
557724,2025-04-15T00:00:00.000,CBD Entries
497077,2025-04-15T00:00:00.000,CRZ Entries
270809,2025-04-15T00:00:00.000,LIRR
239573,2025-04-15T00:00:00.000,MNR
7232,2025-04-15T00:00:00.000,SIR
3997927,2025-04-15T00:00:00.000,Subway
40487,2025-04-16T00:00:00.000,AAR
945429,2025-04-16T00:00:00.000,BT
1368776,2025-04-16T00:00:00.000,Bus
585075,2025-04-16T00:00:00.000,CBD Entries
515168,2025-04-16T00:00:00.000,CRZ Entries
262626,2025-04-16T00:00:00.000,LIRR
236314,2025-04-16T00:00:00.000,MNR
7174,2025-04-16T00:00:00.000,SIR
4059487,2025-04-16T00:00:00.000,Subway
40017,2025-04-17T00:00:00.000,AAR
974067,2025-04-17T00:00:00.000,BT
1364437,2025-04-17T00:00:00.000,Bus
596243,2025-04-17T00:00:00.000,CBD Entries
527358,2025-04-17T00:00:00.000,CRZ Entries
275186,2025-04-17T00:00:00.000,LIRR
233477,2025-04-17T00:00:00.000,MNR
6960,2025-04-17T00:00:00.000,SIR
4077460,2025-04-17T00:00:00.000,Subway
36191,2025-04-18T00:00:00.000,AAR
969108,2025-04-18T00:00:00.000,BT
1218484,2025-04-18T00:00:00.000,Bus
565946,2025-04-18T00:00:00.000,CBD Entries
498479,2025-04-18T00:00:00.000,CRZ Entries
260413,2025-04-18T00:00:00.000,LIRR
224930,2025-04-18T00:00:00.000,MNR
5534,2025-04-18T00:00:00.000,SIR
3551334,2025-04-18T00:00:00.000,Subway
26086,2025-04-19T00:00:00.000,AAR
909869,2025-04-19T00:00:00.000,BT
942925,2025-04-19T00:00:00.000,Bus
556677,2025-04-19T00:00:00.000,CBD Entries
491853,2025-04-19T00:00:00.000,CRZ Entries
152672,2025-04-19T00:00:00.000,LIRR
134808,2025-04-19T00:00:00.000,MNR
3316,2025-04-19T00:00:00.000,SIR
2880379,2025-04-19T00:00:00.000,Subway
28290,2025-04-20T00:00:00.000,AAR
893792,2025-04-20T00:00:00.000,BT
682601,2025-04-20T00:00:00.000,Bus
520381,2025-04-20T00:00:00.000,CBD Entries
454215,2025-04-20T00:00:00.000,CRZ Entries
124079,2025-04-20T00:00:00.000,LIRR
110984,2025-04-20T00:00:00.000,MNR
2284,2025-04-20T00:00:00.000,SIR
2100218,2025-04-20T00:00:00.000,Subway
35874,2025-04-21T00:00:00.000,AAR
1028664,2025-04-21T00:00:00.000,BT
1424279,2025-04-21T00:00:00.000,Bus
553116,2025-04-21T00:00:00.000,CBD Entries
484304,2025-04-21T00:00:00.000,CRZ Entries
258848,2025-04-21T00:00:00.000,LIRR
220681,2025-04-21T00:00:00.000,MNR
7174,2025-04-21T00:00:00.000,SIR
3806992,2025-04-21T00:00:00.000,Subway
41427,2025-04-22T00:00:00.000,AAR
946855,2025-04-22T00:00:00.000,BT
1534439,2025-04-22T00:00:00.000,Bus
571632,2025-04-22T00:00:00.000,CBD Entries
505174,2025-04-22T00:00:00.000,CRZ Entries
270985,2025-04-22T00:00:00.000,LIRR
237443,2025-04-22T00:00:00.000,MNR
8048,2025-04-22T00:00:00.000,SIR
4307321,2025-04-22T00:00:00.000,Subway
43714,2025-04-23T00:00:00.000,AAR
972123,2025-04-23T00:00:00.000,BT
1547077,2025-04-23T00:00:00.000,Bus
589635,2025-04-23T00:00:00.000,CBD Entries
520755,2025-04-23T00:00:00.000,CRZ Entries
273441,2025-04-23T00:00:00.000,LIRR
236130,2025-04-23T00:00:00.000,MNR
8204,2025-04-23T00:00:00.000,SIR
4402438,2025-04-23T00:00:00.000,Subway
42722,2025-04-24T00:00:00.000,AAR
990940,2025-04-24T00:00:00.000,BT
1542577,2025-04-24T00:00:00.000,Bus
601402,2025-04-24T00:00:00.000,CBD Entries
538173,2025-04-24T00:00:00.000,CRZ Entries
269508,2025-04-24T00:00:00.000,LIRR
237334,2025-04-24T00:00:00.000,MNR
8126,2025-04-24T00:00:00.000,SIR
4419648,2025-04-24T00:00:00.000,Subway
41123,2025-04-25T00:00:00.000,AAR
1010621,2025-04-25T00:00:00.000,BT
1477842,2025-04-25T00:00:00.000,Bus
604563,2025-04-25T00:00:00.000,CBD Entries
540167,2025-04-25T00:00:00.000,CRZ Entries
256108,2025-04-25T00:00:00.000,LIRR
225725,2025-04-25T00:00:00.000,MNR
6775,2025-04-25T00:00:00.000,SIR
4124744,2025-04-25T00:00:00.000,Subway
24813,2025-04-26T00:00:00.000,AAR
914525,2025-04-26T00:00:00.000,BT
937070,2025-04-26T00:00:00.000,Bus
571111,2025-04-26T00:00:00.000,CBD Entries
511520,2025-04-26T00:00:00.000,CRZ Entries
128572,2025-04-26T00:00:00.000,LIRR
112915,2025-04-26T00:00:00.000,MNR
2947,2025-04-26T00:00:00.000,SIR
2696077,2025-04-26T00:00:00.000,Subway
26217,2025-04-27T00:00:00.000,AAR
947945,2025-04-27T00:00:00.000,BT
763308,2025-04-27T00:00:00.000,Bus
545298,2025-04-27T00:00:00.000,CBD Entries
480205,2025-04-27T00:00:00.000,CRZ Entries
116980,2025-04-27T00:00:00.000,LIRR
104529,2025-04-27T00:00:00.000,MNR
2308,2025-04-27T00:00:00.000,SIR
2329464,2025-04-27T00:00:00.000,Subway
38772,2025-04-28T00:00:00.000,AAR
985521,2025-04-28T00:00:00.000,BT
1490933,2025-04-28T00:00:00.000,Bus
555769,2025-04-28T00:00:00.000,CBD Entries
491503,2025-04-28T00:00:00.000,CRZ Entries
252796,2025-04-28T00:00:00.000,LIRR
219281,2025-04-28T00:00:00.000,MNR
7535,2025-04-28T00:00:00.000,SIR
3946503,2025-04-28T00:00:00.000,Subway
42717,2025-04-29T00:00:00.000,AAR
953259,2025-04-29T00:00:00.000,BT
1556823,2025-04-29T00:00:00.000,Bus
578955,2025-04-29T00:00:00.000,CBD Entries
511123,2025-04-29T00:00:00.000,CRZ Entries
275022,2025-04-29T00:00:00.000,LIRR
236516,2025-04-29T00:00:00.000,MNR
8166,2025-04-29T00:00:00.000,SIR
4350681,2025-04-29T00:00:00.000,Subway
44071,2025-04-30T00:00:00.000,AAR
976520,2025-04-30T00:00:00.000,BT
1562345,2025-04-30T00:00:00.000,Bus
596109,2025-04-30T00:00:00.000,CBD Entries
527609,2025-04-30T00:00:00.000,CRZ Entries
274421,2025-04-30T00:00:00.000,LIRR
235657,2025-04-30T00:00:00.000,MNR
8233,2025-04-30T00:00:00.000,SIR
4406705,2025-04-30T00:00:00.000,Subway
42862,2025-05-01T00:00:00.000,AAR
995640,2025-05-01T00:00:00.000,BT
1544986,2025-05-01T00:00:00.000,Bus
603047,2025-05-01T00:00:00.000,CBD Entries
536725,2025-05-01T00:00:00.000,CRZ Entries
255295,2025-05-01T00:00:00.000,LIRR
217184,2025-05-01T00:00:00.000,MNR
8065,2025-05-01T00:00:00.000,SIR
4440098,2025-05-01T00:00:00.000,Subway
41919,2025-05-02T00:00:00.000,AAR
1012097,2025-05-02T00:00:00.000,BT
1481552,2025-05-02T00:00:00.000,Bus
612115,2025-05-02T00:00:00.000,CBD Entries
541649,2025-05-02T00:00:00.000,CRZ Entries
241602,2025-05-02T00:00:00.000,LIRR
208851,2025-05-02T00:00:00.000,MNR
7035,2025-05-02T00:00:00.000,SIR
4120612,2025-05-02T00:00:00.000,Subway
26948,2025-05-03T00:00:00.000,AAR
942945,2025-05-03T00:00:00.000,BT
997122,2025-05-03T00:00:00.000,Bus
585030,2025-05-03T00:00:00.000,CBD Entries
518920,2025-05-03T00:00:00.000,CRZ Entries
133711,2025-05-03T00:00:00.000,LIRR
122132,2025-05-03T00:00:00.000,MNR
3171,2025-05-03T00:00:00.000,SIR
2896423,2025-05-03T00:00:00.000,Subway
25492,2025-05-04T00:00:00.000,AAR
890736,2025-05-04T00:00:00.000,BT
704772,2025-05-04T00:00:00.000,Bus
517540,2025-05-04T00:00:00.000,CBD Entries
461843,2025-05-04T00:00:00.000,CRZ Entries
110229,2025-05-04T00:00:00.000,LIRR
96550,2025-05-04T00:00:00.000,MNR
2965,2025-05-04T00:00:00.000,SIR
2175053,2025-05-04T00:00:00.000,Subway
39989,2025-05-05T00:00:00.000,AAR
957694,2025-05-05T00:00:00.000,BT
1374815,2025-05-05T00:00:00.000,Bus
563368,2025-05-05T00:00:00.000,CBD Entries
497467,2025-05-05T00:00:00.000,CRZ Entries
245700,2025-05-05T00:00:00.000,LIRR
209710,2025-05-05T00:00:00.000,MNR
7248,2025-05-05T00:00:00.000,SIR
3924272,2025-05-05T00:00:00.000,Subway
42573,2025-05-06T00:00:00.000,AAR
933258,2025-05-06T00:00:00.000,BT
1474148,2025-05-06T00:00:00.000,Bus
581190,2025-05-06T00:00:00.000,CBD Entries
515890,2025-05-06T00:00:00.000,CRZ Entries
259823,2025-05-06T00:00:00.000,LIRR
230786,2025-05-06T00:00:00.000,MNR
7802,2025-05-06T00:00:00.000,SIR
4289517,2025-05-06T00:00:00.000,Subway
44564,2025-05-07T00:00:00.000,AAR
979259,2025-05-07T00:00:00.000,BT
1534698,2025-05-07T00:00:00.000,Bus
594746,2025-05-07T00:00:00.000,CBD Entries
527186,2025-05-07T00:00:00.000,CRZ Entries
265244,2025-05-07T00:00:00.000,LIRR
237348,2025-05-07T00:00:00.000,MNR
8339,2025-05-07T00:00:00.000,SIR
4438683,2025-05-07T00:00:00.000,Subway
44027,2025-05-08T00:00:00.000,AAR
996423,2025-05-08T00:00:00.000,BT
1519593,2025-05-08T00:00:00.000,Bus
613194,2025-05-08T00:00:00.000,CBD Entries
546625,2025-05-08T00:00:00.000,CRZ Entries
267298,2025-05-08T00:00:00.000,LIRR
228124,2025-05-08T00:00:00.000,MNR
7976,2025-05-08T00:00:00.000,SIR
4380539,2025-05-08T00:00:00.000,Subway
41254,2025-05-09T00:00:00.000,AAR
995954,2025-05-09T00:00:00.000,BT
1331879,2025-05-09T00:00:00.000,Bus
604005,2025-05-09T00:00:00.000,CBD Entries
536945,2025-05-09T00:00:00.000,CRZ Entries
253493,2025-05-09T00:00:00.000,LIRR
207842,2025-05-09T00:00:00.000,MNR
6262,2025-05-09T00:00:00.000,SIR
3893760,2025-05-09T00:00:00.000,Subway
27783,2025-05-10T00:00:00.000,AAR
966250,2025-05-10T00:00:00.000,BT
971181,2025-05-10T00:00:00.000,Bus
595494,2025-05-10T00:00:00.000,CBD Entries
525743,2025-05-10T00:00:00.000,CRZ Entries
156932,2025-05-10T00:00:00.000,LIRR
132365,2025-05-10T00:00:00.000,MNR
3309,2025-05-10T00:00:00.000,SIR
2895080,2025-05-10T00:00:00.000,Subway
31380,2025-05-11T00:00:00.000,AAR
995819,2025-05-11T00:00:00.000,BT
727298,2025-05-11T00:00:00.000,Bus
570347,2025-05-11T00:00:00.000,CBD Entries
497206,2025-05-11T00:00:00.000,CRZ Entries
137582,2025-05-11T00:00:00.000,LIRR
118279,2025-05-11T00:00:00.000,MNR
2398,2025-05-11T00:00:00.000,SIR
2177273,2025-05-11T00:00:00.000,Subway
37902,2025-05-12T00:00:00.000,AAR
1043580,2025-05-12T00:00:00.000,BT
1454909,2025-05-12T00:00:00.000,Bus
569158,2025-05-12T00:00:00.000,CBD Entries
500550,2025-05-12T00:00:00.000,CRZ Entries
267260,2025-05-12T00:00:00.000,LIRR
225151,2025-05-12T00:00:00.000,MNR
7463,2025-05-12T00:00:00.000,SIR
3950681,2025-05-12T00:00:00.000,Subway
42501,2025-05-13T00:00:00.000,AAR
956935,2025-05-13T00:00:00.000,BT
1499466,2025-05-13T00:00:00.000,Bus
584027,2025-05-13T00:00:00.000,CBD Entries
517598,2025-05-13T00:00:00.000,CRZ Entries
273175,2025-05-13T00:00:00.000,LIRR
236762,2025-05-13T00:00:00.000,MNR
7899,2025-05-13T00:00:00.000,SIR
4101901,2025-05-13T00:00:00.000,Subway
43850,2025-05-14T00:00:00.000,AAR
947348,2025-05-14T00:00:00.000,BT
1410385,2025-05-14T00:00:00.000,Bus
582744,2025-05-14T00:00:00.000,CBD Entries
521406,2025-05-14T00:00:00.000,CRZ Entries
268675,2025-05-14T00:00:00.000,LIRR
231338,2025-05-14T00:00:00.000,MNR
7815,2025-05-14T00:00:00.000,SIR
4325655,2025-05-14T00:00:00.000,Subway
43184,2025-05-15T00:00:00.000,AAR
1007427,2025-05-15T00:00:00.000,BT
1490616,2025-05-15T00:00:00.000,Bus
619201,2025-05-15T00:00:00.000,CBD Entries
548622,2025-05-15T00:00:00.000,CRZ Entries
269831,2025-05-15T00:00:00.000,LIRR
233021,2025-05-15T00:00:00.000,MNR
8217,2025-05-15T00:00:00.000,SIR
4226351,2025-05-15T00:00:00.000,Subway
41634,2025-05-16T00:00:00.000,AAR
1044127,2025-05-16T00:00:00.000,BT
1290844,2025-05-16T00:00:00.000,Bus
627406,2025-05-16T00:00:00.000,CBD Entries
555978,2025-05-16T00:00:00.000,CRZ Entries
273352,2025-05-16T00:00:00.000,LIRR
234569,2025-05-16T00:00:00.000,MNR
6109,2025-05-16T00:00:00.000,SIR
3917793,2025-05-16T00:00:00.000,Subway
26202,2025-05-17T00:00:00.000,AAR
979682,2025-05-17T00:00:00.000,BT
758100,2025-05-17T00:00:00.000,Bus
598384,2025-05-17T00:00:00.000,CBD Entries
533116,2025-05-17T00:00:00.000,CRZ Entries
147850,2025-05-17T00:00:00.000,LIRR
141007,2025-05-17T00:00:00.000,MNR
2161,2025-05-17T00:00:00.000,SIR
2806907,2025-05-17T00:00:00.000,Subway
27587,2025-05-18T00:00:00.000,AAR
990673,2025-05-18T00:00:00.000,BT
735919,2025-05-18T00:00:00.000,Bus
567796,2025-05-18T00:00:00.000,CBD Entries
498434,2025-05-18T00:00:00.000,CRZ Entries
128018,2025-05-18T00:00:00.000,LIRR
118803,2025-05-18T00:00:00.000,MNR
2779,2025-05-18T00:00:00.000,SIR
2348810,2025-05-18T00:00:00.000,Subway
39503,2025-05-19T00:00:00.000,AAR
1028871,2025-05-19T00:00:00.000,BT
1383215,2025-05-19T00:00:00.000,Bus
577706,2025-05-19T00:00:00.000,CBD Entries
508135,2025-05-19T00:00:00.000,CRZ Entries
261500,2025-05-19T00:00:00.000,LIRR
226926,2025-05-19T00:00:00.000,MNR
7084,2025-05-19T00:00:00.000,SIR
3859712,2025-05-19T00:00:00.000,Subway
43311,2025-05-20T00:00:00.000,AAR
986994,2025-05-20T00:00:00.000,BT
1526811,2025-05-20T00:00:00.000,Bus
594230,2025-05-20T00:00:00.000,CBD Entries
524091,2025-05-20T00:00:00.000,CRZ Entries
285050,2025-05-20T00:00:00.000,LIRR
255638,2025-05-20T00:00:00.000,MNR
7694,2025-05-20T00:00:00.000,SIR
4288364,2025-05-20T00:00:00.000,Subway
43061,2025-05-21T00:00:00.000,AAR
989241,2025-05-21T00:00:00.000,BT
1435870,2025-05-21T00:00:00.000,Bus
599643,2025-05-21T00:00:00.000,CBD Entries
532201,2025-05-21T00:00:00.000,CRZ Entries
277010,2025-05-21T00:00:00.000,LIRR
239556,2025-05-21T00:00:00.000,MNR
7997,2025-05-21T00:00:00.000,SIR
4359486,2025-05-21T00:00:00.000,Subway
41619,2025-05-22T00:00:00.000,AAR
978315,2025-05-22T00:00:00.000,BT
1360223,2025-05-22T00:00:00.000,Bus
595992,2025-05-22T00:00:00.000,CBD Entries
530563,2025-05-22T00:00:00.000,CRZ Entries
262440,2025-05-22T00:00:00.000,LIRR
226023,2025-05-22T00:00:00.000,MNR
7259,2025-05-22T00:00:00.000,SIR
4177436,2025-05-22T00:00:00.000,Subway
39780,2025-05-23T00:00:00.000,AAR
1026403,2025-05-23T00:00:00.000,BT
1350033,2025-05-23T00:00:00.000,Bus
594017,2025-05-23T00:00:00.000,CBD Entries
524190,2025-05-23T00:00:00.000,CRZ Entries
276688,2025-05-23T00:00:00.000,LIRR
222482,2025-05-23T00:00:00.000,MNR
6449,2025-05-23T00:00:00.000,SIR
3867945,2025-05-23T00:00:00.000,Subway
24931,2025-05-24T00:00:00.000,AAR
904204,2025-05-24T00:00:00.000,BT
892650,2025-05-24T00:00:00.000,Bus
532950,2025-05-24T00:00:00.000,CBD Entries
468696,2025-05-24T00:00:00.000,CRZ Entries
150831,2025-05-24T00:00:00.000,LIRR
123603,2025-05-24T00:00:00.000,MNR
3341,2025-05-24T00:00:00.000,SIR
2613079,2025-05-24T00:00:00.000,Subway
26605,2025-05-25T00:00:00.000,AAR
893655,2025-05-25T00:00:00.000,BT
734847,2025-05-25T00:00:00.000,Bus
512342,2025-05-25T00:00:00.000,CBD Entries
443567,2025-05-25T00:00:00.000,CRZ Entries
134252,2025-05-25T00:00:00.000,LIRR
114432,2025-05-25T00:00:00.000,MNR
2743,2025-05-25T00:00:00.000,SIR
2265268,2025-05-25T00:00:00.000,Subway
18515,2025-05-26T00:00:00.000,AAR
852880,2025-05-26T00:00:00.000,BT
796572,2025-05-26T00:00:00.000,Bus
463543,2025-05-26T00:00:00.000,CBD Entries
399174,2025-05-26T00:00:00.000,CRZ Entries
130049,2025-05-26T00:00:00.000,LIRR
108449,2025-05-26T00:00:00.000,MNR
3307,2025-05-26T00:00:00.000,SIR
2225230,2025-05-26T00:00:00.000,Subway
41019,2025-05-27T00:00:00.000,AAR
1004541,2025-05-27T00:00:00.000,BT
1458610,2025-05-27T00:00:00.000,Bus
574207,2025-05-27T00:00:00.000,CBD Entries
504691,2025-05-27T00:00:00.000,CRZ Entries
281318,2025-05-27T00:00:00.000,LIRR
243011,2025-05-27T00:00:00.000,MNR
7983,2025-05-27T00:00:00.000,SIR
4131820,2025-05-27T00:00:00.000,Subway
43951,2025-05-28T00:00:00.000,AAR
955165,2025-05-28T00:00:00.000,BT
1439867,2025-05-28T00:00:00.000,Bus
585014,2025-05-28T00:00:00.000,CBD Entries
517078,2025-05-28T00:00:00.000,CRZ Entries
273219,2025-05-28T00:00:00.000,LIRR
241099,2025-05-28T00:00:00.000,MNR
7971,2025-05-28T00:00:00.000,SIR
4319577,2025-05-28T00:00:00.000,Subway
42557,2025-05-29T00:00:00.000,AAR
983257,2025-05-29T00:00:00.000,BT
1451583,2025-05-29T00:00:00.000,Bus
603540,2025-05-29T00:00:00.000,CBD Entries
534290,2025-05-29T00:00:00.000,CRZ Entries
272341,2025-05-29T00:00:00.000,LIRR
233835,2025-05-29T00:00:00.000,MNR
7730,2025-05-29T00:00:00.000,SIR
4330609,2025-05-29T00:00:00.000,Subway
42154,2025-05-30T00:00:00.000,AAR
1000931,2025-05-30T00:00:00.000,BT
1417061,2025-05-30T00:00:00.000,Bus
601404,2025-05-30T00:00:00.000,CBD Entries
533129,2025-05-30T00:00:00.000,CRZ Entries
267632,2025-05-30T00:00:00.000,LIRR
220334,2025-05-30T00:00:00.000,MNR
6788,2025-05-30T00:00:00.000,SIR
4013939,2025-05-30T00:00:00.000,Subway
25399,2025-05-31T00:00:00.000,AAR
898794,2025-05-31T00:00:00.000,BT
928331,2025-05-31T00:00:00.000,Bus
563611,2025-05-31T00:00:00.000,CBD Entries
498973,2025-05-31T00:00:00.000,CRZ Entries
145270,2025-05-31T00:00:00.000,LIRR
116390,2025-05-31T00:00:00.000,MNR
2743,2025-05-31T00:00:00.000,SIR
2703804,2025-05-31T00:00:00.000,Subway
27401,2025-06-01T00:00:00.000,AAR
925859,2025-06-01T00:00:00.000,BT
757386,2025-06-01T00:00:00.000,Bus
537110,2025-06-01T00:00:00.000,CBD Entries
471081,2025-06-01T00:00:00.000,CRZ Entries
121796,2025-06-01T00:00:00.000,LIRR
99548,2025-06-01T00:00:00.000,MNR
2520,2025-06-01T00:00:00.000,SIR
2216471,2025-06-01T00:00:00.000,Subway
37700,2025-06-02T00:00:00.000,AAR
931953,2025-06-02T00:00:00.000,BT
1433260,2025-06-02T00:00:00.000,Bus
536609,2025-06-02T00:00:00.000,CBD Entries
475683,2025-06-02T00:00:00.000,CRZ Entries
232864,2025-06-02T00:00:00.000,LIRR
207612,2025-06-02T00:00:00.000,MNR
7190,2025-06-02T00:00:00.000,SIR
3825105,2025-06-02T00:00:00.000,Subway
42931,2025-06-03T00:00:00.000,AAR
908595,2025-06-03T00:00:00.000,BT
1504149,2025-06-03T00:00:00.000,Bus
563793,2025-06-03T00:00:00.000,CBD Entries
500569,2025-06-03T00:00:00.000,CRZ Entries
263483,2025-06-03T00:00:00.000,LIRR
245856,2025-06-03T00:00:00.000,MNR
8081,2025-06-03T00:00:00.000,SIR
4277676,2025-06-03T00:00:00.000,Subway
45757,2025-06-04T00:00:00.000,AAR
998790,2025-06-04T00:00:00.000,BT
1542346,2025-06-04T00:00:00.000,Bus
597848,2025-06-04T00:00:00.000,CBD Entries
527257,2025-06-04T00:00:00.000,CRZ Entries
282470,2025-06-04T00:00:00.000,LIRR
245882,2025-06-04T00:00:00.000,MNR
8434,2025-06-04T00:00:00.000,SIR
4453078,2025-06-04T00:00:00.000,Subway
43649,2025-06-05T00:00:00.000,AAR
1021888,2025-06-05T00:00:00.000,BT
1435569,2025-06-05T00:00:00.000,Bus
610503,2025-06-05T00:00:00.000,CBD Entries
539708,2025-06-05T00:00:00.000,CRZ Entries
276354,2025-06-05T00:00:00.000,LIRR
239951,2025-06-05T00:00:00.000,MNR
7400,2025-06-05T00:00:00.000,SIR
4209248,2025-06-05T00:00:00.000,Subway
41920,2025-06-06T00:00:00.000,AAR
1039871,2025-06-06T00:00:00.000,BT
1387859,2025-06-06T00:00:00.000,Bus
588357,2025-06-06T00:00:00.000,CBD Entries
518370,2025-06-06T00:00:00.000,CRZ Entries
275908,2025-06-06T00:00:00.000,LIRR
232473,2025-06-06T00:00:00.000,MNR
6642,2025-06-06T00:00:00.000,SIR
3971366,2025-06-06T00:00:00.000,Subway
26651,2025-06-07T00:00:00.000,AAR
935369,2025-06-07T00:00:00.000,BT
914494,2025-06-07T00:00:00.000,Bus
560695,2025-06-07T00:00:00.000,CBD Entries
496566,2025-06-07T00:00:00.000,CRZ Entries
142141,2025-06-07T00:00:00.000,LIRR
128292,2025-06-07T00:00:00.000,MNR
2939,2025-06-07T00:00:00.000,SIR
2746462,2025-06-07T00:00:00.000,Subway
27726,2025-06-08T00:00:00.000,AAR
959240,2025-06-08T00:00:00.000,BT
756088,2025-06-08T00:00:00.000,Bus
547858,2025-06-08T00:00:00.000,CBD Entries
479586,2025-06-08T00:00:00.000,CRZ Entries
135005,2025-06-08T00:00:00.000,LIRR
125365,2025-06-08T00:00:00.000,MNR
2486,2025-06-08T00:00:00.000,SIR
2419073,2025-06-08T00:00:00.000,Subway
40161,2025-06-09T00:00:00.000,AAR
1027851,2025-06-09T00:00:00.000,BT
1419682,2025-06-09T00:00:00.000,Bus
561829,2025-06-09T00:00:00.000,CBD Entries
492176,2025-06-09T00:00:00.000,CRZ Entries
255303,2025-06-09T00:00:00.000,LIRR
222549,2025-06-09T00:00:00.000,MNR
7392,2025-06-09T00:00:00.000,SIR
3894637,2025-06-09T00:00:00.000,Subway
42936,2025-06-10T00:00:00.000,AAR
943705,2025-06-10T00:00:00.000,BT
1443471,2025-06-10T00:00:00.000,Bus
572615,2025-06-10T00:00:00.000,CBD Entries
506704,2025-06-10T00:00:00.000,CRZ Entries
275576,2025-06-10T00:00:00.000,LIRR
239058,2025-06-10T00:00:00.000,MNR
7558,2025-06-10T00:00:00.000,SIR
4242094,2025-06-10T00:00:00.000,Subway
46251,2025-06-11T00:00:00.000,AAR
989893,2025-06-11T00:00:00.000,BT
1533682,2025-06-11T00:00:00.000,Bus
593244,2025-06-11T00:00:00.000,CBD Entries
525009,2025-06-11T00:00:00.000,CRZ Entries
282392,2025-06-11T00:00:00.000,LIRR
244814,2025-06-11T00:00:00.000,MNR
8316,2025-06-11T00:00:00.000,SIR
4389844,2025-06-11T00:00:00.000,Subway
45320,2025-06-12T00:00:00.000,AAR
1021816,2025-06-12T00:00:00.000,BT
1518029,2025-06-12T00:00:00.000,Bus
613180,2025-06-12T00:00:00.000,CBD Entries
542010,2025-06-12T00:00:00.000,CRZ Entries
282071,2025-06-12T00:00:00.000,LIRR
241736,2025-06-12T00:00:00.000,MNR
7676,2025-06-12T00:00:00.000,SIR
4389106,2025-06-12T00:00:00.000,Subway
42554,2025-06-13T00:00:00.000,AAR
1034111,2025-06-13T00:00:00.000,BT
1440700,2025-06-13T00:00:00.000,Bus
600724,2025-06-13T00:00:00.000,CBD Entries
529728,2025-06-13T00:00:00.000,CRZ Entries
271326,2025-06-13T00:00:00.000,LIRR
223767,2025-06-13T00:00:00.000,MNR
6646,2025-06-13T00:00:00.000,SIR
4016599,2025-06-13T00:00:00.000,Subway
27033,2025-06-14T00:00:00.000,AAR
912646,2025-06-14T00:00:00.000,BT
848789,2025-06-14T00:00:00.000,Bus
548137,2025-06-14T00:00:00.000,CBD Entries
484827,2025-06-14T00:00:00.000,CRZ Entries
137307,2025-06-14T00:00:00.000,LIRR
117635,2025-06-14T00:00:00.000,MNR
2812,2025-06-14T00:00:00.000,SIR
2648754,2025-06-14T00:00:00.000,Subway
28137,2025-06-15T00:00:00.000,AAR
920237,2025-06-15T00:00:00.000,BT
708559,2025-06-15T00:00:00.000,Bus
523431,2025-06-15T00:00:00.000,CBD Entries
456312,2025-06-15T00:00:00.000,CRZ Entries
128639,2025-06-15T00:00:00.000,LIRR
107802,2025-06-15T00:00:00.000,MNR
2227,2025-06-15T00:00:00.000,SIR
2060343,2025-06-15T00:00:00.000,Subway
39076,2025-06-16T00:00:00.000,AAR
1007285,2025-06-16T00:00:00.000,BT
1422102,2025-06-16T00:00:00.000,Bus
551055,2025-06-16T00:00:00.000,CBD Entries
483183,2025-06-16T00:00:00.000,CRZ Entries
259549,2025-06-16T00:00:00.000,LIRR
233061,2025-06-16T00:00:00.000,MNR
7310,2025-06-16T00:00:00.000,SIR
3881697,2025-06-16T00:00:00.000,Subway
43724,2025-06-17T00:00:00.000,AAR
955783,2025-06-17T00:00:00.000,BT
1462892,2025-06-17T00:00:00.000,Bus
574699,2025-06-17T00:00:00.000,CBD Entries
506016,2025-06-17T00:00:00.000,CRZ Entries
278874,2025-06-17T00:00:00.000,LIRR
252443,2025-06-17T00:00:00.000,MNR
7787,2025-06-17T00:00:00.000,SIR
4244501,2025-06-17T00:00:00.000,Subway
45681,2025-06-18T00:00:00.000,AAR
993037,2025-06-18T00:00:00.000,BT
1488512,2025-06-18T00:00:00.000,Bus
594075,2025-06-18T00:00:00.000,CBD Entries
524562,2025-06-18T00:00:00.000,CRZ Entries
287437,2025-06-18T00:00:00.000,LIRR
258760,2025-06-18T00:00:00.000,MNR
7816,2025-06-18T00:00:00.000,SIR
4352533,2025-06-18T00:00:00.000,Subway
30585,2025-06-19T00:00:00.000,AAR
995177,2025-06-19T00:00:00.000,BT
1166095,2025-06-19T00:00:00.000,Bus
569203,2025-06-19T00:00:00.000,CBD Entries
499929,2025-06-19T00:00:00.000,CRZ Entries
151719,2025-06-19T00:00:00.000,LIRR
128671,2025-06-19T00:00:00.000,MNR
4879,2025-06-19T00:00:00.000,SIR
3312985,2025-06-19T00:00:00.000,Subway
42403,2025-06-20T00:00:00.000,AAR
1032634,2025-06-20T00:00:00.000,BT
1402524,2025-06-20T00:00:00.000,Bus
590494,2025-06-20T00:00:00.000,CBD Entries
520330,2025-06-20T00:00:00.000,CRZ Entries
275003,2025-06-20T00:00:00.000,LIRR
238453,2025-06-20T00:00:00.000,MNR
6535,2025-06-20T00:00:00.000,SIR
3917085,2025-06-20T00:00:00.000,Subway
28166,2025-06-21T00:00:00.000,AAR
983057,2025-06-21T00:00:00.000,BT
976504,2025-06-21T00:00:00.000,Bus
564325,2025-06-21T00:00:00.000,CBD Entries
498572,2025-06-21T00:00:00.000,CRZ Entries
157226,2025-06-21T00:00:00.000,LIRR
137237,2025-06-21T00:00:00.000,MNR
3008,2025-06-21T00:00:00.000,SIR
2750049,2025-06-21T00:00:00.000,Subway
27873,2025-06-22T00:00:00.000,AAR
968239,2025-06-22T00:00:00.000,BT
720311,2025-06-22T00:00:00.000,Bus
540947,2025-06-22T00:00:00.000,CBD Entries
472985,2025-06-22T00:00:00.000,CRZ Entries
124808,2025-06-22T00:00:00.000,LIRR
106241,2025-06-22T00:00:00.000,MNR
1961,2025-06-22T00:00:00.000,SIR
2036654,2025-06-22T00:00:00.000,Subway
38543,2025-06-23T00:00:00.000,AAR
1045305,2025-06-23T00:00:00.000,BT
1364226,2025-06-23T00:00:00.000,Bus
560860,2025-06-23T00:00:00.000,CBD Entries
493387,2025-06-23T00:00:00.000,CRZ Entries
267072,2025-06-23T00:00:00.000,LIRR
220195,2025-06-23T00:00:00.000,MNR
6749,2025-06-23T00:00:00.000,SIR
3675099,2025-06-23T00:00:00.000,Subway
41227,2025-06-24T00:00:00.000,AAR
998504,2025-06-24T00:00:00.000,BT
1358019,2025-06-24T00:00:00.000,Bus
576576,2025-06-24T00:00:00.000,CBD Entries
508897,2025-06-24T00:00:00.000,CRZ Entries
274554,2025-06-24T00:00:00.000,LIRR
228175,2025-06-24T00:00:00.000,MNR
6962,2025-06-24T00:00:00.000,SIR
3857783,2025-06-24T00:00:00.000,Subway
43104,2025-06-25T00:00:00.000,AAR
1013051,2025-06-25T00:00:00.000,BT
1365564,2025-06-25T00:00:00.000,Bus
588529,2025-06-25T00:00:00.000,CBD Entries
518042,2025-06-25T00:00:00.000,CRZ Entries
275835,2025-06-25T00:00:00.000,LIRR
234020,2025-06-25T00:00:00.000,MNR
7305,2025-06-25T00:00:00.000,SIR
4044532,2025-06-25T00:00:00.000,Subway
42597,2025-06-26T00:00:00.000,AAR
1033733,2025-06-26T00:00:00.000,BT
1430075,2025-06-26T00:00:00.000,Bus
598642,2025-06-26T00:00:00.000,CBD Entries
530476,2025-06-26T00:00:00.000,CRZ Entries
284518,2025-06-26T00:00:00.000,LIRR
237407,2025-06-26T00:00:00.000,MNR
7544,2025-06-26T00:00:00.000,SIR
4176259,2025-06-26T00:00:00.000,Subway
41129,2025-06-27T00:00:00.000,AAR
1038297,2025-06-27T00:00:00.000,BT
1309638,2025-06-27T00:00:00.000,Bus
597400,2025-06-27T00:00:00.000,CBD Entries
527598,2025-06-27T00:00:00.000,CRZ Entries
269267,2025-06-27T00:00:00.000,LIRR
236144,2025-06-27T00:00:00.000,MNR
6180,2025-06-27T00:00:00.000,SIR
3745156,2025-06-27T00:00:00.000,Subway
26021,2025-06-28T00:00:00.000,AAR
956048,2025-06-28T00:00:00.000,BT
915611,2025-06-28T00:00:00.000,Bus
562919,2025-06-28T00:00:00.000,CBD Entries
496660,2025-06-28T00:00:00.000,CRZ Entries
140546,2025-06-28T00:00:00.000,LIRR
133369,2025-06-28T00:00:00.000,MNR
3356,2025-06-28T00:00:00.000,SIR
2779328,2025-06-28T00:00:00.000,Subway
27283,2025-06-29T00:00:00.000,AAR
976414,2025-06-29T00:00:00.000,BT
747156,2025-06-29T00:00:00.000,Bus
531999,2025-06-29T00:00:00.000,CBD Entries
462437,2025-06-29T00:00:00.000,CRZ Entries
140810,2025-06-29T00:00:00.000,LIRR
128084,2025-06-29T00:00:00.000,MNR
2965,2025-06-29T00:00:00.000,SIR
2443017,2025-06-29T00:00:00.000,Subway
38466,2025-06-30T00:00:00.000,AAR
1036313,2025-06-30T00:00:00.000,BT
1322280,2025-06-30T00:00:00.000,Bus
552156,2025-06-30T00:00:00.000,CBD Entries
484319,2025-06-30T00:00:00.000,CRZ Entries
265402,2025-06-30T00:00:00.000,LIRR
226634,2025-06-30T00:00:00.000,MNR
7013,2025-06-30T00:00:00.000,SIR
3570724,2025-06-30T00:00:00.000,Subway
41983,2025-07-01T00:00:00.000,AAR
968239,2025-07-01T00:00:00.000,BT
1352948,2025-07-01T00:00:00.000,Bus
552919,2025-07-01T00:00:00.000,CBD Entries
486400,2025-07-01T00:00:00.000,CRZ Entries
245375,2025-07-01T00:00:00.000,LIRR
212691,2025-07-01T00:00:00.000,MNR
7169,2025-07-01T00:00:00.000,SIR
3827420,2025-07-01T00:00:00.000,Subway
44290,2025-07-02T00:00:00.000,AAR
967159,2025-07-02T00:00:00.000,BT
1398660,2025-07-02T00:00:00.000,Bus
560964,2025-07-02T00:00:00.000,CBD Entries
493313,2025-07-02T00:00:00.000,CRZ Entries
267728,2025-07-02T00:00:00.000,LIRR
213549,2025-07-02T00:00:00.000,MNR
7241,2025-07-02T00:00:00.000,SIR
3850919,2025-07-02T00:00:00.000,Subway
42904,2025-07-03T00:00:00.000,AAR
1013752,2025-07-03T00:00:00.000,BT
1348055,2025-07-03T00:00:00.000,Bus
559318,2025-07-03T00:00:00.000,CBD Entries
487405,2025-07-03T00:00:00.000,CRZ Entries
266204,2025-07-03T00:00:00.000,LIRR
208213,2025-07-03T00:00:00.000,MNR
6320,2025-07-03T00:00:00.000,SIR
3599213,2025-07-03T00:00:00.000,Subway
23960,2025-07-04T00:00:00.000,AAR
833688,2025-07-04T00:00:00.000,BT
777322,2025-07-04T00:00:00.000,Bus
370595,2025-07-04T00:00:00.000,CBD Entries
344431,2025-07-04T00:00:00.000,CRZ Entries
141707,2025-07-04T00:00:00.000,LIRR
107177,2025-07-04T00:00:00.000,MNR
3278,2025-07-04T00:00:00.000,SIR
2325024,2025-07-04T00:00:00.000,Subway
23179,2025-07-05T00:00:00.000,AAR
851222,2025-07-05T00:00:00.000,BT
865914,2025-07-05T00:00:00.000,Bus
473374,2025-07-05T00:00:00.000,CBD Entries
417488,2025-07-05T00:00:00.000,CRZ Entries
147313,2025-07-05T00:00:00.000,LIRR
108845,2025-07-05T00:00:00.000,MNR
3032,2025-07-05T00:00:00.000,SIR
2279010,2025-07-05T00:00:00.000,Subway
26944,2025-07-06T00:00:00.000,AAR
920080,2025-07-06T00:00:00.000,BT
739870,2025-07-06T00:00:00.000,Bus
495165,2025-07-06T00:00:00.000,CBD Entries
427051,2025-07-06T00:00:00.000,CRZ Entries
146359,2025-07-06T00:00:00.000,LIRR
106648,2025-07-06T00:00:00.000,MNR
2336,2025-07-06T00:00:00.000,SIR
1991884,2025-07-06T00:00:00.000,Subway
39214,2025-07-07T00:00:00.000,AAR
1003373,2025-07-07T00:00:00.000,BT
1345304,2025-07-07T00:00:00.000,Bus
539785,2025-07-07T00:00:00.000,CBD Entries
472168,2025-07-07T00:00:00.000,CRZ Entries
248037,2025-07-07T00:00:00.000,LIRR
211317,2025-07-07T00:00:00.000,MNR
6657,2025-07-07T00:00:00.000,SIR
3494924,2025-07-07T00:00:00.000,Subway
42288,2025-07-08T00:00:00.000,AAR
951833,2025-07-08T00:00:00.000,BT
1411193,2025-07-08T00:00:00.000,Bus
562596,2025-07-08T00:00:00.000,CBD Entries
496160,2025-07-08T00:00:00.000,CRZ Entries
262625,2025-07-08T00:00:00.000,LIRR
241553,2025-07-08T00:00:00.000,MNR
7104,2025-07-08T00:00:00.000,SIR
3921235,2025-07-08T00:00:00.000,Subway
45132,2025-07-09T00:00:00.000,AAR
965683,2025-07-09T00:00:00.000,BT
1451732,2025-07-09T00:00:00.000,Bus
575949,2025-07-09T00:00:00.000,CBD Entries
511140,2025-07-09T00:00:00.000,CRZ Entries
266421,2025-07-09T00:00:00.000,LIRR
236794,2025-07-09T00:00:00.000,MNR
7633,2025-07-09T00:00:00.000,SIR
4071286,2025-07-09T00:00:00.000,Subway
43008,2025-07-10T00:00:00.000,AAR
986087,2025-07-10T00:00:00.000,BT
1393906,2025-07-10T00:00:00.000,Bus
584824,2025-07-10T00:00:00.000,CBD Entries
519365,2025-07-10T00:00:00.000,CRZ Entries
263195,2025-07-10T00:00:00.000,LIRR
229112,2025-07-10T00:00:00.000,MNR
7343,2025-07-10T00:00:00.000,SIR
4019506,2025-07-10T00:00:00.000,Subway
42338,2025-07-11T00:00:00.000,AAR
1006386,2025-07-11T00:00:00.000,BT
1338079,2025-07-11T00:00:00.000,Bus
585622,2025-07-11T00:00:00.000,CBD Entries
518022,2025-07-11T00:00:00.000,CRZ Entries
272902,2025-07-11T00:00:00.000,LIRR
225186,2025-07-11T00:00:00.000,MNR
6312,2025-07-11T00:00:00.000,SIR
3752472,2025-07-11T00:00:00.000,Subway
27698,2025-07-12T00:00:00.000,AAR
951433,2025-07-12T00:00:00.000,BT
960786,2025-07-12T00:00:00.000,Bus
548482,2025-07-12T00:00:00.000,CBD Entries
489791,2025-07-12T00:00:00.000,CRZ Entries
149285,2025-07-12T00:00:00.000,LIRR
135356,2025-07-12T00:00:00.000,MNR
3333,2025-07-12T00:00:00.000,SIR
2696784,2025-07-12T00:00:00.000,Subway
27530,2025-07-13T00:00:00.000,AAR
953037,2025-07-13T00:00:00.000,BT
750701,2025-07-13T00:00:00.000,Bus
512419,2025-07-13T00:00:00.000,CBD Entries
460304,2025-07-13T00:00:00.000,CRZ Entries
132047,2025-07-13T00:00:00.000,LIRR
115440,2025-07-13T00:00:00.000,MNR
2436,2025-07-13T00:00:00.000,SIR
2144413,2025-07-13T00:00:00.000,Subway
39010,2025-07-14T00:00:00.000,AAR
1005573,2025-07-14T00:00:00.000,BT
1339218,2025-07-14T00:00:00.000,Bus
551976,2025-07-14T00:00:00.000,CBD Entries
488753,2025-07-14T00:00:00.000,CRZ Entries
257985,2025-07-14T00:00:00.000,LIRR
218295,2025-07-14T00:00:00.000,MNR
6862,2025-07-14T00:00:00.000,SIR
3605195,2025-07-14T00:00:00.000,Subway
42917,2025-07-15T00:00:00.000,AAR
954231,2025-07-15T00:00:00.000,BT
1440912,2025-07-15T00:00:00.000,Bus
568443,2025-07-15T00:00:00.000,CBD Entries
505180,2025-07-15T00:00:00.000,CRZ Entries
273821,2025-07-15T00:00:00.000,LIRR
240472,2025-07-15T00:00:00.000,MNR
7585,2025-07-15T00:00:00.000,SIR
4039160,2025-07-15T00:00:00.000,Subway
44891,2025-07-16T00:00:00.000,AAR
982346,2025-07-16T00:00:00.000,BT
1448849,2025-07-16T00:00:00.000,Bus
582827,2025-07-16T00:00:00.000,CBD Entries
517696,2025-07-16T00:00:00.000,CRZ Entries
274639,2025-07-16T00:00:00.000,LIRR
239169,2025-07-16T00:00:00.000,MNR
7572,2025-07-16T00:00:00.000,SIR
4117704,2025-07-16T00:00:00.000,Subway
43352,2025-07-17T00:00:00.000,AAR
995531,2025-07-17T00:00:00.000,BT
1405028,2025-07-17T00:00:00.000,Bus
598461,2025-07-17T00:00:00.000,CBD Entries
529651,2025-07-17T00:00:00.000,CRZ Entries
272814,2025-07-17T00:00:00.000,LIRR
230292,2025-07-17T00:00:00.000,MNR
7131,2025-07-17T00:00:00.000,SIR
4029813,2025-07-17T00:00:00.000,Subway
42209,2025-07-18T00:00:00.000,AAR
1019172,2025-07-18T00:00:00.000,BT
1335124,2025-07-18T00:00:00.000,Bus
591287,2025-07-18T00:00:00.000,CBD Entries
522779,2025-07-18T00:00:00.000,CRZ Entries
278160,2025-07-18T00:00:00.000,LIRR
223832,2025-07-18T00:00:00.000,MNR
6115,2025-07-18T00:00:00.000,SIR
3739145,2025-07-18T00:00:00.000,Subway
28090,2025-07-19T00:00:00.000,AAR
971750,2025-07-19T00:00:00.000,BT
936694,2025-07-19T00:00:00.000,Bus
555768,2025-07-19T00:00:00.000,CBD Entries
492020,2025-07-19T00:00:00.000,CRZ Entries
168171,2025-07-19T00:00:00.000,LIRR
133834,2025-07-19T00:00:00.000,MNR
3241,2025-07-19T00:00:00.000,SIR
2655440,2025-07-19T00:00:00.000,Subway
27099,2025-07-20T00:00:00.000,AAR
961841,2025-07-20T00:00:00.000,BT
753370,2025-07-20T00:00:00.000,Bus
526015,2025-07-20T00:00:00.000,CBD Entries
460599,2025-07-20T00:00:00.000,CRZ Entries
140696,2025-07-20T00:00:00.000,LIRR
107317,2025-07-20T00:00:00.000,MNR
2433,2025-07-20T00:00:00.000,SIR
2111747,2025-07-20T00:00:00.000,Subway
39272,2025-07-21T00:00:00.000,AAR
1022424,2025-07-21T00:00:00.000,BT
1361375,2025-07-21T00:00:00.000,Bus
552298,2025-07-21T00:00:00.000,CBD Entries
485347,2025-07-21T00:00:00.000,CRZ Entries
267689,2025-07-21T00:00:00.000,LIRR
224453,2025-07-21T00:00:00.000,MNR
6941,2025-07-21T00:00:00.000,SIR
3671940,2025-07-21T00:00:00.000,Subway
43313,2025-07-22T00:00:00.000,AAR
958164,2025-07-22T00:00:00.000,BT
1433292,2025-07-22T00:00:00.000,Bus
566171,2025-07-22T00:00:00.000,CBD Entries
500828,2025-07-22T00:00:00.000,CRZ Entries
295419,2025-07-22T00:00:00.000,LIRR
245466,2025-07-22T00:00:00.000,MNR
7645,2025-07-22T00:00:00.000,SIR
4085230,2025-07-22T00:00:00.000,Subway
44930,2025-07-23T00:00:00.000,AAR
969675,2025-07-23T00:00:00.000,BT
1431350,2025-07-23T00:00:00.000,Bus
583481,2025-07-23T00:00:00.000,CBD Entries
515261,2025-07-23T00:00:00.000,CRZ Entries
298419,2025-07-23T00:00:00.000,LIRR
240979,2025-07-23T00:00:00.000,MNR
7619,2025-07-23T00:00:00.000,SIR
4124410,2025-07-23T00:00:00.000,Subway
43574,2025-07-24T00:00:00.000,AAR
1007291,2025-07-24T00:00:00.000,BT
1422129,2025-07-24T00:00:00.000,Bus
592456,2025-07-24T00:00:00.000,CBD Entries
526974,2025-07-24T00:00:00.000,CRZ Entries
277559,2025-07-24T00:00:00.000,LIRR
236538,2025-07-24T00:00:00.000,MNR
7277,2025-07-24T00:00:00.000,SIR
4079094,2025-07-24T00:00:00.000,Subway
40952,2025-07-25T00:00:00.000,AAR
1016324,2025-07-25T00:00:00.000,BT
1280081,2025-07-25T00:00:00.000,Bus
588419,2025-07-25T00:00:00.000,CBD Entries
518744,2025-07-25T00:00:00.000,CRZ Entries
262297,2025-07-25T00:00:00.000,LIRR
222755,2025-07-25T00:00:00.000,MNR
5508,2025-07-25T00:00:00.000,SIR
3656150,2025-07-25T00:00:00.000,Subway
27624,2025-07-26T00:00:00.000,AAR
976557,2025-07-26T00:00:00.000,BT
922083,2025-07-26T00:00:00.000,Bus
563385,2025-07-26T00:00:00.000,CBD Entries
499170,2025-07-26T00:00:00.000,CRZ Entries
159323,2025-07-26T00:00:00.000,LIRR
137302,2025-07-26T00:00:00.000,MNR
3040,2025-07-26T00:00:00.000,SIR
2790923,2025-07-26T00:00:00.000,Subway
25966,2025-07-27T00:00:00.000,AAR
946959,2025-07-27T00:00:00.000,BT
704038,2025-07-27T00:00:00.000,Bus
523954,2025-07-27T00:00:00.000,CBD Entries
457180,2025-07-27T00:00:00.000,CRZ Entries
127073,2025-07-27T00:00:00.000,LIRR
112224,2025-07-27T00:00:00.000,MNR
2128,2025-07-27T00:00:00.000,SIR
2149759,2025-07-27T00:00:00.000,Subway
38491,2025-07-28T00:00:00.000,AAR
1015569,2025-07-28T00:00:00.000,BT
1355899,2025-07-28T00:00:00.000,Bus
557783,2025-07-28T00:00:00.000,CBD Entries
490341,2025-07-28T00:00:00.000,CRZ Entries
262687,2025-07-28T00:00:00.000,LIRR
227711,2025-07-28T00:00:00.000,MNR
6780,2025-07-28T00:00:00.000,SIR
3664264,2025-07-28T00:00:00.000,Subway
42045,2025-07-29T00:00:00.000,AAR
968414,2025-07-29T00:00:00.000,BT
1391706,2025-07-29T00:00:00.000,Bus
574356,2025-07-29T00:00:00.000,CBD Entries
506126,2025-07-29T00:00:00.000,CRZ Entries
275947,2025-07-29T00:00:00.000,LIRR
240606,2025-07-29T00:00:00.000,MNR
7230,2025-07-29T00:00:00.000,SIR
3942701,2025-07-29T00:00:00.000,Subway
43086,2025-07-30T00:00:00.000,AAR
972357,2025-07-30T00:00:00.000,BT
1381553,2025-07-30T00:00:00.000,Bus
580299,2025-07-30T00:00:00.000,CBD Entries
511770,2025-07-30T00:00:00.000,CRZ Entries
272520,2025-07-30T00:00:00.000,LIRR
241950,2025-07-30T00:00:00.000,MNR
7350,2025-07-30T00:00:00.000,SIR
3995693,2025-07-30T00:00:00.000,Subway
42155,2025-07-31T00:00:00.000,AAR
964714,2025-07-31T00:00:00.000,BT
1310912,2025-07-31T00:00:00.000,Bus
572629,2025-07-31T00:00:00.000,CBD Entries
506462,2025-07-31T00:00:00.000,CRZ Entries
260275,2025-07-31T00:00:00.000,LIRR
229384,2025-07-31T00:00:00.000,MNR
7004,2025-07-31T00:00:00.000,SIR
3718979,2025-07-31T00:00:00.000,Subway
41345,2025-08-01T00:00:00.000,AAR
983096,2025-08-01T00:00:00.000,BT
1318643,2025-08-01T00:00:00.000,Bus
579089,2025-08-01T00:00:00.000,CBD Entries
508733,2025-08-01T00:00:00.000,CRZ Entries
225675,2025-08-01T00:00:00.000,LIRR
174071,2025-08-01T00:00:00.000,MNR
5983,2025-08-01T00:00:00.000,SIR
3597962,2025-08-01T00:00:00.000,Subway
28936,2025-08-02T00:00:00.000,AAR
967569,2025-08-02T00:00:00.000,BT
924525,2025-08-02T00:00:00.000,Bus
541316,2025-08-02T00:00:00.000,CBD Entries
476734,2025-08-02T00:00:00.000,CRZ Entries
151706,2025-08-02T00:00:00.000,LIRR
125916,2025-08-02T00:00:00.000,MNR
3134,2025-08-02T00:00:00.000,SIR
2661432,2025-08-02T00:00:00.000,Subway
27902,2025-08-03T00:00:00.000,AAR
947421,2025-08-03T00:00:00.000,BT
766036,2025-08-03T00:00:00.000,Bus
508382,2025-08-03T00:00:00.000,CBD Entries
443041,2025-08-03T00:00:00.000,CRZ Entries
131196,2025-08-03T00:00:00.000,LIRR
102414,2025-08-03T00:00:00.000,MNR
2438,2025-08-03T00:00:00.000,SIR
2109148,2025-08-03T00:00:00.000,Subway
39688,2025-08-04T00:00:00.000,AAR
1009382,2025-08-04T00:00:00.000,BT
1367299,2025-08-04T00:00:00.000,Bus
541255,2025-08-04T00:00:00.000,CBD Entries
472834,2025-08-04T00:00:00.000,CRZ Entries
253148,2025-08-04T00:00:00.000,LIRR
207908,2025-08-04T00:00:00.000,MNR
6910,2025-08-04T00:00:00.000,SIR
3603453,2025-08-04T00:00:00.000,Subway
44101,2025-08-05T00:00:00.000,AAR
952849,2025-08-05T00:00:00.000,BT
1424105,2025-08-05T00:00:00.000,Bus
563946,2025-08-05T00:00:00.000,CBD Entries
494700,2025-08-05T00:00:00.000,CRZ Entries
272605,2025-08-05T00:00:00.000,LIRR
227260,2025-08-05T00:00:00.000,MNR
7688,2025-08-05T00:00:00.000,SIR
3990441,2025-08-05T00:00:00.000,Subway
44869,2025-08-06T00:00:00.000,AAR
974685,2025-08-06T00:00:00.000,BT
1415758,2025-08-06T00:00:00.000,Bus
572039,2025-08-06T00:00:00.000,CBD Entries
503937,2025-08-06T00:00:00.000,CRZ Entries
273051,2025-08-06T00:00:00.000,LIRR
222043,2025-08-06T00:00:00.000,MNR
7627,2025-08-06T00:00:00.000,SIR
3994828,2025-08-06T00:00:00.000,Subway
43838,2025-08-07T00:00:00.000,AAR
984482,2025-08-07T00:00:00.000,BT
1408353,2025-08-07T00:00:00.000,Bus
586245,2025-08-07T00:00:00.000,CBD Entries
514904,2025-08-07T00:00:00.000,CRZ Entries
265143,2025-08-07T00:00:00.000,LIRR
214868,2025-08-07T00:00:00.000,MNR
7256,2025-08-07T00:00:00.000,SIR
3944318,2025-08-07T00:00:00.000,Subway
41991,2025-08-08T00:00:00.000,AAR
1012411,2025-08-08T00:00:00.000,BT
1326591,2025-08-08T00:00:00.000,Bus
578625,2025-08-08T00:00:00.000,CBD Entries
508787,2025-08-08T00:00:00.000,CRZ Entries
260507,2025-08-08T00:00:00.000,LIRR
212368,2025-08-08T00:00:00.000,MNR
6315,2025-08-08T00:00:00.000,SIR
3654469,2025-08-08T00:00:00.000,Subway
28414,2025-08-09T00:00:00.000,AAR
959495,2025-08-09T00:00:00.000,BT
922892,2025-08-09T00:00:00.000,Bus
534173,2025-08-09T00:00:00.000,CBD Entries
470918,2025-08-09T00:00:00.000,CRZ Entries
153113,2025-08-09T00:00:00.000,LIRR
131416,2025-08-09T00:00:00.000,MNR
2595,2025-08-09T00:00:00.000,SIR
2671051,2025-08-09T00:00:00.000,Subway
27679,2025-08-10T00:00:00.000,AAR
963362,2025-08-10T00:00:00.000,BT
736132,2025-08-10T00:00:00.000,Bus
516631,2025-08-10T00:00:00.000,CBD Entries
448299,2025-08-10T00:00:00.000,CRZ Entries
136708,2025-08-10T00:00:00.000,LIRR
116733,2025-08-10T00:00:00.000,MNR
2109,2025-08-10T00:00:00.000,SIR
2201175,2025-08-10T00:00:00.000,Subway
38985,2025-08-11T00:00:00.000,AAR
1018534,2025-08-11T00:00:00.000,BT
1325167,2025-08-11T00:00:00.000,Bus
544096,2025-08-11T00:00:00.000,CBD Entries
474195,2025-08-11T00:00:00.000,CRZ Entries
254512,2025-08-11T00:00:00.000,LIRR
211894,2025-08-11T00:00:00.000,MNR
6657,2025-08-11T00:00:00.000,SIR
3541477,2025-08-11T00:00:00.000,Subway
43664,2025-08-12T00:00:00.000,AAR
957718,2025-08-12T00:00:00.000,BT
1393854,2025-08-12T00:00:00.000,Bus
557546,2025-08-12T00:00:00.000,CBD Entries
491063,2025-08-12T00:00:00.000,CRZ Entries
272560,2025-08-12T00:00:00.000,LIRR
225090,2025-08-12T00:00:00.000,MNR
7367,2025-08-12T00:00:00.000,SIR
3891327,2025-08-12T00:00:00.000,Subway
44349,2025-08-13T00:00:00.000,AAR
972449,2025-08-13T00:00:00.000,BT
1355986,2025-08-13T00:00:00.000,Bus
569361,2025-08-13T00:00:00.000,CBD Entries
500378,2025-08-13T00:00:00.000,CRZ Entries
267156,2025-08-13T00:00:00.000,LIRR
221321,2025-08-13T00:00:00.000,MNR
7233,2025-08-13T00:00:00.000,SIR
3880241,2025-08-13T00:00:00.000,Subway
43367,2025-08-14T00:00:00.000,AAR
998318,2025-08-14T00:00:00.000,BT
1364955,2025-08-14T00:00:00.000,Bus
585499,2025-08-14T00:00:00.000,CBD Entries
513978,2025-08-14T00:00:00.000,CRZ Entries
264290,2025-08-14T00:00:00.000,LIRR
210265,2025-08-14T00:00:00.000,MNR
6878,2025-08-14T00:00:00.000,SIR
3823077,2025-08-14T00:00:00.000,Subway
41588,2025-08-15T00:00:00.000,AAR
1013116,2025-08-15T00:00:00.000,BT
1308147,2025-08-15T00:00:00.000,Bus
575069,2025-08-15T00:00:00.000,CBD Entries
503939,2025-08-15T00:00:00.000,CRZ Entries
258243,2025-08-15T00:00:00.000,LIRR
203201,2025-08-15T00:00:00.000,MNR
5990,2025-08-15T00:00:00.000,SIR
3551008,2025-08-15T00:00:00.000,Subway
28833,2025-08-16T00:00:00.000,AAR
967075,2025-08-16T00:00:00.000,BT
912705,2025-08-16T00:00:00.000,Bus
540124,2025-08-16T00:00:00.000,CBD Entries
471921,2025-08-16T00:00:00.000,CRZ Entries
153433,2025-08-16T00:00:00.000,LIRR
120490,2025-08-16T00:00:00.000,MNR
2433,2025-08-16T00:00:00.000,SIR
2568833,2025-08-16T00:00:00.000,Subway
27882,2025-08-17T00:00:00.000,AAR
970003,2025-08-17T00:00:00.000,BT
725657,2025-08-17T00:00:00.000,Bus
514796,2025-08-17T00:00:00.000,CBD Entries
444245,2025-08-17T00:00:00.000,CRZ Entries
125268,2025-08-17T00:00:00.000,LIRR
101391,2025-08-17T00:00:00.000,MNR
1642,2025-08-17T00:00:00.000,SIR
2015821,2025-08-17T00:00:00.000,Subway
38413,2025-08-18T00:00:00.000,AAR
1005120,2025-08-18T00:00:00.000,BT
1264049,2025-08-18T00:00:00.000,Bus
535621,2025-08-18T00:00:00.000,CBD Entries
466129,2025-08-18T00:00:00.000,CRZ Entries
246904,2025-08-18T00:00:00.000,LIRR
200323,2025-08-18T00:00:00.000,MNR
6475,2025-08-18T00:00:00.000,SIR
3376936,2025-08-18T00:00:00.000,Subway
41917,2025-08-19T00:00:00.000,AAR
949623,2025-08-19T00:00:00.000,BT
1340712,2025-08-19T00:00:00.000,Bus
551588,2025-08-19T00:00:00.000,CBD Entries
483349,2025-08-19T00:00:00.000,CRZ Entries
269818,2025-08-19T00:00:00.000,LIRR
217321,2025-08-19T00:00:00.000,MNR
7134,2025-08-19T00:00:00.000,SIR
3788813,2025-08-19T00:00:00.000,Subway
42821,2025-08-20T00:00:00.000,AAR
945284,2025-08-20T00:00:00.000,BT
1265037,2025-08-20T00:00:00.000,Bus
555592,2025-08-20T00:00:00.000,CBD Entries
487739,2025-08-20T00:00:00.000,CRZ Entries
255602,2025-08-20T00:00:00.000,LIRR
208647,2025-08-20T00:00:00.000,MNR
6673,2025-08-20T00:00:00.000,SIR
3712709,2025-08-20T00:00:00.000,Subway
41317,2025-08-21T00:00:00.000,AAR
972555,2025-08-21T00:00:00.000,BT
1296398,2025-08-21T00:00:00.000,Bus
572855,2025-08-21T00:00:00.000,CBD Entries
503544,2025-08-21T00:00:00.000,CRZ Entries
268214,2025-08-21T00:00:00.000,LIRR
218083,2025-08-21T00:00:00.000,MNR
6538,2025-08-21T00:00:00.000,SIR
3790576,2025-08-21T00:00:00.000,Subway
40155,2025-08-22T00:00:00.000,AAR
1007264,2025-08-22T00:00:00.000,BT
1287328,2025-08-22T00:00:00.000,Bus
576344,2025-08-22T00:00:00.000,CBD Entries
505286,2025-08-22T00:00:00.000,CRZ Entries
264414,2025-08-22T00:00:00.000,LIRR
217013,2025-08-22T00:00:00.000,MNR
6102,2025-08-22T00:00:00.000,SIR
3640772,2025-08-22T00:00:00.000,Subway
27407,2025-08-23T00:00:00.000,AAR
977235,2025-08-23T00:00:00.000,BT
925878,2025-08-23T00:00:00.000,Bus
553608,2025-08-23T00:00:00.000,CBD Entries
487215,2025-08-23T00:00:00.000,CRZ Entries
166882,2025-08-23T00:00:00.000,LIRR
133514,2025-08-23T00:00:00.000,MNR
3351,2025-08-23T00:00:00.000,SIR
2669472,2025-08-23T00:00:00.000,Subway
26911,2025-08-24T00:00:00.000,AAR
972009,2025-08-24T00:00:00.000,BT
739780,2025-08-24T00:00:00.000,Bus
528050,2025-08-24T00:00:00.000,CBD Entries
458481,2025-08-24T00:00:00.000,CRZ Entries
149695,2025-08-24T00:00:00.000,LIRR
109360,2025-08-24T00:00:00.000,MNR
2459,2025-08-24T00:00:00.000,SIR
2154935,2025-08-24T00:00:00.000,Subway
37653,2025-08-25T00:00:00.000,AAR
1018183,2025-08-25T00:00:00.000,BT
1287007,2025-08-25T00:00:00.000,Bus
540962,2025-08-25T00:00:00.000,CBD Entries
469466,2025-08-25T00:00:00.000,CRZ Entries
275475,2025-08-25T00:00:00.000,LIRR
207511,2025-08-25T00:00:00.000,MNR
6329,2025-08-25T00:00:00.000,SIR
3499592,2025-08-25T00:00:00.000,Subway
41461,2025-08-26T00:00:00.000,AAR
960251,2025-08-26T00:00:00.000,BT
1381193,2025-08-26T00:00:00.000,Bus
554316,2025-08-26T00:00:00.000,CBD Entries
484927,2025-08-26T00:00:00.000,CRZ Entries
294008,2025-08-26T00:00:00.000,LIRR
222383,2025-08-26T00:00:00.000,MNR
7249,2025-08-26T00:00:00.000,SIR
3934641,2025-08-26T00:00:00.000,Subway
43498,2025-08-27T00:00:00.000,AAR
976252,2025-08-27T00:00:00.000,BT
1392630,2025-08-27T00:00:00.000,Bus
565997,2025-08-27T00:00:00.000,CBD Entries
495649,2025-08-27T00:00:00.000,CRZ Entries
294556,2025-08-27T00:00:00.000,LIRR
220687,2025-08-27T00:00:00.000,MNR
7311,2025-08-27T00:00:00.000,SIR
3959633,2025-08-27T00:00:00.000,Subway
42332,2025-08-28T00:00:00.000,AAR
1009337,2025-08-28T00:00:00.000,BT
1363724,2025-08-28T00:00:00.000,Bus
574538,2025-08-28T00:00:00.000,CBD Entries
503521,2025-08-28T00:00:00.000,CRZ Entries
293877,2025-08-28T00:00:00.000,LIRR
212908,2025-08-28T00:00:00.000,MNR
6992,2025-08-28T00:00:00.000,SIR
3844830,2025-08-28T00:00:00.000,Subway
40464,2025-08-29T00:00:00.000,AAR
1020924,2025-08-29T00:00:00.000,BT
1289424,2025-08-29T00:00:00.000,Bus
574985,2025-08-29T00:00:00.000,CBD Entries
500850,2025-08-29T00:00:00.000,CRZ Entries
284378,2025-08-29T00:00:00.000,LIRR
205508,2025-08-29T00:00:00.000,MNR
5796,2025-08-29T00:00:00.000,SIR
3559792,2025-08-29T00:00:00.000,Subway
27458,2025-08-30T00:00:00.000,AAR
940330,2025-08-30T00:00:00.000,BT
895879,2025-08-30T00:00:00.000,Bus
532571,2025-08-30T00:00:00.000,CBD Entries
465081,2025-08-30T00:00:00.000,CRZ Entries
174467,2025-08-30T00:00:00.000,LIRR
129878,2025-08-30T00:00:00.000,MNR
3039,2025-08-30T00:00:00.000,SIR
2575973,2025-08-30T00:00:00.000,Subway
28459,2025-08-31T00:00:00.000,AAR
948550,2025-08-31T00:00:00.000,BT
705740,2025-08-31T00:00:00.000,Bus
524543,2025-08-31T00:00:00.000,CBD Entries
451084,2025-08-31T00:00:00.000,CRZ Entries
152591,2025-08-31T00:00:00.000,LIRR
113092,2025-08-31T00:00:00.000,MNR
2401,2025-08-31T00:00:00.000,SIR
2197950,2025-08-31T00:00:00.000,Subway
17488,2025-09-01T00:00:00.000,AAR
889196,2025-09-01T00:00:00.000,BT
673370,2025-09-01T00:00:00.000,Bus
470708,2025-09-01T00:00:00.000,CBD Entries
405009,2025-09-01T00:00:00.000,CRZ Entries
140632,2025-09-01T00:00:00.000,LIRR
100886,2025-09-01T00:00:00.000,MNR
2399,2025-09-01T00:00:00.000,SIR
2092253,2025-09-01T00:00:00.000,Subway
41991,2025-09-02T00:00:00.000,AAR
1002095,2025-09-02T00:00:00.000,BT
1346568,2025-09-02T00:00:00.000,Bus
564878,2025-09-02T00:00:00.000,CBD Entries
494239,2025-09-02T00:00:00.000,CRZ Entries
277073,2025-09-02T00:00:00.000,LIRR
228222,2025-09-02T00:00:00.000,MNR
7277,2025-09-02T00:00:00.000,SIR
3842843,2025-09-02T00:00:00.000,Subway
46061,2025-09-03T00:00:00.000,AAR
956976,2025-09-03T00:00:00.000,BT
1438356,2025-09-03T00:00:00.000,Bus
572264,2025-09-03T00:00:00.000,CBD Entries
503384,2025-09-03T00:00:00.000,CRZ Entries
293705,2025-09-03T00:00:00.000,LIRR
238831,2025-09-03T00:00:00.000,MNR
7483,2025-09-03T00:00:00.000,SIR
4101293,2025-09-03T00:00:00.000,Subway
45376,2025-09-04T00:00:00.000,AAR
963066,2025-09-04T00:00:00.000,BT
1469632,2025-09-04T00:00:00.000,Bus
584644,2025-09-04T00:00:00.000,CBD Entries
518054,2025-09-04T00:00:00.000,CRZ Entries
289721,2025-09-04T00:00:00.000,LIRR
232772,2025-09-04T00:00:00.000,MNR
7709,2025-09-04T00:00:00.000,SIR
4258378,2025-09-04T00:00:00.000,Subway
43782,2025-09-05T00:00:00.000,AAR
990278,2025-09-05T00:00:00.000,BT
1437614,2025-09-05T00:00:00.000,Bus
594321,2025-09-05T00:00:00.000,CBD Entries
526170,2025-09-05T00:00:00.000,CRZ Entries
279193,2025-09-05T00:00:00.000,LIRR
225330,2025-09-05T00:00:00.000,MNR
6830,2025-09-05T00:00:00.000,SIR
4020205,2025-09-05T00:00:00.000,Subway
27218,2025-09-06T00:00:00.000,AAR
907980,2025-09-06T00:00:00.000,BT
846107,2025-09-06T00:00:00.000,Bus
560115,2025-09-06T00:00:00.000,CBD Entries
499423,2025-09-06T00:00:00.000,CRZ Entries
141330,2025-09-06T00:00:00.000,LIRR
117043,2025-09-06T00:00:00.000,MNR
2213,2025-09-06T00:00:00.000,SIR
2589586,2025-09-06T00:00:00.000,Subway
28255,2025-09-07T00:00:00.000,AAR
872640,2025-09-07T00:00:00.000,BT
684550,2025-09-07T00:00:00.000,Bus
523680,2025-09-07T00:00:00.000,CBD Entries
460258,2025-09-07T00:00:00.000,CRZ Entries
122696,2025-09-07T00:00:00.000,LIRR
99960,2025-09-07T00:00:00.000,MNR
1425,2025-09-07T00:00:00.000,SIR
2058463,2025-09-07T00:00:00.000,Subway
41777,2025-09-08T00:00:00.000,AAR
972239,2025-09-08T00:00:00.000,BT
1497567,2025-09-08T00:00:00.000,Bus
559406,2025-09-08T00:00:00.000,CBD Entries
492346,2025-09-08T00:00:00.000,CRZ Entries
266996,2025-09-08T00:00:00.000,LIRR
226542,2025-09-08T00:00:00.000,MNR
7574,2025-09-08T00:00:00.000,SIR
4051429,2025-09-08T00:00:00.000,Subway
45766,2025-09-09T00:00:00.000,AAR
948182,2025-09-09T00:00:00.000,BT
1551093,2025-09-09T00:00:00.000,Bus
575700,2025-09-09T00:00:00.000,CBD Entries
507897,2025-09-09T00:00:00.000,CRZ Entries
278353,2025-09-09T00:00:00.000,LIRR
249487,2025-09-09T00:00:00.000,MNR
8282,2025-09-09T00:00:00.000,SIR
4433601,2025-09-09T00:00:00.000,Subway
46875,2025-09-10T00:00:00.000,AAR
958719,2025-09-10T00:00:00.000,BT
1540037,2025-09-10T00:00:00.000,Bus
590074,2025-09-10T00:00:00.000,CBD Entries
523856,2025-09-10T00:00:00.000,CRZ Entries
277619,2025-09-10T00:00:00.000,LIRR
244711,2025-09-10T00:00:00.000,MNR
8093,2025-09-10T00:00:00.000,SIR
4472327,2025-09-10T00:00:00.000,Subway
45113,2025-09-11T00:00:00.000,AAR
972734,2025-09-11T00:00:00.000,BT
1550699,2025-09-11T00:00:00.000,Bus
590188,2025-09-11T00:00:00.000,CBD Entries
524119,2025-09-11T00:00:00.000,CRZ Entries
284101,2025-09-11T00:00:00.000,LIRR
239089,2025-09-11T00:00:00.000,MNR
8324,2025-09-11T00:00:00.000,SIR
4499093,2025-09-11T00:00:00.000,Subway
44800,2025-09-12T00:00:00.000,AAR
1013831,2025-09-12T00:00:00.000,BT
1477001,2025-09-12T00:00:00.000,Bus
607463,2025-09-12T00:00:00.000,CBD Entries
539715,2025-09-12T00:00:00.000,CRZ Entries
280104,2025-09-12T00:00:00.000,LIRR
230142,2025-09-12T00:00:00.000,MNR
6806,2025-09-12T00:00:00.000,SIR
4196585,2025-09-12T00:00:00.000,Subway
29120,2025-09-13T00:00:00.000,AAR
973173,2025-09-13T00:00:00.000,BT
965501,2025-09-13T00:00:00.000,Bus
588396,2025-09-13T00:00:00.000,CBD Entries
524411,2025-09-13T00:00:00.000,CRZ Entries
152575,2025-09-13T00:00:00.000,LIRR
144805,2025-09-13T00:00:00.000,MNR
2491,2025-09-13T00:00:00.000,SIR
2916067,2025-09-13T00:00:00.000,Subway
29323,2025-09-14T00:00:00.000,AAR
981373,2025-09-14T00:00:00.000,BT
759804,2025-09-14T00:00:00.000,Bus
558337,2025-09-14T00:00:00.000,CBD Entries
488963,2025-09-14T00:00:00.000,CRZ Entries
128586,2025-09-14T00:00:00.000,LIRR
117465,2025-09-14T00:00:00.000,MNR
1733,2025-09-14T00:00:00.000,SIR
2260774,2025-09-14T00:00:00.000,Subway
41693,2025-09-15T00:00:00.000,AAR
1002511,2025-09-15T00:00:00.000,BT
1508135,2025-09-15T00:00:00.000,Bus
563416,2025-09-15T00:00:00.000,CBD Entries
495828,2025-09-15T00:00:00.000,CRZ Entries
271084,2025-09-15T00:00:00.000,LIRR
228659,2025-09-15T00:00:00.000,MNR
7707,2025-09-15T00:00:00.000,SIR
4046573,2025-09-15T00:00:00.000,Subway
46067,2025-09-16T00:00:00.000,AAR
956646,2025-09-16T00:00:00.000,BT
1561603,2025-09-16T00:00:00.000,Bus
580138,2025-09-16T00:00:00.000,CBD Entries
512773,2025-09-16T00:00:00.000,CRZ Entries
286694,2025-09-16T00:00:00.000,LIRR
246166,2025-09-16T00:00:00.000,MNR
8395,2025-09-16T00:00:00.000,SIR
4425430,2025-09-16T00:00:00.000,Subway
46498,2025-09-17T00:00:00.000,AAR
960794,2025-09-17T00:00:00.000,BT
1527852,2025-09-17T00:00:00.000,Bus
589690,2025-09-17T00:00:00.000,CBD Entries
522265,2025-09-17T00:00:00.000,CRZ Entries
286428,2025-09-17T00:00:00.000,LIRR
242860,2025-09-17T00:00:00.000,MNR
8106,2025-09-17T00:00:00.000,SIR
4446829,2025-09-17T00:00:00.000,Subway
46174,2025-09-18T00:00:00.000,AAR
989130,2025-09-18T00:00:00.000,BT
1550224,2025-09-18T00:00:00.000,Bus
603572,2025-09-18T00:00:00.000,CBD Entries
538345,2025-09-18T00:00:00.000,CRZ Entries
281845,2025-09-18T00:00:00.000,LIRR
239470,2025-09-18T00:00:00.000,MNR
7949,2025-09-18T00:00:00.000,SIR
4488401,2025-09-18T00:00:00.000,Subway
44232,2025-09-19T00:00:00.000,AAR
1020526,2025-09-19T00:00:00.000,BT
1480671,2025-09-19T00:00:00.000,Bus
608394,2025-09-19T00:00:00.000,CBD Entries
539919,2025-09-19T00:00:00.000,CRZ Entries
286808,2025-09-19T00:00:00.000,LIRR
231477,2025-09-19T00:00:00.000,MNR
6987,2025-09-19T00:00:00.000,SIR
4177680,2025-09-19T00:00:00.000,Subway
28263,2025-09-20T00:00:00.000,AAR
978574,2025-09-20T00:00:00.000,BT
949447,2025-09-20T00:00:00.000,Bus
588932,2025-09-20T00:00:00.000,CBD Entries
525352,2025-09-20T00:00:00.000,CRZ Entries
162463,2025-09-20T00:00:00.000,LIRR
137816,2025-09-20T00:00:00.000,MNR
2721,2025-09-20T00:00:00.000,SIR
2907031,2025-09-20T00:00:00.000,Subway
28507,2025-09-21T00:00:00.000,AAR
974273,2025-09-21T00:00:00.000,BT
730328,2025-09-21T00:00:00.000,Bus
556640,2025-09-21T00:00:00.000,CBD Entries
486871,2025-09-21T00:00:00.000,CRZ Entries
138648,2025-09-21T00:00:00.000,LIRR
119583,2025-09-21T00:00:00.000,MNR
1826,2025-09-21T00:00:00.000,SIR
2305677,2025-09-21T00:00:00.000,Subway
40106,2025-09-22T00:00:00.000,AAR
987963,2025-09-22T00:00:00.000,BT
1398995,2025-09-22T00:00:00.000,Bus
545829,2025-09-22T00:00:00.000,CBD Entries
478490,2025-09-22T00:00:00.000,CRZ Entries
277694,2025-09-22T00:00:00.000,LIRR
235311,2025-09-22T00:00:00.000,MNR
7385,2025-09-22T00:00:00.000,SIR
3931188,2025-09-22T00:00:00.000,Subway
39820,2025-09-23T00:00:00.000,AAR
893510,2025-09-23T00:00:00.000,BT
1278886,2025-09-23T00:00:00.000,Bus
521957,2025-09-23T00:00:00.000,CBD Entries
461632,2025-09-23T00:00:00.000,CRZ Entries
292843,2025-09-23T00:00:00.000,LIRR
251491,2025-09-23T00:00:00.000,MNR
7547,2025-09-23T00:00:00.000,SIR
3913543,2025-09-23T00:00:00.000,Subway
41928,2025-09-24T00:00:00.000,AAR
910748,2025-09-24T00:00:00.000,BT
1312722,2025-09-24T00:00:00.000,Bus
556653,2025-09-24T00:00:00.000,CBD Entries
490813,2025-09-24T00:00:00.000,CRZ Entries
301441,2025-09-24T00:00:00.000,LIRR
246884,2025-09-24T00:00:00.000,MNR
7537,2025-09-24T00:00:00.000,SIR
4031358,2025-09-24T00:00:00.000,Subway
43591,2025-09-25T00:00:00.000,AAR
970400,2025-09-25T00:00:00.000,BT
1444408,2025-09-25T00:00:00.000,Bus
578090,2025-09-25T00:00:00.000,CBD Entries
512347,2025-09-25T00:00:00.000,CRZ Entries
298380,2025-09-25T00:00:00.000,LIRR
243174,2025-09-25T00:00:00.000,MNR
7834,2025-09-25T00:00:00.000,SIR
4423394,2025-09-25T00:00:00.000,Subway
43185,2025-09-26T00:00:00.000,AAR
1013903,2025-09-26T00:00:00.000,BT
1455644,2025-09-26T00:00:00.000,Bus
602233,2025-09-26T00:00:00.000,CBD Entries
531409,2025-09-26T00:00:00.000,CRZ Entries
306735,2025-09-26T00:00:00.000,LIRR
240853,2025-09-26T00:00:00.000,MNR
6937,2025-09-26T00:00:00.000,SIR
4199816,2025-09-26T00:00:00.000,Subway
27542,2025-09-27T00:00:00.000,AAR
976621,2025-09-27T00:00:00.000,BT
933791,2025-09-27T00:00:00.000,Bus
597376,2025-09-27T00:00:00.000,CBD Entries
531438,2025-09-27T00:00:00.000,CRZ Entries
181410,2025-09-27T00:00:00.000,LIRR
145805,2025-09-27T00:00:00.000,MNR
3051,2025-09-27T00:00:00.000,SIR
2911538,2025-09-27T00:00:00.000,Subway
28439,2025-09-28T00:00:00.000,AAR
946774,2025-09-28T00:00:00.000,BT
742362,2025-09-28T00:00:00.000,Bus
550478,2025-09-28T00:00:00.000,CBD Entries
487271,2025-09-28T00:00:00.000,CRZ Entries
149259,2025-09-28T00:00:00.000,LIRR
114310,2025-09-28T00:00:00.000,MNR
2589,2025-09-28T00:00:00.000,SIR
2213509,2025-09-28T00:00:00.000,Subway
41836,2025-09-29T00:00:00.000,AAR
1002470,2025-09-29T00:00:00.000,BT
1482688,2025-09-29T00:00:00.000,Bus
556266,2025-09-29T00:00:00.000,CBD Entries
489589,2025-09-29T00:00:00.000,CRZ Entries
278761,2025-09-29T00:00:00.000,LIRR
232338,2025-09-29T00:00:00.000,MNR
7641,2025-09-29T00:00:00.000,SIR
4061628,2025-09-29T00:00:00.000,Subway
45235,2025-09-30T00:00:00.000,AAR
951839,2025-09-30T00:00:00.000,BT
1534316,2025-09-30T00:00:00.000,Bus
570885,2025-09-30T00:00:00.000,CBD Entries
505841,2025-09-30T00:00:00.000,CRZ Entries
286693,2025-09-30T00:00:00.000,LIRR
257916,2025-09-30T00:00:00.000,MNR
8347,2025-09-30T00:00:00.000,SIR
4440014,2025-09-30T00:00:00.000,Subway
46020,2025-10-01T00:00:00.000,AAR
950321,2025-10-01T00:00:00.000,BT
1473098,2025-10-01T00:00:00.000,Bus
560691,2025-10-01T00:00:00.000,CBD Entries
498305,2025-10-01T00:00:00.000,CRZ Entries
259808,2025-10-01T00:00:00.000,LIRR
243325,2025-10-01T00:00:00.000,MNR
8212,2025-10-01T00:00:00.000,SIR
4339922,2025-10-01T00:00:00.000,Subway
40497,2025-10-02T00:00:00.000,AAR
896158,2025-10-02T00:00:00.000,BT
1261553,2025-10-02T00:00:00.000,Bus
553064,2025-10-02T00:00:00.000,CBD Entries
490442,2025-10-02T00:00:00.000,CRZ Entries
257417,2025-10-02T00:00:00.000,LIRR
236427,2025-10-02T00:00:00.000,MNR
6807,2025-10-02T00:00:00.000,SIR
3815531,2025-10-02T00:00:00.000,Subway
44933,2025-10-03T00:00:00.000,AAR
993453,2025-10-03T00:00:00.000,BT
1434440,2025-10-03T00:00:00.000,Bus
598480,2025-10-03T00:00:00.000,CBD Entries
529663,2025-10-03T00:00:00.000,CRZ Entries
265055,2025-10-03T00:00:00.000,LIRR
225487,2025-10-03T00:00:00.000,MNR
6890,2025-10-03T00:00:00.000,SIR
4066815,2025-10-03T00:00:00.000,Subway
29130,2025-10-04T00:00:00.000,AAR
940885,2025-10-04T00:00:00.000,BT
718806,2025-10-04T00:00:00.000,Bus
583919,2025-10-04T00:00:00.000,CBD Entries
518442,2025-10-04T00:00:00.000,CRZ Entries
143110,2025-10-04T00:00:00.000,LIRR
136719,2025-10-04T00:00:00.000,MNR
2113,2025-10-04T00:00:00.000,SIR
2104373,2025-10-04T00:00:00.000,Subway
29332,2025-10-05T00:00:00.000,AAR
952040,2025-10-05T00:00:00.000,BT
702569,2025-10-05T00:00:00.000,Bus
551355,2025-10-05T00:00:00.000,CBD Entries
483443,2025-10-05T00:00:00.000,CRZ Entries
120574,2025-10-05T00:00:00.000,LIRR
109130,2025-10-05T00:00:00.000,MNR
1940,2025-10-05T00:00:00.000,SIR
2193758,2025-10-05T00:00:00.000,Subway
42251,2025-10-06T00:00:00.000,AAR
984884,2025-10-06T00:00:00.000,BT
1396894,2025-10-06T00:00:00.000,Bus
551459,2025-10-06T00:00:00.000,CBD Entries
486155,2025-10-06T00:00:00.000,CRZ Entries
261527,2025-10-06T00:00:00.000,LIRR
226803,2025-10-06T00:00:00.000,MNR
7519,2025-10-06T00:00:00.000,SIR
3927545,2025-10-06T00:00:00.000,Subway
44898,2025-10-07T00:00:00.000,AAR
897547,2025-10-07T00:00:00.000,BT
1404064,2025-10-07T00:00:00.000,Bus
557894,2025-10-07T00:00:00.000,CBD Entries
497959,2025-10-07T00:00:00.000,CRZ Entries
278786,2025-10-07T00:00:00.000,LIRR
254323,2025-10-07T00:00:00.000,MNR
8179,2025-10-07T00:00:00.000,SIR
4212383,2025-10-07T00:00:00.000,Subway
45158,2025-10-08T00:00:00.000,AAR
894619,2025-10-08T00:00:00.000,BT
1395842,2025-10-08T00:00:00.000,Bus
575970,2025-10-08T00:00:00.000,CBD Entries
515826,2025-10-08T00:00:00.000,CRZ Entries
269959,2025-10-08T00:00:00.000,LIRR
249146,2025-10-08T00:00:00.000,MNR
7903,2025-10-08T00:00:00.000,SIR
4237976,2025-10-08T00:00:00.000,Subway
46236,2025-10-09T00:00:00.000,AAR
984836,2025-10-09T00:00:00.000,BT
1452407,2025-10-09T00:00:00.000,Bus
602517,2025-10-09T00:00:00.000,CBD Entries
537602,2025-10-09T00:00:00.000,CRZ Entries
291108,2025-10-09T00:00:00.000,LIRR
250000,2025-10-09T00:00:00.000,MNR
7996,2025-10-09T00:00:00.000,SIR
4452806,2025-10-09T00:00:00.000,Subway
44822,2025-10-10T00:00:00.000,AAR
1032292,2025-10-10T00:00:00.000,BT
1368369,2025-10-10T00:00:00.000,Bus
608468,2025-10-10T00:00:00.000,CBD Entries
540792,2025-10-10T00:00:00.000,CRZ Entries
285283,2025-10-10T00:00:00.000,LIRR
245256,2025-10-10T00:00:00.000,MNR
6790,2025-10-10T00:00:00.000,SIR
4043304,2025-10-10T00:00:00.000,Subway
28513,2025-10-11T00:00:00.000,AAR
955896,2025-10-11T00:00:00.000,BT
859727,2025-10-11T00:00:00.000,Bus
579599,2025-10-11T00:00:00.000,CBD Entries
516572,2025-10-11T00:00:00.000,CRZ Entries
155564,2025-10-11T00:00:00.000,LIRR
145487,2025-10-11T00:00:00.000,MNR
2926,2025-10-11T00:00:00.000,SIR
2732324,2025-10-11T00:00:00.000,Subway
23732,2025-10-12T00:00:00.000,AAR
826213,2025-10-12T00:00:00.000,BT
592660,2025-10-12T00:00:00.000,Bus
503174,2025-10-12T00:00:00.000,CBD Entries
445752,2025-10-12T00:00:00.000,CRZ Entries
105833,2025-10-12T00:00:00.000,LIRR
98164,2025-10-12T00:00:00.000,MNR
1968,2025-10-12T00:00:00.000,SIR
1968515,2025-10-12T00:00:00.000,Subway
27812,2025-10-13T00:00:00.000,AAR
783836,2025-10-13T00:00:00.000,BT
891300,2025-10-13T00:00:00.000,Bus
482865,2025-10-13T00:00:00.000,CBD Entries
424539,2025-10-13T00:00:00.000,CRZ Entries
226891,2025-10-13T00:00:00.000,LIRR
203344,2025-10-13T00:00:00.000,MNR
3548,2025-10-13T00:00:00.000,SIR
2788416,2025-10-13T00:00:00.000,Subway
42716,2025-10-14T00:00:00.000,AAR
908039,2025-10-14T00:00:00.000,BT
1409939,2025-10-14T00:00:00.000,Bus
561387,2025-10-14T00:00:00.000,CBD Entries
500773,2025-10-14T00:00:00.000,CRZ Entries
280029,2025-10-14T00:00:00.000,LIRR
250229,2025-10-14T00:00:00.000,MNR
7739,2025-10-14T00:00:00.000,SIR
4190034,2025-10-14T00:00:00.000,Subway
46081,2025-10-15T00:00:00.000,AAR
939801,2025-10-15T00:00:00.000,BT
1443106,2025-10-15T00:00:00.000,Bus
579030,2025-10-15T00:00:00.000,CBD Entries
516539,2025-10-15T00:00:00.000,CRZ Entries
283734,2025-10-15T00:00:00.000,LIRR
250634,2025-10-15T00:00:00.000,MNR
7915,2025-10-15T00:00:00.000,SIR
4328358,2025-10-15T00:00:00.000,Subway
46342,2025-10-16T00:00:00.000,AAR
984683,2025-10-16T00:00:00.000,BT
1429707,2025-10-16T00:00:00.000,Bus
603395,2025-10-16T00:00:00.000,CBD Entries
537918,2025-10-16T00:00:00.000,CRZ Entries
289634,2025-10-16T00:00:00.000,LIRR
249181,2025-10-16T00:00:00.000,MNR
7794,2025-10-16T00:00:00.000,SIR
4462590,2025-10-16T00:00:00.000,Subway
44786,2025-10-17T00:00:00.000,AAR
1011908,2025-10-17T00:00:00.000,BT
1364083,2025-10-17T00:00:00.000,Bus
608143,2025-10-17T00:00:00.000,CBD Entries
540006,2025-10-17T00:00:00.000,CRZ Entries
269171,2025-10-17T00:00:00.000,LIRR
240862,2025-10-17T00:00:00.000,MNR
6689,2025-10-17T00:00:00.000,SIR
4113843,2025-10-17T00:00:00.000,Subway
28890,2025-10-18T00:00:00.000,AAR
954396,2025-10-18T00:00:00.000,BT
903291,2025-10-18T00:00:00.000,Bus
584687,2025-10-18T00:00:00.000,CBD Entries
521611,2025-10-18T00:00:00.000,CRZ Entries
154085,2025-10-18T00:00:00.000,LIRR
156049,2025-10-18T00:00:00.000,MNR
42,2025-10-18T00:00:00.000,SIR
2931765,2025-10-18T00:00:00.000,Subway
29387,2025-10-19T00:00:00.000,AAR
963416,2025-10-19T00:00:00.000,BT
727587,2025-10-19T00:00:00.000,Bus
554532,2025-10-19T00:00:00.000,CBD Entries
494717,2025-10-19T00:00:00.000,CRZ Entries
128355,2025-10-19T00:00:00.000,LIRR
125200,2025-10-19T00:00:00.000,MNR
1,2025-10-19T00:00:00.000,SIR
2264572,2025-10-19T00:00:00.000,Subway
40468,2025-10-20T00:00:00.000,AAR
980778,2025-10-20T00:00:00.000,BT
1220586,2025-10-20T00:00:00.000,Bus
550195,2025-10-20T00:00:00.000,CBD Entries
482547,2025-10-20T00:00:00.000,CRZ Entries
264955,2025-10-20T00:00:00.000,LIRR
232341,2025-10-20T00:00:00.000,MNR
6134,2025-10-20T00:00:00.000,SIR
3601800,2025-10-20T00:00:00.000,Subway
46279,2025-10-21T00:00:00.000,AAR
946601,2025-10-21T00:00:00.000,BT
1472383,2025-10-21T00:00:00.000,Bus
571945,2025-10-21T00:00:00.000,CBD Entries
505504,2025-10-21T00:00:00.000,CRZ Entries
285947,2025-10-21T00:00:00.000,LIRR
252266,2025-10-21T00:00:00.000,MNR
8052,2025-10-21T00:00:00.000,SIR
4461061,2025-10-21T00:00:00.000,Subway
47380,2025-10-22T00:00:00.000,AAR
955637,2025-10-22T00:00:00.000,BT
1467664,2025-10-22T00:00:00.000,Bus
582822,2025-10-22T00:00:00.000,CBD Entries
516920,2025-10-22T00:00:00.000,CRZ Entries
275757,2025-10-22T00:00:00.000,LIRR
243232,2025-10-22T00:00:00.000,MNR
8324,2025-10-22T00:00:00.000,SIR
4523614,2025-10-22T00:00:00.000,Subway
46401,2025-10-23T00:00:00.000,AAR
976140,2025-10-23T00:00:00.000,BT
1461341,2025-10-23T00:00:00.000,Bus
599125,2025-10-23T00:00:00.000,CBD Entries
532687,2025-10-23T00:00:00.000,CRZ Entries
286021,2025-10-23T00:00:00.000,LIRR
247800,2025-10-23T00:00:00.000,MNR
7887,2025-10-23T00:00:00.000,SIR
4559508,2025-10-23T00:00:00.000,Subway
44360,2025-10-24T00:00:00.000,AAR
1002055,2025-10-24T00:00:00.000,BT
1410451,2025-10-24T00:00:00.000,Bus
603680,2025-10-24T00:00:00.000,CBD Entries
538058,2025-10-24T00:00:00.000,CRZ Entries
274534,2025-10-24T00:00:00.000,LIRR
240961,2025-10-24T00:00:00.000,MNR
6741,2025-10-24T00:00:00.000,SIR
4276483,2025-10-24T00:00:00.000,Subway
29197,2025-10-25T00:00:00.000,AAR
956931,2025-10-25T00:00:00.000,BT
900658,2025-10-25T00:00:00.000,Bus
590403,2025-10-25T00:00:00.000,CBD Entries
525430,2025-10-25T00:00:00.000,CRZ Entries
155774,2025-10-25T00:00:00.000,LIRR
157311,2025-10-25T00:00:00.000,MNR
71,2025-10-25T00:00:00.000,SIR
2949713,2025-10-25T00:00:00.000,Subway
29588,2025-10-26T00:00:00.000,AAR
941774,2025-10-26T00:00:00.000,BT
828951,2025-10-26T00:00:00.000,Bus
549762,2025-10-26T00:00:00.000,CBD Entries
482960,2025-10-26T00:00:00.000,CRZ Entries
126937,2025-10-26T00:00:00.000,LIRR
119440,2025-10-26T00:00:00.000,MNR
4,2025-10-26T00:00:00.000,SIR
2286150,2025-10-26T00:00:00.000,Subway
41385,2025-10-27T00:00:00.000,AAR
980621,2025-10-27T00:00:00.000,BT
1402134,2025-10-27T00:00:00.000,Bus
553465,2025-10-27T00:00:00.000,CBD Entries
488623,2025-10-27T00:00:00.000,CRZ Entries
266942,2025-10-27T00:00:00.000,LIRR
232879,2025-10-27T00:00:00.000,MNR
7507,2025-10-27T00:00:00.000,SIR
4127115,2025-10-27T00:00:00.000,Subway
45787,2025-10-28T00:00:00.000,AAR
937225,2025-10-28T00:00:00.000,BT
1455220,2025-10-28T00:00:00.000,Bus
572705,2025-10-28T00:00:00.000,CBD Entries
509358,2025-10-28T00:00:00.000,CRZ Entries
283192,2025-10-28T00:00:00.000,LIRR
251648,2025-10-28T00:00:00.000,MNR
8079,2025-10-28T00:00:00.000,SIR
4530266,2025-10-28T00:00:00.000,Subway
47416,2025-10-29T00:00:00.000,AAR
950697,2025-10-29T00:00:00.000,BT
1469294,2025-10-29T00:00:00.000,Bus
587348,2025-10-29T00:00:00.000,CBD Entries
523719,2025-10-29T00:00:00.000,CRZ Entries
281041,2025-10-29T00:00:00.000,LIRR
248483,2025-10-29T00:00:00.000,MNR
8220,2025-10-29T00:00:00.000,SIR
4602493,2025-10-29T00:00:00.000,Subway
44144,2025-10-30T00:00:00.000,AAR
882863,2025-10-30T00:00:00.000,BT
1227694,2025-10-30T00:00:00.000,Bus
566504,2025-10-30T00:00:00.000,CBD Entries
511435,2025-10-30T00:00:00.000,CRZ Entries
267015,2025-10-30T00:00:00.000,LIRR
233660,2025-10-30T00:00:00.000,MNR
7567,2025-10-30T00:00:00.000,SIR
4324588,2025-10-30T00:00:00.000,Subway
43132,2025-10-31T00:00:00.000,AAR
971563,2025-10-31T00:00:00.000,BT
1317185,2025-10-31T00:00:00.000,Bus
596286,2025-10-31T00:00:00.000,CBD Entries
532586,2025-10-31T00:00:00.000,CRZ Entries
277129,2025-10-31T00:00:00.000,LIRR
238548,2025-10-31T00:00:00.000,MNR
6460,2025-10-31T00:00:00.000,SIR
4432080,2025-10-31T00:00:00.000,Subway
28093,2025-11-01T00:00:00.000,AAR
959782,2025-11-01T00:00:00.000,BT
898965,2025-11-01T00:00:00.000,Bus
621678,2025-11-01T00:00:00.000,CBD Entries
557583,2025-11-01T00:00:00.000,CRZ Entries
144681,2025-11-01T00:00:00.000,LIRR
136951,2025-11-01T00:00:00.000,MNR
3055,2025-11-01T00:00:00.000,SIR
3100676,2025-11-01T00:00:00.000,Subway
25958,2025-11-02T00:00:00.000,AAR
797819,2025-11-02T00:00:00.000,BT
650701,2025-11-02T00:00:00.000,Bus
515320,2025-11-02T00:00:00.000,CBD Entries
471290,2025-11-02T00:00:00.000,CRZ Entries
139969,2025-11-02T00:00:00.000,LIRR
126613,2025-11-02T00:00:00.000,MNR
4004,2025-11-02T00:00:00.000,SIR
2832239,2025-11-02T00:00:00.000,Subway
43099,2025-11-03T00:00:00.000,AAR
977046,2025-11-03T00:00:00.000,BT
1391623,2025-11-03T00:00:00.000,Bus
555643,2025-11-03T00:00:00.000,CBD Entries
488655,2025-11-03T00:00:00.000,CRZ Entries
255395,2025-11-03T00:00:00.000,LIRR
220572,2025-11-03T00:00:00.000,MNR
7712,2025-11-03T00:00:00.000,SIR
4161669,2025-11-03T00:00:00.000,Subway
43413,2025-11-04T00:00:00.000,AAR
899808,2025-11-04T00:00:00.000,BT
1328396,2025-11-04T00:00:00.000,Bus
546060,2025-11-04T00:00:00.000,CBD Entries
484039,2025-11-04T00:00:00.000,CRZ Entries
272769,2025-11-04T00:00:00.000,LIRR
239630,2025-11-04T00:00:00.000,MNR
6902,2025-11-04T00:00:00.000,SIR
4115365,2025-11-04T00:00:00.000,Subway
47577,2025-11-05T00:00:00.000,AAR
942529,2025-11-05T00:00:00.000,BT
1446631,2025-11-05T00:00:00.000,Bus
583951,2025-11-05T00:00:00.000,CBD Entries
516723,2025-11-05T00:00:00.000,CRZ Entries
278711,2025-11-05T00:00:00.000,LIRR
241336,2025-11-05T00:00:00.000,MNR
8275,2025-11-05T00:00:00.000,SIR
4481565,2025-11-05T00:00:00.000,Subway
46597,2025-11-06T00:00:00.000,AAR
965622,2025-11-06T00:00:00.000,BT
1380841,2025-11-06T00:00:00.000,Bus
597423,2025-11-06T00:00:00.000,CBD Entries
532580,2025-11-06T00:00:00.000,CRZ Entries
277537,2025-11-06T00:00:00.000,LIRR
237999,2025-11-06T00:00:00.000,MNR
7819,2025-11-06T00:00:00.000,SIR
4476845,2025-11-06T00:00:00.000,Subway
44889,2025-11-07T00:00:00.000,AAR
991137,2025-11-07T00:00:00.000,BT
1278966,2025-11-07T00:00:00.000,Bus
600352,2025-11-07T00:00:00.000,CBD Entries
533038,2025-11-07T00:00:00.000,CRZ Entries
271989,2025-11-07T00:00:00.000,LIRR
227739,2025-11-07T00:00:00.000,MNR
6673,2025-11-07T00:00:00.000,SIR
4143987,2025-11-07T00:00:00.000,Subway
28928,2025-11-08T00:00:00.000,AAR
921474,2025-11-08T00:00:00.000,BT
904574,2025-11-08T00:00:00.000,Bus
582779,2025-11-08T00:00:00.000,CBD Entries
520741,2025-11-08T00:00:00.000,CRZ Entries
146648,2025-11-08T00:00:00.000,LIRR
144272,2025-11-08T00:00:00.000,MNR
98,2025-11-08T00:00:00.000,SIR
2998303,2025-11-08T00:00:00.000,Subway
28414,2025-11-09T00:00:00.000,AAR
908327,2025-11-09T00:00:00.000,BT
664738,2025-11-09T00:00:00.000,Bus
526073,2025-11-09T00:00:00.000,CBD Entries
463682,2025-11-09T00:00:00.000,CRZ Entries
108466,2025-11-09T00:00:00.000,LIRR
102557,2025-11-09T00:00:00.000,MNR
6,2025-11-09T00:00:00.000,SIR
2170348,2025-11-09T00:00:00.000,Subway
42668,2025-11-10T00:00:00.000,AAR
939650,2025-11-10T00:00:00.000,BT
1330157,2025-11-10T00:00:00.000,Bus
550681,2025-11-10T00:00:00.000,CBD Entries
485465,2025-11-10T00:00:00.000,CRZ Entries
261926,2025-11-10T00:00:00.000,LIRR
224338,2025-11-10T00:00:00.000,MNR
7111,2025-11-10T00:00:00.000,SIR
4042262,2025-11-10T00:00:00.000,Subway
37343,2025-11-11T00:00:00.000,AAR
862068,2025-11-11T00:00:00.000,BT
1138614,2025-11-11T00:00:00.000,Bus
536744,2025-11-11T00:00:00.000,CBD Entries
476517,2025-11-11T00:00:00.000,CRZ Entries
261323,2025-11-11T00:00:00.000,LIRR
231128,2025-11-11T00:00:00.000,MNR
5848,2025-11-11T00:00:00.000,SIR
3805525,2025-11-11T00:00:00.000,Subway
48814,2025-11-12T00:00:00.000,AAR
934665,2025-11-12T00:00:00.000,BT
1416400,2025-11-12T00:00:00.000,Bus
578898,2025-11-12T00:00:00.000,CBD Entries
516005,2025-11-12T00:00:00.000,CRZ Entries
277019,2025-11-12T00:00:00.000,LIRR
241668,2025-11-12T00:00:00.000,MNR
8127,2025-11-12T00:00:00.000,SIR
4490139,2025-11-12T00:00:00.000,Subway
48365,2025-11-13T00:00:00.000,AAR
957790,2025-11-13T00:00:00.000,BT
1393834,2025-11-13T00:00:00.000,Bus
594706,2025-11-13T00:00:00.000,CBD Entries
530783,2025-11-13T00:00:00.000,CRZ Entries
278935,2025-11-13T00:00:00.000,LIRR
240393,2025-11-13T00:00:00.000,MNR
7775,2025-11-13T00:00:00.000,SIR
4514518,2025-11-13T00:00:00.000,Subway
45674,2025-11-14T00:00:00.000,AAR
988987,2025-11-14T00:00:00.000,BT
1358720,2025-11-14T00:00:00.000,Bus
605783,2025-11-14T00:00:00.000,CBD Entries
540060,2025-11-14T00:00:00.000,CRZ Entries
266627,2025-11-14T00:00:00.000,LIRR
228051,2025-11-14T00:00:00.000,MNR
6632,2025-11-14T00:00:00.000,SIR
4202637,2025-11-14T00:00:00.000,Subway
29345,2025-11-15T00:00:00.000,AAR
919881,2025-11-15T00:00:00.000,BT
901107,2025-11-15T00:00:00.000,Bus
583136,2025-11-15T00:00:00.000,CBD Entries
521944,2025-11-15T00:00:00.000,CRZ Entries
147186,2025-11-15T00:00:00.000,LIRR
134636,2025-11-15T00:00:00.000,MNR
2601,2025-11-15T00:00:00.000,SIR
2916948,2025-11-15T00:00:00.000,Subway
29190,2025-11-16T00:00:00.000,AAR
911940,2025-11-16T00:00:00.000,BT
698030,2025-11-16T00:00:00.000,Bus
533624,2025-11-16T00:00:00.000,CBD Entries
476770,2025-11-16T00:00:00.000,CRZ Entries
122244,2025-11-16T00:00:00.000,LIRR
104396,2025-11-16T00:00:00.000,MNR
1930,2025-11-16T00:00:00.000,SIR
2244614,2025-11-16T00:00:00.000,Subway
43573,2025-11-17T00:00:00.000,AAR
952879,2025-11-17T00:00:00.000,BT
1345238,2025-11-17T00:00:00.000,Bus
554857,2025-11-17T00:00:00.000,CBD Entries
489233,2025-11-17T00:00:00.000,CRZ Entries
265144,2025-11-17T00:00:00.000,LIRR
224332,2025-11-17T00:00:00.000,MNR
7340,2025-11-17T00:00:00.000,SIR
4073219,2025-11-17T00:00:00.000,Subway
47836,2025-11-18T00:00:00.000,AAR
926912,2025-11-18T00:00:00.000,BT
1412746,2025-11-18T00:00:00.000,Bus
571751,2025-11-18T00:00:00.000,CBD Entries
508767,2025-11-18T00:00:00.000,CRZ Entries
276957,2025-11-18T00:00:00.000,LIRR
244622,2025-11-18T00:00:00.000,MNR
7946,2025-11-18T00:00:00.000,SIR
4478041,2025-11-18T00:00:00.000,Subway
49261,2025-11-19T00:00:00.000,AAR
936654,2025-11-19T00:00:00.000,BT
1324616,2025-11-19T00:00:00.000,Bus
580388,2025-11-19T00:00:00.000,CBD Entries
518999,2025-11-19T00:00:00.000,CRZ Entries
285721,2025-11-19T00:00:00.000,LIRR
242379,2025-11-19T00:00:00.000,MNR
7984,2025-11-19T00:00:00.000,SIR
4485722,2025-11-19T00:00:00.000,Subway
48100,2025-11-20T00:00:00.000,AAR
968561,2025-11-20T00:00:00.000,BT
1351795,2025-11-20T00:00:00.000,Bus
600338,2025-11-20T00:00:00.000,CBD Entries
538095,2025-11-20T00:00:00.000,CRZ Entries
281238,2025-11-20T00:00:00.000,LIRR
242044,2025-11-20T00:00:00.000,MNR
7966,2025-11-20T00:00:00.000,SIR
4507934,2025-11-20T00:00:00.000,Subway
46310,2025-11-21T00:00:00.000,AAR
997649,2025-11-21T00:00:00.000,BT
1308473,2025-11-21T00:00:00.000,Bus
603007,2025-11-21T00:00:00.000,CBD Entries
538403,2025-11-21T00:00:00.000,CRZ Entries
265950,2025-11-21T00:00:00.000,LIRR
227894,2025-11-21T00:00:00.000,MNR
6706,2025-11-21T00:00:00.000,SIR
4136195,2025-11-21T00:00:00.000,Subway
28732,2025-11-22T00:00:00.000,AAR
917226,2025-11-22T00:00:00.000,BT
843858,2025-11-22T00:00:00.000,Bus
578855,2025-11-22T00:00:00.000,CBD Entries
518407,2025-11-22T00:00:00.000,CRZ Entries
154859,2025-11-22T00:00:00.000,LIRR
136221,2025-11-22T00:00:00.000,MNR
2501,2025-11-22T00:00:00.000,SIR
2789019,2025-11-22T00:00:00.000,Subway
29629,2025-11-23T00:00:00.000,AAR
898932,2025-11-23T00:00:00.000,BT
677274,2025-11-23T00:00:00.000,Bus
525804,2025-11-23T00:00:00.000,CBD Entries
464531,2025-11-23T00:00:00.000,CRZ Entries
124945,2025-11-23T00:00:00.000,LIRR
111766,2025-11-23T00:00:00.000,MNR
1919,2025-11-23T00:00:00.000,SIR
2214468,2025-11-23T00:00:00.000,Subway
43753,2025-11-24T00:00:00.000,AAR
948291,2025-11-24T00:00:00.000,BT
1325785,2025-11-24T00:00:00.000,Bus
550340,2025-11-24T00:00:00.000,CBD Entries
483667,2025-11-24T00:00:00.000,CRZ Entries
278824,2025-11-24T00:00:00.000,LIRR
235318,2025-11-24T00:00:00.000,MNR
7369,2025-11-24T00:00:00.000,SIR
4093423,2025-11-24T00:00:00.000,Subway
46923,2025-11-25T00:00:00.000,AAR
946356,2025-11-25T00:00:00.000,BT
1323388,2025-11-25T00:00:00.000,Bus
562668,2025-11-25T00:00:00.000,CBD Entries
497669,2025-11-25T00:00:00.000,CRZ Entries
287401,2025-11-25T00:00:00.000,LIRR
245330,2025-11-25T00:00:00.000,MNR
7701,2025-11-25T00:00:00.000,SIR
4220008,2025-11-25T00:00:00.000,Subway
42124,2025-11-26T00:00:00.000,AAR
1005160,2025-11-26T00:00:00.000,BT
1236618,2025-11-26T00:00:00.000,Bus
562332,2025-11-26T00:00:00.000,CBD Entries
495541,2025-11-26T00:00:00.000,CRZ Entries
303778,2025-11-26T00:00:00.000,LIRR
255782,2025-11-26T00:00:00.000,MNR
7074,2025-11-26T00:00:00.000,SIR
3810090,2025-11-26T00:00:00.000,Subway
31998,2025-11-27T00:00:00.000,AAR
854164,2025-11-27T00:00:00.000,BT
495496,2025-11-27T00:00:00.000,Bus
456868,2025-11-27T00:00:00.000,CBD Entries
390555,2025-11-27T00:00:00.000,CRZ Entries
136991,2025-11-27T00:00:00.000,LIRR
118294,2025-11-27T00:00:00.000,MNR
2356,2025-11-27T00:00:00.000,SIR
1828134,2025-11-27T00:00:00.000,Subway
23232,2025-11-28T00:00:00.000,AAR
928979,2025-11-28T00:00:00.000,BT
841444,2025-11-28T00:00:00.000,Bus
486749,2025-11-28T00:00:00.000,CBD Entries
425942,2025-11-28T00:00:00.000,CRZ Entries
155678,2025-11-28T00:00:00.000,LIRR
137068,2025-11-28T00:00:00.000,MNR
3865,2025-11-28T00:00:00.000,SIR
2812012,2025-11-28T00:00:00.000,Subway
23215,2025-11-29T00:00:00.000,AAR
835961,2025-11-29T00:00:00.000,BT
774221,2025-11-29T00:00:00.000,Bus
525836,2025-11-29T00:00:00.000,CBD Entries
468381,2025-11-29T00:00:00.000,CRZ Entries
157271,2025-11-29T00:00:00.000,LIRR
140888,2025-11-29T00:00:00.000,MNR
2407,2025-11-29T00:00:00.000,SIR
2451340,2025-11-29T00:00:00.000,Subway
25621,2025-11-30T00:00:00.000,AAR
909583,2025-11-30T00:00:00.000,BT
586972,2025-11-30T00:00:00.000,Bus
509436,2025-11-30T00:00:00.000,CBD Entries
448883,2025-11-30T00:00:00.000,CRZ Entries
130384,2025-11-30T00:00:00.000,LIRR
108842,2025-11-30T00:00:00.000,MNR
1743,2025-11-30T00:00:00.000,SIR
1870396,2025-11-30T00:00:00.000,Subway
43282,2025-12-01T00:00:00.000,AAR
978307,2025-12-01T00:00:00.000,BT
1303042,2025-12-01T00:00:00.000,Bus
556158,2025-12-01T00:00:00.000,CBD Entries
491036,2025-12-01T00:00:00.000,CRZ Entries
249607,2025-12-01T00:00:00.000,LIRR
216228,2025-12-01T00:00:00.000,MNR
7223,2025-12-01T00:00:00.000,SIR
4006207,2025-12-01T00:00:00.000,Subway
44343,2025-12-02T00:00:00.000,AAR
881387,2025-12-02T00:00:00.000,BT
1222943,2025-12-02T00:00:00.000,Bus
546464,2025-12-02T00:00:00.000,CBD Entries
488126,2025-12-02T00:00:00.000,CRZ Entries
265911,2025-12-02T00:00:00.000,LIRR
223297,2025-12-02T00:00:00.000,MNR
7245,2025-12-02T00:00:00.000,SIR
4133004,2025-12-02T00:00:00.000,Subway
48995,2025-12-03T00:00:00.000,AAR
921629,2025-12-03T00:00:00.000,BT
1388939,2025-12-03T00:00:00.000,Bus
579624,2025-12-03T00:00:00.000,CBD Entries
517549,2025-12-03T00:00:00.000,CRZ Entries
275589,2025-12-03T00:00:00.000,LIRR
240102,2025-12-03T00:00:00.000,MNR
8244,2025-12-03T00:00:00.000,SIR
4602770,2025-12-03T00:00:00.000,Subway
47977,2025-12-04T00:00:00.000,AAR
961362,2025-12-04T00:00:00.000,BT
1357434,2025-12-04T00:00:00.000,Bus
599786,2025-12-04T00:00:00.000,CBD Entries
537385,2025-12-04T00:00:00.000,CRZ Entries
279292,2025-12-04T00:00:00.000,LIRR
234324,2025-12-04T00:00:00.000,MNR
7743,2025-12-04T00:00:00.000,SIR
4625030,2025-12-04T00:00:00.000,Subway
45693,2025-12-05T00:00:00.000,AAR
980007,2025-12-05T00:00:00.000,BT
1244763,2025-12-05T00:00:00.000,Bus
604868,2025-12-05T00:00:00.000,CBD Entries
540791,2025-12-05T00:00:00.000,CRZ Entries
257408,2025-12-05T00:00:00.000,LIRR
214457,2025-12-05T00:00:00.000,MNR
6250,2025-12-05T00:00:00.000,SIR
4245175,2025-12-05T00:00:00.000,Subway
29625,2025-12-06T00:00:00.000,AAR
880589,2025-12-06T00:00:00.000,BT
862636,2025-12-06T00:00:00.000,Bus
581765,2025-12-06T00:00:00.000,CBD Entries
524790,2025-12-06T00:00:00.000,CRZ Entries
161891,2025-12-06T00:00:00.000,LIRR
143742,2025-12-06T00:00:00.000,MNR
2750,2025-12-06T00:00:00.000,SIR
3167060,2025-12-06T00:00:00.000,Subway
30064,2025-12-07T00:00:00.000,AAR
894608,2025-12-07T00:00:00.000,BT
677370,2025-12-07T00:00:00.000,Bus
539911,2025-12-07T00:00:00.000,CBD Entries
481678,2025-12-07T00:00:00.000,CRZ Entries
132179,2025-12-07T00:00:00.000,LIRR
108943,2025-12-07T00:00:00.000,MNR
2085,2025-12-07T00:00:00.000,SIR
2417625,2025-12-07T00:00:00.000,Subway
44073,2025-12-08T00:00:00.000,AAR
945387,2025-12-08T00:00:00.000,BT
1280746,2025-12-08T00:00:00.000,Bus
561060,2025-12-08T00:00:00.000,CBD Entries
496401,2025-12-08T00:00:00.000,CRZ Entries
262078,2025-12-08T00:00:00.000,LIRR
221975,2025-12-08T00:00:00.000,MNR
7173,2025-12-08T00:00:00.000,SIR
4146910,2025-12-08T00:00:00.000,Subway
47915,2025-12-09T00:00:00.000,AAR
926238,2025-12-09T00:00:00.000,BT
1343371,2025-12-09T00:00:00.000,Bus
581751,2025-12-09T00:00:00.000,CBD Entries
520020,2025-12-09T00:00:00.000,CRZ Entries
280939,2025-12-09T00:00:00.000,LIRR
245102,2025-12-09T00:00:00.000,MNR
7619,2025-12-09T00:00:00.000,SIR
4498157,2025-12-09T00:00:00.000,Subway
48763,2025-12-10T00:00:00.000,AAR
943536,2025-12-10T00:00:00.000,BT
1356535,2025-12-10T00:00:00.000,Bus
586136,2025-12-10T00:00:00.000,CBD Entries
527414,2025-12-10T00:00:00.000,CRZ Entries
278314,2025-12-10T00:00:00.000,LIRR
243313,2025-12-10T00:00:00.000,MNR
7932,2025-12-10T00:00:00.000,SIR
4570883,2025-12-10T00:00:00.000,Subway
47771,2025-12-11T00:00:00.000,AAR
968416,2025-12-11T00:00:00.000,BT
1354523,2025-12-11T00:00:00.000,Bus
607456,2025-12-11T00:00:00.000,CBD Entries
547305,2025-12-11T00:00:00.000,CRZ Entries
282861,2025-12-11T00:00:00.000,LIRR
244157,2025-12-11T00:00:00.000,MNR
7601,2025-12-11T00:00:00.000,SIR
4654787,2025-12-11T00:00:00.000,Subway
46724,2025-12-12T00:00:00.000,AAR
1000287,2025-12-12T00:00:00.000,BT
1310865,2025-12-12T00:00:00.000,Bus
616249,2025-12-12T00:00:00.000,CBD Entries
554757,2025-12-12T00:00:00.000,CRZ Entries
271356,2025-12-12T00:00:00.000,LIRR
232325,2025-12-12T00:00:00.000,MNR
6359,2025-12-12T00:00:00.000,SIR
4342252,2025-12-12T00:00:00.000,Subway
29814,2025-12-13T00:00:00.000,AAR
926968,2025-12-13T00:00:00.000,BT
895773,2025-12-13T00:00:00.000,Bus
594199,2025-12-13T00:00:00.000,CBD Entries
534734,2025-12-13T00:00:00.000,CRZ Entries
183250,2025-12-13T00:00:00.000,LIRR
160206,2025-12-13T00:00:00.000,MNR
2636,2025-12-13T00:00:00.000,SIR
3223814,2025-12-13T00:00:00.000,Subway
25999,2025-12-14T00:00:00.000,AAR
752353,2025-12-14T00:00:00.000,BT
551669,2025-12-14T00:00:00.000,Bus
449076,2025-12-14T00:00:00.000,CBD Entries
401521,2025-12-14T00:00:00.000,CRZ Entries
116119,2025-12-14T00:00:00.000,LIRR
106009,2025-12-14T00:00:00.000,MNR
1816,2025-12-14T00:00:00.000,SIR
2275321,2025-12-14T00:00:00.000,Subway
41911,2025-12-15T00:00:00.000,AAR
893965,2025-12-15T00:00:00.000,BT
1250173,2025-12-15T00:00:00.000,Bus
533152,2025-12-15T00:00:00.000,CBD Entries
474945,2025-12-15T00:00:00.000,CRZ Entries
257524,2025-12-15T00:00:00.000,LIRR
221439,2025-12-15T00:00:00.000,MNR
6631,2025-12-15T00:00:00.000,SIR
4071120,2025-12-15T00:00:00.000,Subway
46871,2025-12-16T00:00:00.000,AAR
919608,2025-12-16T00:00:00.000,BT
1353494,2025-12-16T00:00:00.000,Bus
562004,2025-12-16T00:00:00.000,CBD Entries
503860,2025-12-16T00:00:00.000,CRZ Entries
275666,2025-12-16T00:00:00.000,LIRR
243838,2025-12-16T00:00:00.000,MNR
7147,2025-12-16T00:00:00.000,SIR
4478870,2025-12-16T00:00:00.000,Subway
49815,2025-12-17T00:00:00.000,AAR
960029,2025-12-17T00:00:00.000,BT
1383795,2025-12-17T00:00:00.000,Bus
580318,2025-12-17T00:00:00.000,CBD Entries
518555,2025-12-17T00:00:00.000,CRZ Entries
286645,2025-12-17T00:00:00.000,LIRR
245310,2025-12-17T00:00:00.000,MNR
7365,2025-12-17T00:00:00.000,SIR
4493497,2025-12-17T00:00:00.000,Subway
49193,2025-12-18T00:00:00.000,AAR
976622,2025-12-18T00:00:00.000,BT
1378737,2025-12-18T00:00:00.000,Bus
595447,2025-12-18T00:00:00.000,CBD Entries
532889,2025-12-18T00:00:00.000,CRZ Entries
294530,2025-12-18T00:00:00.000,LIRR
245278,2025-12-18T00:00:00.000,MNR
7371,2025-12-18T00:00:00.000,SIR
4499832,2025-12-18T00:00:00.000,Subway
44942,2025-12-19T00:00:00.000,AAR
972816,2025-12-19T00:00:00.000,BT
1167980,2025-12-19T00:00:00.000,Bus
588777,2025-12-19T00:00:00.000,CBD Entries
528541,2025-12-19T00:00:00.000,CRZ Entries
269600,2025-12-19T00:00:00.000,LIRR
221112,2025-12-19T00:00:00.000,MNR
5598,2025-12-19T00:00:00.000,SIR
3888599,2025-12-19T00:00:00.000,Subway
30138,2025-12-20T00:00:00.000,AAR
900604,2025-12-20T00:00:00.000,BT
813781,2025-12-20T00:00:00.000,Bus
572755,2025-12-20T00:00:00.000,CBD Entries
513236,2025-12-20T00:00:00.000,CRZ Entries
173942,2025-12-20T00:00:00.000,LIRR
155827,2025-12-20T00:00:00.000,MNR
2583,2025-12-20T00:00:00.000,SIR
2981831,2025-12-20T00:00:00.000,Subway
31036,2025-12-21T00:00:00.000,AAR
919311,2025-12-21T00:00:00.000,BT
627619,2025-12-21T00:00:00.000,Bus
526287,2025-12-21T00:00:00.000,CBD Entries
463899,2025-12-21T00:00:00.000,CRZ Entries
152661,2025-12-21T00:00:00.000,LIRR
127045,2025-12-21T00:00:00.000,MNR
2119,2025-12-21T00:00:00.000,SIR
2390530,2025-12-21T00:00:00.000,Subway
42652,2025-12-22T00:00:00.000,AAR
957894,2025-12-22T00:00:00.000,BT
1158803,2025-12-22T00:00:00.000,Bus
535367,2025-12-22T00:00:00.000,CBD Entries
471375,2025-12-22T00:00:00.000,CRZ Entries
268354,2025-12-22T00:00:00.000,LIRR
229496,2025-12-22T00:00:00.000,MNR
6935,2025-12-22T00:00:00.000,SIR
3869528,2025-12-22T00:00:00.000,Subway
41705,2025-12-23T00:00:00.000,AAR
922602,2025-12-23T00:00:00.000,BT
1107930,2025-12-23T00:00:00.000,Bus
530039,2025-12-23T00:00:00.000,CBD Entries
466947,2025-12-23T00:00:00.000,CRZ Entries
268202,2025-12-23T00:00:00.000,LIRR
223698,2025-12-23T00:00:00.000,MNR
6345,2025-12-23T00:00:00.000,SIR
3602331,2025-12-23T00:00:00.000,Subway
35738,2025-12-24T00:00:00.000,AAR
923157,2025-12-24T00:00:00.000,BT
883076,2025-12-24T00:00:00.000,Bus
507082,2025-12-24T00:00:00.000,CBD Entries
441284,2025-12-24T00:00:00.000,CRZ Entries
244530,2025-12-24T00:00:00.000,LIRR
195155,2025-12-24T00:00:00.000,MNR
4540,2025-12-24T00:00:00.000,SIR
2853461,2025-12-24T00:00:00.000,Subway
22310,2025-12-25T00:00:00.000,AAR
761776,2025-12-25T00:00:00.000,BT
390603,2025-12-25T00:00:00.000,Bus
399158,2025-12-25T00:00:00.000,CBD Entries
345557,2025-12-25T00:00:00.000,CRZ Entries
96125,2025-12-25T00:00:00.000,LIRR
69421,2025-12-25T00:00:00.000,MNR
1826,2025-12-25T00:00:00.000,SIR
1511985,2025-12-25T00:00:00.000,Subway
27702,2025-12-26T00:00:00.000,AAR
869467,2025-12-26T00:00:00.000,BT
793491,2025-12-26T00:00:00.000,Bus
424593,2025-12-26T00:00:00.000,CBD Entries
374368,2025-12-26T00:00:00.000,CRZ Entries
238777,2025-12-26T00:00:00.000,LIRR
204111,2025-12-26T00:00:00.000,MNR
4070,2025-12-26T00:00:00.000,SIR
2695535,2025-12-26T00:00:00.000,Subway
16279,2025-12-27T00:00:00.000,AAR
509619,2025-12-27T00:00:00.000,BT
542506,2025-12-27T00:00:00.000,Bus
367528,2025-12-27T00:00:00.000,CBD Entries
331518,2025-12-27T00:00:00.000,CRZ Entries
130835,2025-12-27T00:00:00.000,LIRR
114446,2025-12-27T00:00:00.000,MNR
2424,2025-12-27T00:00:00.000,SIR
2219293,2025-12-27T00:00:00.000,Subway
22732,2025-12-28T00:00:00.000,AAR
740471,2025-12-28T00:00:00.000,BT
579178,2025-12-28T00:00:00.000,Bus
448419,2025-12-28T00:00:00.000,CBD Entries
397417,2025-12-28T00:00:00.000,CRZ Entries
133665,2025-12-28T00:00:00.000,LIRR
114540,2025-12-28T00:00:00.000,MNR
2302,2025-12-28T00:00:00.000,SIR
2180348,2025-12-28T00:00:00.000,Subway
37707,2025-12-29T00:00:00.000,AAR
860191,2025-12-29T00:00:00.000,BT
1024260,2025-12-29T00:00:00.000,Bus
492004,2025-12-29T00:00:00.000,CBD Entries
433252,2025-12-29T00:00:00.000,CRZ Entries
257839,2025-12-29T00:00:00.000,LIRR
214568,2025-12-29T00:00:00.000,MNR
5571,2025-12-29T00:00:00.000,SIR
3297161,2025-12-29T00:00:00.000,Subway
40464,2025-12-30T00:00:00.000,AAR
878878,2025-12-30T00:00:00.000,BT
1084547,2025-12-30T00:00:00.000,Bus
519563,2025-12-30T00:00:00.000,CBD Entries
461093,2025-12-30T00:00:00.000,CRZ Entries
265344,2025-12-30T00:00:00.000,LIRR
222329,2025-12-30T00:00:00.000,MNR
5681,2025-12-30T00:00:00.000,SIR
3554107,2025-12-30T00:00:00.000,Subway
38585,2025-12-31T00:00:00.000,AAR
848483,2025-12-31T00:00:00.000,BT
959612,2025-12-31T00:00:00.000,Bus
492015,2025-12-31T00:00:00.000,CBD Entries
431667,2025-12-31T00:00:00.000,CRZ Entries
245088,2025-12-31T00:00:00.000,LIRR
203486,2025-12-31T00:00:00.000,MNR
4790,2025-12-31T00:00:00.000,SIR
3084643,2025-12-31T00:00:00.000,Subway
14441,2026-01-01T00:00:00.000,AAR
696364,2026-01-01T00:00:00.000,BT
474380,2026-01-01T00:00:00.000,Bus
414347,2026-01-01T00:00:00.000,CBD Entries
370115,2026-01-01T00:00:00.000,CRZ Entries
99745,2026-01-01T00:00:00.000,LIRR
77813,2026-01-01T00:00:00.000,MNR
2172,2026-01-01T00:00:00.000,SIR
2016827,2026-01-01T00:00:00.000,Subway
33207,2026-01-02T00:00:00.000,AAR
795088,2026-01-02T00:00:00.000,BT
986192,2026-01-02T00:00:00.000,Bus
477673,2026-01-02T00:00:00.000,CBD Entries
422514,2026-01-02T00:00:00.000,CRZ Entries
192703,2026-01-02T00:00:00.000,LIRR
163155,2026-01-02T00:00:00.000,MNR
4632,2026-01-02T00:00:00.000,SIR
3120979,2026-01-02T00:00:00.000,Subway
24956,2026-01-03T00:00:00.000,AAR
771783,2026-01-03T00:00:00.000,BT
758640,2026-01-03T00:00:00.000,Bus
484717,2026-01-03T00:00:00.000,CBD Entries
436646,2026-01-03T00:00:00.000,CRZ Entries
167213,2026-01-03T00:00:00.000,LIRR
132196,2026-01-03T00:00:00.000,MNR
2650,2026-01-03T00:00:00.000,SIR
2478271,2026-01-03T00:00:00.000,Subway
27839,2026-01-04T00:00:00.000,AAR
781903,2026-01-04T00:00:00.000,BT
626317,2026-01-04T00:00:00.000,Bus
455429,2026-01-04T00:00:00.000,CBD Entries
401858,2026-01-04T00:00:00.000,CRZ Entries
90083,2026-01-04T00:00:00.000,LIRR
73729,2026-01-04T00:00:00.000,MNR
1894,2026-01-04T00:00:00.000,SIR
1934593,2026-01-04T00:00:00.000,Subway
42609,2026-01-05T00:00:00.000,AAR
874077,2026-01-05T00:00:00.000,BT
1282373,2026-01-05T00:00:00.000,Bus
503303,2026-01-05T00:00:00.000,CBD Entries
442505,2026-01-05T00:00:00.000,CRZ Entries
219975,2026-01-05T00:00:00.000,LIRR
177390,2026-01-05T00:00:00.000,MNR
7098,2026-01-05T00:00:00.000,SIR
3650793,2026-01-05T00:00:00.000,Subway
45834,2026-01-06T00:00:00.000,AAR
863036,2026-01-06T00:00:00.000,BT
1334624,2026-01-06T00:00:00.000,Bus
512978,2026-01-06T00:00:00.000,CBD Entries
452822,2026-01-06T00:00:00.000,CRZ Entries
245492,2026-01-06T00:00:00.000,LIRR
197811,2026-01-06T00:00:00.000,MNR
7542,2026-01-06T00:00:00.000,SIR
3973013,2026-01-06T00:00:00.000,Subway
47258,2026-01-07T00:00:00.000,AAR
874154,2026-01-07T00:00:00.000,BT
1348234,2026-01-07T00:00:00.000,Bus
525856,2026-01-07T00:00:00.000,CBD Entries
465160,2026-01-07T00:00:00.000,CRZ Entries
250828,2026-01-07T00:00:00.000,LIRR
207994,2026-01-07T00:00:00.000,MNR
7722,2026-01-07T00:00:00.000,SIR
4074540,2026-01-07T00:00:00.000,Subway
46662,2026-01-08T00:00:00.000,AAR
889742,2026-01-08T00:00:00.000,BT
1347632,2026-01-08T00:00:00.000,Bus
542750,2026-01-08T00:00:00.000,CBD Entries
483602,2026-01-08T00:00:00.000,CRZ Entries
251655,2026-01-08T00:00:00.000,LIRR
212710,2026-01-08T00:00:00.000,MNR
7519,2026-01-08T00:00:00.000,SIR
4096415,2026-01-08T00:00:00.000,Subway
44891,2026-01-09T00:00:00.000,AAR
907491,2026-01-09T00:00:00.000,BT
1272247,2026-01-09T00:00:00.000,Bus
544083,2026-01-09T00:00:00.000,CBD Entries
481409,2026-01-09T00:00:00.000,CRZ Entries
239792,2026-01-09T00:00:00.000,LIRR
197505,2026-01-09T00:00:00.000,MNR
6262,2026-01-09T00:00:00.000,SIR
3763800,2026-01-09T00:00:00.000,Subway
26074,2026-01-10T00:00:00.000,AAR
793008,2026-01-10T00:00:00.000,BT
774842,2026-01-10T00:00:00.000,Bus
523158,2026-01-10T00:00:00.000,CBD Entries
471322,2026-01-10T00:00:00.000,CRZ Entries
114420,2026-01-10T00:00:00.000,LIRR
97875,2026-01-10T00:00:00.000,MNR
2374,2026-01-10T00:00:00.000,SIR
2395364,2026-01-10T00:00:00.000,Subway
28246,2026-01-11T00:00:00.000,AAR
801780,2026-01-11T00:00:00.000,BT
664557,2026-01-11T00:00:00.000,Bus
486241,2026-01-11T00:00:00.000,CBD Entries
433463,2026-01-11T00:00:00.000,CRZ Entries
99745,2026-01-11T00:00:00.000,LIRR
84855,2026-01-11T00:00:00.000,MNR
2004,2026-01-11T00:00:00.000,SIR
1978534,2026-01-11T00:00:00.000,Subway
42819,2026-01-12T00:00:00.000,AAR
897448,2026-01-12T00:00:00.000,BT
1330401,2026-01-12T00:00:00.000,Bus
519170,2026-01-12T00:00:00.000,CBD Entries
457853,2026-01-12T00:00:00.000,CRZ Entries
237811,2026-01-12T00:00:00.000,LIRR
200032,2026-01-12T00:00:00.000,MNR
7131,2026-01-12T00:00:00.000,SIR
3770308,2026-01-12T00:00:00.000,Subway
46618,2026-01-13T00:00:00.000,AAR
883360,2026-01-13T00:00:00.000,BT
1396832,2026-01-13T00:00:00.000,Bus
539320,2026-01-13T00:00:00.000,CBD Entries
477444,2026-01-13T00:00:00.000,CRZ Entries
258513,2026-01-13T00:00:00.000,LIRR
220239,2026-01-13T00:00:00.000,MNR
7876,2026-01-13T00:00:00.000,SIR
4108806,2026-01-13T00:00:00.000,Subway
48298,2026-01-14T00:00:00.000,AAR
894599,2026-01-14T00:00:00.000,BT
1399486,2026-01-14T00:00:00.000,Bus
544363,2026-01-14T00:00:00.000,CBD Entries
481637,2026-01-14T00:00:00.000,CRZ Entries
259501,2026-01-14T00:00:00.000,LIRR
223140,2026-01-14T00:00:00.000,MNR
7634,2026-01-14T00:00:00.000,SIR
4123499,2026-01-14T00:00:00.000,Subway
45600,2026-01-15T00:00:00.000,AAR
899567,2026-01-15T00:00:00.000,BT
1376769,2026-01-15T00:00:00.000,Bus
563735,2026-01-15T00:00:00.000,CBD Entries
500848,2026-01-15T00:00:00.000,CRZ Entries
255079,2026-01-15T00:00:00.000,LIRR
220178,2026-01-15T00:00:00.000,MNR
7425,2026-01-15T00:00:00.000,SIR
4122446,2026-01-15T00:00:00.000,Subway
44701,2026-01-16T00:00:00.000,AAR
932469,2026-01-16T00:00:00.000,BT
1290497,2026-01-16T00:00:00.000,Bus
565698,2026-01-16T00:00:00.000,CBD Entries
503285,2026-01-16T00:00:00.000,CRZ Entries
241834,2026-01-16T00:00:00.000,LIRR
208331,2026-01-16T00:00:00.000,MNR
6148,2026-01-16T00:00:00.000,SIR
3777244,2026-01-16T00:00:00.000,Subway
25898,2026-01-17T00:00:00.000,AAR
789315,2026-01-17T00:00:00.000,BT
751576,2026-01-17T00:00:00.000,Bus
502163,2026-01-17T00:00:00.000,CBD Entries
446702,2026-01-17T00:00:00.000,CRZ Entries
112583,2026-01-17T00:00:00.000,LIRR
102013,2026-01-17T00:00:00.000,MNR
2423,2026-01-17T00:00:00.000,SIR
2366112,2026-01-17T00:00:00.000,Subway
25820,2026-01-18T00:00:00.000,AAR
665296,2026-01-18T00:00:00.000,BT
550614,2026-01-18T00:00:00.000,Bus
418797,2026-01-18T00:00:00.000,CBD Entries
368812,2026-01-18T00:00:00.000,CRZ Entries
83410,2026-01-18T00:00:00.000,LIRR
82259,2026-01-18T00:00:00.000,MNR
1675,2026-01-18T00:00:00.000,SIR
1892975,2026-01-18T00:00:00.000,Subway
25086,2026-01-19T00:00:00.000,AAR
800730,2026-01-19T00:00:00.000,BT
899734,2026-01-19T00:00:00.000,Bus
477378,2026-01-19T00:00:00.000,CBD Entries
417360,2026-01-19T00:00:00.000,CRZ Entries
105820,2026-01-19T00:00:00.000,LIRR
86326,2026-01-19T00:00:00.000,MNR
2949,2026-01-19T00:00:00.000,SIR
2453300,2026-01-19T00:00:00.000,Subway
45009,2026-01-20T00:00:00.000,AAR
888218,2026-01-20T00:00:00.000,BT
1273059,2026-01-20T00:00:00.000,Bus
534874,2026-01-20T00:00:00.000,CBD Entries
472791,2026-01-20T00:00:00.000,CRZ Entries
253778,2026-01-20T00:00:00.000,LIRR
219701,2026-01-20T00:00:00.000,MNR
6924,2026-01-20T00:00:00.000,SIR
3877447,2026-01-20T00:00:00.000,Subway
47748,2026-01-21T00:00:00.000,AAR
876416,2026-01-21T00:00:00.000,BT
1338722,2026-01-21T00:00:00.000,Bus
549164,2026-01-21T00:00:00.000,CBD Entries
487363,2026-01-21T00:00:00.000,CRZ Entries
257748,2026-01-21T00:00:00.000,LIRR
225265,2026-01-21T00:00:00.000,MNR
7303,2026-01-21T00:00:00.000,SIR
4025339,2026-01-21T00:00:00.000,Subway
47855,2026-01-22T00:00:00.000,AAR
894742,2026-01-22T00:00:00.000,BT
1396482,2026-01-22T00:00:00.000,Bus
567215,2026-01-22T00:00:00.000,CBD Entries
503469,2026-01-22T00:00:00.000,CRZ Entries
265608,2026-01-22T00:00:00.000,LIRR
228722,2026-01-22T00:00:00.000,MNR
7295,2026-01-22T00:00:00.000,SIR
4121459,2026-01-22T00:00:00.000,Subway
45077,2026-01-23T00:00:00.000,AAR
925458,2026-01-23T00:00:00.000,BT
1298807,2026-01-23T00:00:00.000,Bus
566911,2026-01-23T00:00:00.000,CBD Entries
505217,2026-01-23T00:00:00.000,CRZ Entries
248622,2026-01-23T00:00:00.000,LIRR
209654,2026-01-23T00:00:00.000,MNR
6001,2026-01-23T00:00:00.000,SIR
3776980,2026-01-23T00:00:00.000,Subway
23866,2026-01-24T00:00:00.000,AAR
803790,2026-01-24T00:00:00.000,BT
655805,2026-01-24T00:00:00.000,Bus
531327,2026-01-24T00:00:00.000,CBD Entries
476905,2026-01-24T00:00:00.000,CRZ Entries
114512,2026-01-24T00:00:00.000,LIRR
90911,2026-01-24T00:00:00.000,MNR
2011,2026-01-24T00:00:00.000,SIR
2221402,2026-01-24T00:00:00.000,Subway
8401,2026-01-25T00:00:00.000,AAR
336386,2026-01-25T00:00:00.000,BT
196889,2026-01-25T00:00:00.000,Bus
130520,2026-01-25T00:00:00.000,CBD Entries
117548,2026-01-25T00:00:00.000,CRZ Entries
30577,2026-01-25T00:00:00.000,LIRR
27652,2026-01-25T00:00:00.000,MNR
773,2026-01-25T00:00:00.000,SIR
819623,2026-01-25T00:00:00.000,Subway
15007,2026-01-26T00:00:00.000,AAR
256130,2026-01-26T00:00:00.000,BT
489976,2026-01-26T00:00:00.000,Bus
218341,2026-01-26T00:00:00.000,CBD Entries
195624,2026-01-26T00:00:00.000,CRZ Entries
53590,2026-01-26T00:00:00.000,LIRR
42911,2026-01-26T00:00:00.000,MNR
2064,2026-01-26T00:00:00.000,SIR
1755760,2026-01-26T00:00:00.000,Subway
36154,2026-01-27T00:00:00.000,AAR
690340,2026-01-27T00:00:00.000,BT
1068310,2026-01-27T00:00:00.000,Bus
423228,2026-01-27T00:00:00.000,CBD Entries
379199,2026-01-27T00:00:00.000,CRZ Entries
246235,2026-01-27T00:00:00.000,LIRR
209031,2026-01-27T00:00:00.000,MNR
6955,2026-01-27T00:00:00.000,SIR
4059702,2026-01-27T00:00:00.000,Subway
43338,2026-01-28T00:00:00.000,AAR
800839,2026-01-28T00:00:00.000,BT
1165329,2026-01-28T00:00:00.000,Bus
456237,2026-01-28T00:00:00.000,CBD Entries
409984,2026-01-28T00:00:00.000,CRZ Entries
268629,2026-01-28T00:00:00.000,LIRR
223385,2026-01-28T00:00:00.000,MNR
7816,2026-01-28T00:00:00.000,SIR
4332658,2026-01-28T00:00:00.000,Subway
42979,2026-01-29T00:00:00.000,AAR
838264,2026-01-29T00:00:00.000,BT
1161323,2026-01-29T00:00:00.000,Bus
478975,2026-01-29T00:00:00.000,CBD Entries
429851,2026-01-29T00:00:00.000,CRZ Entries
270439,2026-01-29T00:00:00.000,LIRR
225215,2026-01-29T00:00:00.000,MNR
7886,2026-01-29T00:00:00.000,SIR
4395790,2026-01-29T00:00:00.000,Subway
43571,2026-01-30T00:00:00.000,AAR
873954,2026-01-30T00:00:00.000,BT
1057360,2026-01-30T00:00:00.000,Bus
487562,2026-01-30T00:00:00.000,CBD Entries
439608,2026-01-30T00:00:00.000,CRZ Entries
245174,2026-01-30T00:00:00.000,LIRR
206477,2026-01-30T00:00:00.000,MNR
6312,2026-01-30T00:00:00.000,SIR
3957935,2026-01-30T00:00:00.000,Subway
25626,2026-01-31T00:00:00.000,AAR
752364,2026-01-31T00:00:00.000,BT
690215,2026-01-31T00:00:00.000,Bus
475698,2026-01-31T00:00:00.000,CBD Entries
433913,2026-01-31T00:00:00.000,CRZ Entries
116643,2026-01-31T00:00:00.000,LIRR
96472,2026-01-31T00:00:00.000,MNR
2460,2026-01-31T00:00:00.000,SIR
2581424,2026-01-31T00:00:00.000,Subway
23002,2026-02-01T00:00:00.000,AAR
708793,2026-02-01T00:00:00.000,BT
524589,2026-02-01T00:00:00.000,Bus
432357,2026-02-01T00:00:00.000,CBD Entries
383455,2026-02-01T00:00:00.000,CRZ Entries
80871,2026-02-01T00:00:00.000,LIRR
69254,2026-02-01T00:00:00.000,MNR
1714,2026-02-01T00:00:00.000,SIR
1981353,2026-02-01T00:00:00.000,Subway
43047,2026-02-02T00:00:00.000,AAR
841541,2026-02-02T00:00:00.000,BT
1173735,2026-02-02T00:00:00.000,Bus
473082,2026-02-02T00:00:00.000,CBD Entries
417821,2026-02-02T00:00:00.000,CRZ Entries
217203,2026-02-02T00:00:00.000,LIRR
182299,2026-02-02T00:00:00.000,MNR
7471,2026-02-02T00:00:00.000,SIR
3985895,2026-02-02T00:00:00.000,Subway
48235,2026-02-03T00:00:00.000,AAR
851303,2026-02-03T00:00:00.000,BT
1245949,2026-02-03T00:00:00.000,Bus
498185,2026-02-03T00:00:00.000,CBD Entries
442166,2026-02-03T00:00:00.000,CRZ Entries
263234,2026-02-03T00:00:00.000,LIRR
219849,2026-02-03T00:00:00.000,MNR
8295,2026-02-03T00:00:00.000,SIR
4397644,2026-02-03T00:00:00.000,Subway
49579,2026-02-04T00:00:00.000,AAR
865676,2026-02-04T00:00:00.000,BT
1302237,2026-02-04T00:00:00.000,Bus
512286,2026-02-04T00:00:00.000,CBD Entries
456353,2026-02-04T00:00:00.000,CRZ Entries
263388,2026-02-04T00:00:00.000,LIRR
225121,2026-02-04T00:00:00.000,MNR
8564,2026-02-04T00:00:00.000,SIR
4439787,2026-02-04T00:00:00.000,Subway
47826,2026-02-05T00:00:00.000,AAR
885231,2026-02-05T00:00:00.000,BT
1334014,2026-02-05T00:00:00.000,Bus
529097,2026-02-05T00:00:00.000,CBD Entries
471518,2026-02-05T00:00:00.000,CRZ Entries
265748,2026-02-05T00:00:00.000,LIRR
225067,2026-02-05T00:00:00.000,MNR
8178,2026-02-05T00:00:00.000,SIR
4432406,2026-02-05T00:00:00.000,Subway
46859,2026-02-06T00:00:00.000,AAR
908578,2026-02-06T00:00:00.000,BT
1261942,2026-02-06T00:00:00.000,Bus
531210,2026-02-06T00:00:00.000,CBD Entries
472074,2026-02-06T00:00:00.000,CRZ Entries
252754,2026-02-06T00:00:00.000,LIRR
210906,2026-02-06T00:00:00.000,MNR
6749,2026-02-06T00:00:00.000,SIR
4020646,2026-02-06T00:00:00.000,Subway
23563,2026-02-07T00:00:00.000,AAR
754642,2026-02-07T00:00:00.000,BT
650789,2026-02-07T00:00:00.000,Bus
497694,2026-02-07T00:00:00.000,CBD Entries
444578,2026-02-07T00:00:00.000,CRZ Entries
102769,2026-02-07T00:00:00.000,LIRR
89754,2026-02-07T00:00:00.000,MNR
2120,2026-02-07T00:00:00.000,SIR
2358946,2026-02-07T00:00:00.000,Subway
22967,2026-02-08T00:00:00.000,AAR
711569,2026-02-08T00:00:00.000,BT
481220,2026-02-08T00:00:00.000,Bus
445061,2026-02-08T00:00:00.000,CBD Entries
393433,2026-02-08T00:00:00.000,CRZ Entries
80029,2026-02-08T00:00:00.000,LIRR
70025,2026-02-08T00:00:00.000,MNR
1562,2026-02-08T00:00:00.000,SIR
1769698,2026-02-08T00:00:00.000,Subway
42126,2026-02-09T00:00:00.000,AAR
869737,2026-02-09T00:00:00.000,BT
1219415,2026-02-09T00:00:00.000,Bus
500310,2026-02-09T00:00:00.000,CBD Entries
441513,2026-02-09T00:00:00.000,CRZ Entries
243351,2026-02-09T00:00:00.000,LIRR
201329,2026-02-09T00:00:00.000,MNR
7152,2026-02-09T00:00:00.000,SIR
3807229,2026-02-09T00:00:00.000,Subway
47006,2026-02-10T00:00:00.000,AAR
862698,2026-02-10T00:00:00.000,BT
1337815,2026-02-10T00:00:00.000,Bus
517401,2026-02-10T00:00:00.000,CBD Entries
459086,2026-02-10T00:00:00.000,CRZ Entries
262988,2026-02-10T00:00:00.000,LIRR
225826,2026-02-10T00:00:00.000,MNR
8435,2026-02-10T00:00:00.000,SIR
4283901,2026-02-10T00:00:00.000,Subway
50053,2026-02-11T00:00:00.000,AAR
881616,2026-02-11T00:00:00.000,BT
1358378,2026-02-11T00:00:00.000,Bus
533806,2026-02-11T00:00:00.000,CBD Entries
474161,2026-02-11T00:00:00.000,CRZ Entries
268664,2026-02-11T00:00:00.000,LIRR
226961,2026-02-11T00:00:00.000,MNR
8433,2026-02-11T00:00:00.000,SIR
4377163,2026-02-11T00:00:00.000,Subway
47865,2026-02-12T00:00:00.000,AAR
905803,2026-02-12T00:00:00.000,BT
1326128,2026-02-12T00:00:00.000,Bus
549799,2026-02-12T00:00:00.000,CBD Entries
493259,2026-02-12T00:00:00.000,CRZ Entries
265892,2026-02-12T00:00:00.000,LIRR
226582,2026-02-12T00:00:00.000,MNR
7654,2026-02-12T00:00:00.000,SIR
4266487,2026-02-12T00:00:00.000,Subway
47055,2026-02-13T00:00:00.000,AAR
936278,2026-02-13T00:00:00.000,BT
1241227,2026-02-13T00:00:00.000,Bus
556350,2026-02-13T00:00:00.000,CBD Entries
499558,2026-02-13T00:00:00.000,CRZ Entries
256378,2026-02-13T00:00:00.000,LIRR
215551,2026-02-13T00:00:00.000,MNR
6677,2026-02-13T00:00:00.000,SIR
4034457,2026-02-13T00:00:00.000,Subway
29123,2026-02-14T00:00:00.000,AAR
852167,2026-02-14T00:00:00.000,BT
802553,2026-02-14T00:00:00.000,Bus
539296,2026-02-14T00:00:00.000,CBD Entries
484983,2026-02-14T00:00:00.000,CRZ Entries
125137,2026-02-14T00:00:00.000,LIRR
110510,2026-02-14T00:00:00.000,MNR
2882,2026-02-14T00:00:00.000,SIR
2839785,2026-02-14T00:00:00.000,Subway
28498,2026-02-15T00:00:00.000,AAR
827111,2026-02-15T00:00:00.000,BT
629233,2026-02-15T00:00:00.000,Bus
481655,2026-02-15T00:00:00.000,CBD Entries
427501,2026-02-15T00:00:00.000,CRZ Entries
112300,2026-02-15T00:00:00.000,LIRR
93826,2026-02-15T00:00:00.000,MNR
2304,2026-02-15T00:00:00.000,SIR
2247495,2026-02-15T00:00:00.000,Subway
24970,2026-02-16T00:00:00.000,AAR
811751,2026-02-16T00:00:00.000,BT
834155,2026-02-16T00:00:00.000,Bus
447596,2026-02-16T00:00:00.000,CBD Entries
388725,2026-02-16T00:00:00.000,CRZ Entries
101152,2026-02-16T00:00:00.000,LIRR
86277,2026-02-16T00:00:00.000,MNR
3053,2026-02-16T00:00:00.000,SIR
2560717,2026-02-16T00:00:00.000,Subway
45265,2026-02-17T00:00:00.000,AAR
885313,2026-02-17T00:00:00.000,BT
1170513,2026-02-17T00:00:00.000,Bus
517470,2026-02-17T00:00:00.000,CBD Entries
456955,2026-02-17T00:00:00.000,CRZ Entries
260663,2026-02-17T00:00:00.000,LIRR
223936,2026-02-17T00:00:00.000,MNR
7110,2026-02-17T00:00:00.000,SIR
3797796,2026-02-17T00:00:00.000,Subway
47110,2026-02-18T00:00:00.000,AAR
868321,2026-02-18T00:00:00.000,BT
1220537,2026-02-18T00:00:00.000,Bus
515741,2026-02-18T00:00:00.000,CBD Entries
455907,2026-02-18T00:00:00.000,CRZ Entries
269864,2026-02-18T00:00:00.000,LIRR
224093,2026-02-18T00:00:00.000,MNR
7243,2026-02-18T00:00:00.000,SIR
3974070,2026-02-18T00:00:00.000,Subway
46003,2026-02-19T00:00:00.000,AAR
894377,2026-02-19T00:00:00.000,BT
1259788,2026-02-19T00:00:00.000,Bus
542602,2026-02-19T00:00:00.000,CBD Entries
480431,2026-02-19T00:00:00.000,CRZ Entries
273447,2026-02-19T00:00:00.000,LIRR
228261,2026-02-19T00:00:00.000,MNR
7484,2026-02-19T00:00:00.000,SIR
4052265,2026-02-19T00:00:00.000,Subway
43085,2026-02-20T00:00:00.000,AAR
882908,2026-02-20T00:00:00.000,BT
1088131,2026-02-20T00:00:00.000,Bus
541498,2026-02-20T00:00:00.000,CBD Entries
482316,2026-02-20T00:00:00.000,CRZ Entries
251262,2026-02-20T00:00:00.000,LIRR
203096,2026-02-20T00:00:00.000,MNR
5737,2026-02-20T00:00:00.000,SIR
3550862,2026-02-20T00:00:00.000,Subway
29438,2026-02-21T00:00:00.000,AAR
838567,2026-02-21T00:00:00.000,BT
839959,2026-02-21T00:00:00.000,Bus
546495,2026-02-21T00:00:00.000,CBD Entries
486573,2026-02-21T00:00:00.000,CRZ Entries
142725,2026-02-21T00:00:00.000,LIRR
113589,2026-02-21T00:00:00.000,MNR
2860,2026-02-21T00:00:00.000,SIR
2710824,2026-02-21T00:00:00.000,Subway
21783,2026-02-22T00:00:00.000,AAR
675648,2026-02-22T00:00:00.000,BT
438165,2026-02-22T00:00:00.000,Bus
320479,2026-02-22T00:00:00.000,CBD Entries
283668,2026-02-22T00:00:00.000,CRZ Entries
65623,2026-02-22T00:00:00.000,LIRR
60366,2026-02-22T00:00:00.000,MNR
1558,2026-02-22T00:00:00.000,SIR
1439320,2026-02-22T00:00:00.000,Subway
14355,2026-02-23T00:00:00.000,AAR
115213,2026-02-23T00:00:00.000,BT
202460,2026-02-23T00:00:00.000,Bus
72207,2026-02-23T00:00:00.000,CBD Entries
64167,2026-02-23T00:00:00.000,CRZ Entries
0,2026-02-23T00:00:00.000,LIRR
16152,2026-02-23T00:00:00.000,MNR
316,2026-02-23T00:00:00.000,SIR
830660,2026-02-23T00:00:00.000,Subway
25054,2026-02-24T00:00:00.000,AAR
539663,2026-02-24T00:00:00.000,BT
963843,2026-02-24T00:00:00.000,Bus
400780,2026-02-24T00:00:00.000,CBD Entries
357642,2026-02-24T00:00:00.000,CRZ Entries
90520,2026-02-24T00:00:00.000,LIRR
108743,2026-02-24T00:00:00.000,MNR
2363,2026-02-24T00:00:00.000,SIR
3487403,2026-02-24T00:00:00.000,Subway
42319,2026-02-25T00:00:00.000,AAR
777672,2026-02-25T00:00:00.000,BT
1230769,2026-02-25T00:00:00.000,Bus
476478,2026-02-25T00:00:00.000,CBD Entries
427038,2026-02-25T00:00:00.000,CRZ Entries
250926,2026-02-25T00:00:00.000,LIRR
212973,2026-02-25T00:00:00.000,MNR
7126,2026-02-25T00:00:00.000,SIR
4139212,2026-02-25T00:00:00.000,Subway
45069,2026-02-26T00:00:00.000,AAR
881513,2026-02-26T00:00:00.000,BT
1330375,2026-02-26T00:00:00.000,Bus
530665,2026-02-26T00:00:00.000,CBD Entries
472716,2026-02-26T00:00:00.000,CRZ Entries
272009,2026-02-26T00:00:00.000,LIRR
231970,2026-02-26T00:00:00.000,MNR
8132,2026-02-26T00:00:00.000,SIR
4373179,2026-02-26T00:00:00.000,Subway
47326,2026-02-27T00:00:00.000,AAR
913402,2026-02-27T00:00:00.000,BT
1288410,2026-02-27T00:00:00.000,Bus
538656,2026-02-27T00:00:00.000,CBD Entries
481460,2026-02-27T00:00:00.000,CRZ Entries
257875,2026-02-27T00:00:00.000,LIRR
218043,2026-02-27T00:00:00.000,MNR
7157,2026-02-27T00:00:00.000,SIR
4070331,2026-02-27T00:00:00.000,Subway
30477,2026-02-28T00:00:00.000,AAR
855502,2026-02-28T00:00:00.000,BT
866582,2026-02-28T00:00:00.000,Bus
530402,2026-02-28T00:00:00.000,CBD Entries
473196,2026-02-28T00:00:00.000,CRZ Entries
150484,2026-02-28T00:00:00.000,LIRR
120082,2026-02-28T00:00:00.000,MNR
3099,2026-02-28T00:00:00.000,SIR
2839556,2026-02-28T00:00:00.000,Subway
27986,2026-03-01T00:00:00.000,AAR
822744,2026-03-01T00:00:00.000,BT
632277,2026-03-01T00:00:00.000,Bus
477632,2026-03-01T00:00:00.000,CBD Entries
419642,2026-03-01T00:00:00.000,CRZ Entries
102690,2026-03-01T00:00:00.000,LIRR
80318,2026-03-01T00:00:00.000,MNR
2306,2026-03-01T00:00:00.000,SIR
2092624,2026-03-01T00:00:00.000,Subway
44302,2026-03-02T00:00:00.000,AAR
899143,2026-03-02T00:00:00.000,BT
1302247,2026-03-02T00:00:00.000,Bus
510740,2026-03-02T00:00:00.000,CBD Entries
454857,2026-03-02T00:00:00.000,CRZ Entries
228349,2026-03-02T00:00:00.000,LIRR
189527,2026-03-02T00:00:00.000,MNR
7606,2026-03-02T00:00:00.000,SIR
3977302,2026-03-02T00:00:00.000,Subway
47579,2026-03-03T00:00:00.000,AAR
849774,2026-03-03T00:00:00.000,BT
1291843,2026-03-03T00:00:00.000,Bus
521002,2026-03-03T00:00:00.000,CBD Entries
461876,2026-03-03T00:00:00.000,CRZ Entries
255481,2026-03-03T00:00:00.000,LIRR
216028,2026-03-03T00:00:00.000,MNR
8211,2026-03-03T00:00:00.000,SIR
4204675,2026-03-03T00:00:00.000,Subway
50528,2026-03-04T00:00:00.000,AAR
895451,2026-03-04T00:00:00.000,BT
1391677,2026-03-04T00:00:00.000,Bus
548145,2026-03-04T00:00:00.000,CBD Entries
486527,2026-03-04T00:00:00.000,CRZ Entries
267999,2026-03-04T00:00:00.000,LIRR
230841,2026-03-04T00:00:00.000,MNR
8652,2026-03-04T00:00:00.000,SIR
4389363,2026-03-04T00:00:00.000,Subway
47969,2026-03-05T00:00:00.000,AAR
909595,2026-03-05T00:00:00.000,BT
1269711,2026-03-05T00:00:00.000,Bus
546439,2026-03-05T00:00:00.000,CBD Entries
487749,2026-03-05T00:00:00.000,CRZ Entries
263845,2026-03-05T00:00:00.000,LIRR
223892,2026-03-05T00:00:00.000,MNR
7909,2026-03-05T00:00:00.000,SIR
4249962,2026-03-05T00:00:00.000,Subway
47619,2026-03-06T00:00:00.000,AAR
943187,2026-03-06T00:00:00.000,BT
1302863,2026-03-06T00:00:00.000,Bus
558541,2026-03-06T00:00:00.000,CBD Entries
496364,2026-03-06T00:00:00.000,CRZ Entries
252224,2026-03-06T00:00:00.000,LIRR
213668,2026-03-06T00:00:00.000,MNR
6895,2026-03-06T00:00:00.000,SIR
4001475,2026-03-06T00:00:00.000,Subway
30093,2026-03-07T00:00:00.000,AAR
868294,2026-03-07T00:00:00.000,BT
858706,2026-03-07T00:00:00.000,Bus
540531,2026-03-07T00:00:00.000,CBD Entries
489047,2026-03-07T00:00:00.000,CRZ Entries
122719,2026-03-07T00:00:00.000,LIRR
112304,2026-03-07T00:00:00.000,MNR
3041,2026-03-07T00:00:00.000,SIR
2773292,2026-03-07T00:00:00.000,Subway
31053,2026-03-08T00:00:00.000,AAR
885099,2026-03-08T00:00:00.000,BT
665659,2026-03-08T00:00:00.000,Bus
493231,2026-03-08T00:00:00.000,CBD Entries
432634,2026-03-08T00:00:00.000,CRZ Entries
106218,2026-03-08T00:00:00.000,LIRR
90561,2026-03-08T00:00:00.000,MNR
2307,2026-03-08T00:00:00.000,SIR
2118735,2026-03-08T00:00:00.000,Subway
45175,2026-03-09T00:00:00.000,AAR
937771,2026-03-09T00:00:00.000,BT
1328707,2026-03-09T00:00:00.000,Bus
523063,2026-03-09T00:00:00.000,CBD Entries
463520,2026-03-09T00:00:00.000,CRZ Entries
256980,2026-03-09T00:00:00.000,LIRR
216978,2026-03-09T00:00:00.000,MNR
8061,2026-03-09T00:00:00.000,SIR
4017877,2026-03-09T00:00:00.000,Subway
49773,2026-03-10T00:00:00.000,AAR
915224,2026-03-10T00:00:00.000,BT
1412694,2026-03-10T00:00:00.000,Bus
538416,2026-03-10T00:00:00.000,CBD Entries
478297,2026-03-10T00:00:00.000,CRZ Entries
286451,2026-03-10T00:00:00.000,LIRR
242120,2026-03-10T00:00:00.000,MNR
9144,2026-03-10T00:00:00.000,SIR
4429117,2026-03-10T00:00:00.000,Subway
50810,2026-03-11T00:00:00.000,AAR
936680,2026-03-11T00:00:00.000,BT
1404358,2026-03-11T00:00:00.000,Bus
550433,2026-03-11T00:00:00.000,CBD Entries
489648,2026-03-11T00:00:00.000,CRZ Entries
276278,2026-03-11T00:00:00.000,LIRR
240805,2026-03-11T00:00:00.000,MNR
8969,2026-03-11T00:00:00.000,SIR
4423114,2026-03-11T00:00:00.000,Subway
48958,2026-03-12T00:00:00.000,AAR
924568,2026-03-12T00:00:00.000,BT
1317907,2026-03-12T00:00:00.000,Bus
554284,2026-03-12T00:00:00.000,CBD Entries
493187,2026-03-12T00:00:00.000,CRZ Entries
280281,2026-03-12T00:00:00.000,LIRR
236207,2026-03-12T00:00:00.000,MNR
8261,2026-03-12T00:00:00.000,SIR
4360259,2026-03-12T00:00:00.000,Subway
47270,2026-03-13T00:00:00.000,AAR
972434,2026-03-13T00:00:00.000,BT
1310749,2026-03-13T00:00:00.000,Bus
568430,2026-03-13T00:00:00.000,CBD Entries
503943,2026-03-13T00:00:00.000,CRZ Entries
276610,2026-03-13T00:00:00.000,LIRR
224651,2026-03-13T00:00:00.000,MNR
6966,2026-03-13T00:00:00.000,SIR
4099078,2026-03-13T00:00:00.000,Subway
30899,2026-03-14T00:00:00.000,AAR
886867,2026-03-14T00:00:00.000,BT
885009,2026-03-14T00:00:00.000,Bus
558583,2026-03-14T00:00:00.000,CBD Entries
497376,2026-03-14T00:00:00.000,CRZ Entries
152848,2026-03-14T00:00:00.000,LIRR
124704,2026-03-14T00:00:00.000,MNR
3333,2026-03-14T00:00:00.000,SIR
2883522,2026-03-14T00:00:00.000,Subway
29818,2026-03-15T00:00:00.000,AAR
888000,2026-03-15T00:00:00.000,BT
643762,2026-03-15T00:00:00.000,Bus
494287,2026-03-15T00:00:00.000,CBD Entries
442610,2026-03-15T00:00:00.000,CRZ Entries
117786,2026-03-15T00:00:00.000,LIRR
95218,2026-03-15T00:00:00.000,MNR
2453,2026-03-15T00:00:00.000,SIR
2284838,2026-03-15T00:00:00.000,Subway
43491,2026-03-16T00:00:00.000,AAR
890160,2026-03-16T00:00:00.000,BT
1238844,2026-03-16T00:00:00.000,Bus
514619,2026-03-16T00:00:00.000,CBD Entries
453639,2026-03-16T00:00:00.000,CRZ Entries
249381,2026-03-16T00:00:00.000,LIRR
208691,2026-03-16T00:00:00.000,MNR
7268,2026-03-16T00:00:00.000,SIR
3857027,2026-03-16T00:00:00.000,Subway
48561,2026-03-17T00:00:00.000,AAR
895228,2026-03-17T00:00:00.000,BT
1356227,2026-03-17T00:00:00.000,Bus
531029,2026-03-17T00:00:00.000,CBD Entries
470372,2026-03-17T00:00:00.000,CRZ Entries
279541,2026-03-17T00:00:00.000,LIRR
242645,2026-03-17T00:00:00.000,MNR
8718,2026-03-17T00:00:00.000,SIR
4469055,2026-03-17T00:00:00.000,Subway
50031,2026-03-18T00:00:00.000,AAR
936923,2026-03-18T00:00:00.000,BT
1402034,2026-03-18T00:00:00.000,Bus
563908,2026-03-18T00:00:00.000,CBD Entries
500263,2026-03-18T00:00:00.000,CRZ Entries
281676,2026-03-18T00:00:00.000,LIRR
244436,2026-03-18T00:00:00.000,MNR
8489,2026-03-18T00:00:00.000,SIR
4510854,2026-03-18T00:00:00.000,Subway
48465,2026-03-19T00:00:00.000,AAR
963317,2026-03-19T00:00:00.000,BT
1397394,2026-03-19T00:00:00.000,Bus
565763,2026-03-19T00:00:00.000,CBD Entries
501442,2026-03-19T00:00:00.000,CRZ Entries
281063,2026-03-19T00:00:00.000,LIRR
242630,2026-03-19T00:00:00.000,MNR
8237,2026-03-19T00:00:00.000,SIR
4482768,2026-03-19T00:00:00.000,Subway
45320,2026-03-20T00:00:00.000,AAR
962768,2026-03-20T00:00:00.000,BT
1209923,2026-03-20T00:00:00.000,Bus
553450,2026-03-20T00:00:00.000,CBD Entries
487502,2026-03-20T00:00:00.000,CRZ Entries
268288,2026-03-20T00:00:00.000,LIRR
228693,2026-03-20T00:00:00.000,MNR
6313,2026-03-20T00:00:00.000,SIR
3784106,2026-03-20T00:00:00.000,Subway
29424,2026-03-21T00:00:00.000,AAR
891888,2026-03-21T00:00:00.000,BT
890063,2026-03-21T00:00:00.000,Bus
545885,2026-03-21T00:00:00.000,CBD Entries
482835,2026-03-21T00:00:00.000,CRZ Entries
137175,2026-03-21T00:00:00.000,LIRR
123117,2026-03-21T00:00:00.000,MNR
2809,2026-03-21T00:00:00.000,SIR
2811993,2026-03-21T00:00:00.000,Subway
29741,2026-03-22T00:00:00.000,AAR
903996,2026-03-22T00:00:00.000,BT
687957,2026-03-22T00:00:00.000,Bus
513845,2026-03-22T00:00:00.000,CBD Entries
448119,2026-03-22T00:00:00.000,CRZ Entries
123518,2026-03-22T00:00:00.000,LIRR
102101,2026-03-22T00:00:00.000,MNR
2056,2026-03-22T00:00:00.000,SIR
2121729,2026-03-22T00:00:00.000,Subway
43326,2026-03-23T00:00:00.000,AAR
912001,2026-03-23T00:00:00.000,BT
1259485,2026-03-23T00:00:00.000,Bus
516795,2026-03-23T00:00:00.000,CBD Entries
456061,2026-03-23T00:00:00.000,CRZ Entries
255362,2026-03-23T00:00:00.000,LIRR
213572,2026-03-23T00:00:00.000,MNR
7474,2026-03-23T00:00:00.000,SIR
3888821,2026-03-23T00:00:00.000,Subway
48170,2026-03-24T00:00:00.000,AAR
903444,2026-03-24T00:00:00.000,BT
1400840,2026-03-24T00:00:00.000,Bus
538178,2026-03-24T00:00:00.000,CBD Entries
476651,2026-03-24T00:00:00.000,CRZ Entries
285995,2026-03-24T00:00:00.000,LIRR
239664,2026-03-24T00:00:00.000,MNR
8554,2026-03-24T00:00:00.000,SIR
4385137,2026-03-24T00:00:00.000,Subway
49877,2026-03-25T00:00:00.000,AAR
930112,2026-03-25T00:00:00.000,BT
1412694,2026-03-25T00:00:00.000,Bus
547873,2026-03-25T00:00:00.000,CBD Entries
485265,2026-03-25T00:00:00.000,CRZ Entries
279314,2026-03-25T00:00:00.000,LIRR
240153,2026-03-25T00:00:00.000,MNR
8487,2026-03-25T00:00:00.000,SIR
4402186,2026-03-25T00:00:00.000,Subway
49422,2026-03-26T00:00:00.000,AAR
950560,2026-03-26T00:00:00.000,BT
1358425,2026-03-26T00:00:00.000,Bus
566379,2026-03-26T00:00:00.000,CBD Entries
502463,2026-03-26T00:00:00.000,CRZ Entries
304253,2026-03-26T00:00:00.000,LIRR
241015,2026-03-26T00:00:00.000,MNR
8566,2026-03-26T00:00:00.000,SIR
4431640,2026-03-26T00:00:00.000,Subway
46350,2026-03-27T00:00:00.000,AAR
973065,2026-03-27T00:00:00.000,BT
1271472,2026-03-27T00:00:00.000,Bus
570395,2026-03-27T00:00:00.000,CBD Entries
505648,2026-03-27T00:00:00.000,CRZ Entries
264326,2026-03-27T00:00:00.000,LIRR
221909,2026-03-27T00:00:00.000,MNR
6767,2026-03-27T00:00:00.000,SIR
4019397,2026-03-27T00:00:00.000,Subway
29859,2026-03-28T00:00:00.000,AAR
895942,2026-03-28T00:00:00.000,BT
863605,2026-03-28T00:00:00.000,Bus
554555,2026-03-28T00:00:00.000,CBD Entries
491446,2026-03-28T00:00:00.000,CRZ Entries
150533,2026-03-28T00:00:00.000,LIRR
124691,2026-03-28T00:00:00.000,MNR
2596,2026-03-28T00:00:00.000,SIR
2929313,2026-03-28T00:00:00.000,Subway
31135,2026-03-29T00:00:00.000,AAR
882446,2026-03-29T00:00:00.000,BT
687814,2026-03-29T00:00:00.000,Bus
511214,2026-03-29T00:00:00.000,CBD Entries
448838,2026-03-29T00:00:00.000,CRZ Entries
121016,2026-03-29T00:00:00.000,LIRR
97853,2026-03-29T00:00:00.000,MNR
2068,2026-03-29T00:00:00.000,SIR
2203483,2026-03-29T00:00:00.000,Subway
43437,2026-03-30T00:00:00.000,AAR
931082,2026-03-30T00:00:00.000,BT
1306714,2026-03-30T00:00:00.000,Bus
526624,2026-03-30T00:00:00.000,CBD Entries
462480,2026-03-30T00:00:00.000,CRZ Entries
270783,2026-03-30T00:00:00.000,LIRR
222861,2026-03-30T00:00:00.000,MNR
7836,2026-03-30T00:00:00.000,SIR
3998954,2026-03-30T00:00:00.000,Subway
47728,2026-03-31T00:00:00.000,AAR
908576,2026-03-31T00:00:00.000,BT
1373765,2026-03-31T00:00:00.000,Bus
538926,2026-03-31T00:00:00.000,CBD Entries
473538,2026-03-31T00:00:00.000,CRZ Entries
283190,2026-03-31T00:00:00.000,LIRR
246489,2026-03-31T00:00:00.000,MNR
8594,2026-03-31T00:00:00.000,SIR
4383952,2026-03-31T00:00:00.000,Subway
49070,2026-04-01T00:00:00.000,AAR
935493,2026-04-01T00:00:00.000,BT
1317645,2026-04-01T00:00:00.000,Bus
544652,2026-04-01T00:00:00.000,CBD Entries
479587,2026-04-01T00:00:00.000,CRZ Entries
251388,2026-04-01T00:00:00.000,LIRR
215767,2026-04-01T00:00:00.000,MNR
7908,2026-04-01T00:00:00.000,SIR
4232503,2026-04-01T00:00:00.000,Subway
45303,2026-04-02T00:00:00.000,AAR
904836,2026-04-02T00:00:00.000,BT
1175688,2026-04-02T00:00:00.000,Bus
538787,2026-04-02T00:00:00.000,CBD Entries
477842,2026-04-02T00:00:00.000,CRZ Entries
254880,2026-04-02T00:00:00.000,LIRR
215928,2026-04-02T00:00:00.000,MNR
6981,2026-04-02T00:00:00.000,SIR
3900255,2026-04-02T00:00:00.000,Subway
41964,2026-04-03T00:00:00.000,AAR
881645,2026-04-03T00:00:00.000,BT
1108898,2026-04-03T00:00:00.000,Bus
525428,2026-04-03T00:00:00.000,CBD Entries
466620,2026-04-03T00:00:00.000,CRZ Entries
257779,2026-04-03T00:00:00.000,LIRR
224159,2026-04-03T00:00:00.000,MNR
5621,2026-04-03T00:00:00.000,SIR
3586174,2026-04-03T00:00:00.000,Subway
29151,2026-04-04T00:00:00.000,AAR
874588,2026-04-04T00:00:00.000,BT
869566,2026-04-04T00:00:00.000,Bus
537099,2026-04-04T00:00:00.000,CBD Entries
474918,2026-04-04T00:00:00.000,CRZ Entries
153371,2026-04-04T00:00:00.000,LIRR
145498,2026-04-04T00:00:00.000,MNR
3374,2026-04-04T00:00:00.000,SIR
2951308,2026-04-04T00:00:00.000,Subway
32321,2026-04-05T00:00:00.000,AAR
844074,2026-04-05T00:00:00.000,BT
572940,2026-04-05T00:00:00.000,Bus
494605,2026-04-05T00:00:00.000,CBD Entries
432261,2026-04-05T00:00:00.000,CRZ Entries
117368,2026-04-05T00:00:00.000,LIRR
106661,2026-04-05T00:00:00.000,MNR
2079,2026-04-05T00:00:00.000,SIR
1988198,2026-04-05T00:00:00.000,Subway
40038,2026-04-06T00:00:00.000,AAR
957688,2026-04-06T00:00:00.000,BT
1193708,2026-04-06T00:00:00.000,Bus
528729,2026-04-06T00:00:00.000,CBD Entries
462878,2026-04-06T00:00:00.000,CRZ Entries
248376,2026-04-06T00:00:00.000,LIRR
214677,2026-04-06T00:00:00.000,MNR
6834,2026-04-06T00:00:00.000,SIR
3665272,2026-04-06T00:00:00.000,Subway
45336,2026-04-07T00:00:00.000,AAR
885807,2026-04-07T00:00:00.000,BT
1260764,2026-04-07T00:00:00.000,Bus
541576,2026-04-07T00:00:00.000,CBD Entries
478428,2026-04-07T00:00:00.000,CRZ Entries
271051,2026-04-07T00:00:00.000,LIRR
239713,2026-04-07T00:00:00.000,MNR
7633,2026-04-07T00:00:00.000,SIR
4088429,2026-04-07T00:00:00.000,Subway
46167,2026-04-08T00:00:00.000,AAR
866256,2026-04-08T00:00:00.000,BT
1234992,2026-04-08T00:00:00.000,Bus
531511,2026-04-08T00:00:00.000,CBD Entries
473021,2026-04-08T00:00:00.000,CRZ Entries
273134,2026-04-08T00:00:00.000,LIRR
242421,2026-04-08T00:00:00.000,MNR
7527,2026-04-08T00:00:00.000,SIR
4081273,2026-04-08T00:00:00.000,Subway
45482,2026-04-09T00:00:00.000,AAR
889002,2026-04-09T00:00:00.000,BT
1241877,2026-04-09T00:00:00.000,Bus
559291,2026-04-09T00:00:00.000,CBD Entries
498130,2026-04-09T00:00:00.000,CRZ Entries
283722,2026-04-09T00:00:00.000,LIRR
242312,2026-04-09T00:00:00.000,MNR
7418,2026-04-09T00:00:00.000,SIR
4113539,2026-04-09T00:00:00.000,Subway
45710,2026-04-10T00:00:00.000,AAR
948118,2026-04-10T00:00:00.000,BT
1228428,2026-04-10T00:00:00.000,Bus
575680,2026-04-10T00:00:00.000,CBD Entries
508412,2026-04-10T00:00:00.000,CRZ Entries
275636,2026-04-10T00:00:00.000,LIRR
229974,2026-04-10T00:00:00.000,MNR
6499,2026-04-10T00:00:00.000,SIR
3921201,2026-04-10T00:00:00.000,Subway
30588,2026-04-11T00:00:00.000,AAR
924842,2026-04-11T00:00:00.000,BT
906426,2026-04-11T00:00:00.000,Bus
565169,2026-04-11T00:00:00.000,CBD Entries
503197,2026-04-11T00:00:00.000,CRZ Entries
162641,2026-04-11T00:00:00.000,LIRR
136538,2026-04-11T00:00:00.000,MNR
3018,2026-04-11T00:00:00.000,SIR
2931621,2026-04-11T00:00:00.000,Subway
30388,2026-04-12T00:00:00.000,AAR
917711,2026-04-12T00:00:00.000,BT
707266,2026-04-12T00:00:00.000,Bus
530464,2026-04-12T00:00:00.000,CBD Entries
463820,2026-04-12T00:00:00.000,CRZ Entries
126689,2026-04-12T00:00:00.000,LIRR
102484,2026-04-12T00:00:00.000,MNR
1887,2026-04-12T00:00:00.000,SIR
2190707,2026-04-12T00:00:00.000,Subway
44761,2026-04-13T00:00:00.000,AAR
950910,2026-04-13T00:00:00.000,BT
1350682,2026-04-13T00:00:00.000,Bus
536861,2026-04-13T00:00:00.000,CBD Entries
471574,2026-04-13T00:00:00.000,CRZ Entries
255307,2026-04-13T00:00:00.000,LIRR
222790,2026-04-13T00:00:00.000,MNR
7838,2026-04-13T00:00:00.000,SIR
3982381,2026-04-13T00:00:00.000,Subway
50417,2026-04-14T00:00:00.000,AAR
934023,2026-04-14T00:00:00.000,BT
1434905,2026-04-14T00:00:00.000,Bus
556123,2026-04-14T00:00:00.000,CBD Entries
490417,2026-04-14T00:00:00.000,CRZ Entries
284780,2026-04-14T00:00:00.000,LIRR
250019,2026-04-14T00:00:00.000,MNR
8694,2026-04-14T00:00:00.000,SIR
4446516,2026-04-14T00:00:00.000,Subway
51392,2026-04-15T00:00:00.000,AAR
955136,2026-04-15T00:00:00.000,BT
1421298,2026-04-15T00:00:00.000,Bus
569096,2026-04-15T00:00:00.000,CBD Entries
506174,2026-04-15T00:00:00.000,CRZ Entries
280305,2026-04-15T00:00:00.000,LIRR
253123,2026-04-15T00:00:00.000,MNR
8521,2026-04-15T00:00:00.000,SIR
4492478,2026-04-15T00:00:00.000,Subway
49769,2026-04-16T00:00:00.000,AAR
977479,2026-04-16T00:00:00.000,BT
1404775,2026-04-16T00:00:00.000,Bus
591083,2026-04-16T00:00:00.000,CBD Entries
522798,2026-04-16T00:00:00.000,CRZ Entries
283310,2026-04-16T00:00:00.000,LIRR
250075,2026-04-16T00:00:00.000,MNR
8578,2026-04-16T00:00:00.000,SIR
4499619,2026-04-16T00:00:00.000,Subway
47673,2026-04-17T00:00:00.000,AAR
997712,2026-04-17T00:00:00.000,BT
1329978,2026-04-17T00:00:00.000,Bus
590563,2026-04-17T00:00:00.000,CBD Entries
523633,2026-04-17T00:00:00.000,CRZ Entries
265678,2026-04-17T00:00:00.000,LIRR
240167,2026-04-17T00:00:00.000,MNR
7185,2026-04-17T00:00:00.000,SIR
4185097,2026-04-17T00:00:00.000,Subway
31586,2026-04-18T00:00:00.000,AAR
946073,2026-04-18T00:00:00.000,BT
930278,2026-04-18T00:00:00.000,Bus
582910,2026-04-18T00:00:00.000,CBD Entries
517240,2026-04-18T00:00:00.000,CRZ Entries
153460,2026-04-18T00:00:00.000,LIRR
150443,2026-04-18T00:00:00.000,MNR
2856,2026-04-18T00:00:00.000,SIR
3060136,2026-04-18T00:00:00.000,Subway
29257,2026-04-19T00:00:00.000,AAR
891845,2026-04-19T00:00:00.000,BT
641158,2026-04-19T00:00:00.000,Bus
519606,2026-04-19T00:00:00.000,CBD Entries
456626,2026-04-19T00:00:00.000,CRZ Entries
105273,2026-04-19T00:00:00.000,LIRR
98969,2026-04-19T00:00:00.000,MNR
1684,2026-04-19T00:00:00.000,SIR
2105104,2026-04-19T00:00:00.000,Subway
44061,2026-04-20T00:00:00.000,AAR
956446,2026-04-20T00:00:00.000,BT
1368164,2026-04-20T00:00:00.000,Bus
547842,2026-04-20T00:00:00.000,CBD Entries
481671,2026-04-20T00:00:00.000,CRZ Entries
262373,2026-04-20T00:00:00.000,LIRR
223303,2026-04-20T00:00:00.000,MNR
7745,2026-04-20T00:00:00.000,SIR
4099614,2026-04-20T00:00:00.000,Subway
48934,2026-04-21T00:00:00.000,AAR
926422,2026-04-21T00:00:00.000,BT
1419301,2026-04-21T00:00:00.000,Bus
560326,2026-04-21T00:00:00.000,CBD Entries
495459,2026-04-21T00:00:00.000,CRZ Entries
281884,2026-04-21T00:00:00.000,LIRR
246155,2026-04-21T00:00:00.000,MNR
8459,2026-04-21T00:00:00.000,SIR
4441919,2026-04-21T00:00:00.000,Subway
49769,2026-04-22T00:00:00.000,AAR
932620,2026-04-22T00:00:00.000,BT
1406217,2026-04-22T00:00:00.000,Bus
574135,2026-04-22T00:00:00.000,CBD Entries
508497,2026-04-22T00:00:00.000,CRZ Entries
282919,2026-04-22T00:00:00.000,LIRR
247815,2026-04-22T00:00:00.000,MNR
8336,2026-04-22T00:00:00.000,SIR
4486292,2026-04-22T00:00:00.000,Subway
50202,2026-04-23T00:00:00.000,AAR
975209,2026-04-23T00:00:00.000,BT
1436949,2026-04-23T00:00:00.000,Bus
595042,2026-04-23T00:00:00.000,CBD Entries
527768,2026-04-23T00:00:00.000,CRZ Entries
299239,2026-04-23T00:00:00.000,LIRR
256200,2026-04-23T00:00:00.000,MNR
8595,2026-04-23T00:00:00.000,SIR
4580490,2026-04-23T00:00:00.000,Subway
47478,2026-04-24T00:00:00.000,AAR
995273,2026-04-24T00:00:00.000,BT
1361415,2026-04-24T00:00:00.000,Bus
595181,2026-04-24T00:00:00.000,CBD Entries
526695,2026-04-24T00:00:00.000,CRZ Entries
279397,2026-04-24T00:00:00.000,LIRR
245042,2026-04-24T00:00:00.000,MNR
7257,2026-04-24T00:00:00.000,SIR
4268055,2026-04-24T00:00:00.000,Subway
28666,2026-04-25T00:00:00.000,AAR
887405,2026-04-25T00:00:00.000,BT
755222,2026-04-25T00:00:00.000,Bus
548308,2026-04-25T00:00:00.000,CBD Entries
490788,2026-04-25T00:00:00.000,CRZ Entries
125261,2026-04-25T00:00:00.000,LIRR
111587,2026-04-25T00:00:00.000,MNR
2358,2026-04-25T00:00:00.000,SIR
2685935,2026-04-25T00:00:00.000,Subway
29409,2026-04-26T00:00:00.000,AAR
895262,2026-04-26T00:00:00.000,BT
686858,2026-04-26T00:00:00.000,Bus
521300,2026-04-26T00:00:00.000,CBD Entries
462260,2026-04-26T00:00:00.000,CRZ Entries
117184,2026-04-26T00:00:00.000,LIRR
112778,2026-04-26T00:00:00.000,MNR
2186,2026-04-26T00:00:00.000,SIR
2340921,2026-04-26T00:00:00.000,Subway
44090,2026-04-27T00:00:00.000,AAR
956102,2026-04-27T00:00:00.000,BT
1376245,2026-04-27T00:00:00.000,Bus
539100,2026-04-27T00:00:00.000,CBD Entries
474521,2026-04-27T00:00:00.000,CRZ Entries
259203,2026-04-27T00:00:00.000,LIRR
224358,2026-04-27T00:00:00.000,MNR
7833,2026-04-27T00:00:00.000,SIR
4057416,2026-04-27T00:00:00.000,Subway
49732,2026-04-28T00:00:00.000,AAR
922795,2026-04-28T00:00:00.000,BT
1424485,2026-04-28T00:00:00.000,Bus
561700,2026-04-28T00:00:00.000,CBD Entries
496800,2026-04-28T00:00:00.000,CRZ Entries
287935,2026-04-28T00:00:00.000,LIRR
247855,2026-04-28T00:00:00.000,MNR
8465,2026-04-28T00:00:00.000,SIR
4441195,2026-04-28T00:00:00.000,Subway
49723,2026-04-29T00:00:00.000,AAR
940980,2026-04-29T00:00:00.000,BT
1404674,2026-04-29T00:00:00.000,Bus
561946,2026-04-29T00:00:00.000,CBD Entries
500895,2026-04-29T00:00:00.000,CRZ Entries
280165,2026-04-29T00:00:00.000,LIRR
247914,2026-04-29T00:00:00.000,MNR
8448,2026-04-29T00:00:00.000,SIR
4483678,2026-04-29T00:00:00.000,Subway
48639,2026-04-30T00:00:00.000,AAR
961711,2026-04-30T00:00:00.000,BT
1386584,2026-04-30T00:00:00.000,Bus
591474,2026-04-30T00:00:00.000,CBD Entries
526718,2026-04-30T00:00:00.000,CRZ Entries
283918,2026-04-30T00:00:00.000,LIRR
244080,2026-04-30T00:00:00.000,MNR
8214,2026-04-30T00:00:00.000,SIR
4462639,2026-04-30T00:00:00.000,Subway
49319,2026-05-01T00:00:00.000,AAR
990651,2026-05-01T00:00:00.000,BT
1340995,2026-05-01T00:00:00.000,Bus
585851,2026-05-01T00:00:00.000,CBD Entries
520687,2026-05-01T00:00:00.000,CRZ Entries
226626,2026-05-01T00:00:00.000,LIRR
192666,2026-05-01T00:00:00.000,MNR
7182,2026-05-01T00:00:00.000,SIR
4237281,2026-05-01T00:00:00.000,Subway
31739,2026-05-02T00:00:00.000,AAR
933061,2026-05-02T00:00:00.000,BT
887316,2026-05-02T00:00:00.000,Bus
569560,2026-05-02T00:00:00.000,CBD Entries
508275,2026-05-02T00:00:00.000,CRZ Entries
138590,2026-05-02T00:00:00.000,LIRR
128983,2026-05-02T00:00:00.000,MNR
3176,2026-05-02T00:00:00.000,SIR
2970388,2026-05-02T00:00:00.000,Subway
30612,2026-05-03T00:00:00.000,AAR
891297,2026-05-03T00:00:00.000,BT
656144,2026-05-03T00:00:00.000,Bus
504622,2026-05-03T00:00:00.000,CBD Entries
451271,2026-05-03T00:00:00.000,CRZ Entries
122910,2026-05-03T00:00:00.000,LIRR
108466,2026-05-03T00:00:00.000,MNR
3650,2026-05-03T00:00:00.000,SIR
2394703,2026-05-03T00:00:00.000,Subway
45147,2026-05-04T00:00:00.000,AAR
954766,2026-05-04T00:00:00.000,BT
1360336,2026-05-04T00:00:00.000,Bus
546207,2026-05-04T00:00:00.000,CBD Entries
479183,2026-05-04T00:00:00.000,CRZ Entries
256730,2026-05-04T00:00:00.000,LIRR
218344,2026-05-04T00:00:00.000,MNR
7850,2026-05-04T00:00:00.000,SIR
4101660,2026-05-04T00:00:00.000,Subway
51610,2026-05-05T00:00:00.000,AAR
949542,2026-05-05T00:00:00.000,BT
1432999,2026-05-05T00:00:00.000,Bus
570496,2026-05-05T00:00:00.000,CBD Entries
502482,2026-05-05T00:00:00.000,CRZ Entries
290796,2026-05-05T00:00:00.000,LIRR
250585,2026-05-05T00:00:00.000,MNR
8672,2026-05-05T00:00:00.000,SIR
4507946,2026-05-05T00:00:00.000,Subway
50966,2026-05-06T00:00:00.000,AAR
960991,2026-05-06T00:00:00.000,BT
1391501,2026-05-06T00:00:00.000,Bus
576453,2026-05-06T00:00:00.000,CBD Entries
510809,2026-05-06T00:00:00.000,CRZ Entries
285219,2026-05-06T00:00:00.000,LIRR
249208,2026-05-06T00:00:00.000,MNR
8293,2026-05-06T00:00:00.000,SIR
4441571,2026-05-06T00:00:00.000,Subway
50729,2026-05-07T00:00:00.000,AAR
967415,2026-05-07T00:00:00.000,BT
1417365,2026-05-07T00:00:00.000,Bus
587279,2026-05-07T00:00:00.000,CBD Entries
521518,2026-05-07T00:00:00.000,CRZ Entries
285975,2026-05-07T00:00:00.000,LIRR
251818,2026-05-07T00:00:00.000,MNR
8322,2026-05-07T00:00:00.000,SIR
4494867,2026-05-07T00:00:00.000,Subway
49494,2026-05-08T00:00:00.000,AAR
1005655,2026-05-08T00:00:00.000,BT
1342338,2026-05-08T00:00:00.000,Bus
593658,2026-05-08T00:00:00.000,CBD Entries
527029,2026-05-08T00:00:00.000,CRZ Entries
276333,2026-05-08T00:00:00.000,LIRR
232579,2026-05-08T00:00:00.000,MNR
7193,2026-05-08T00:00:00.000,SIR
4170075,2026-05-08T00:00:00.000,Subway
31054,2026-05-09T00:00:00.000,AAR
924678,2026-05-09T00:00:00.000,BT
820348,2026-05-09T00:00:00.000,Bus
568921,2026-05-09T00:00:00.000,CBD Entries
506270,2026-05-09T00:00:00.000,CRZ Entries
137761,2026-05-09T00:00:00.000,LIRR
116969,2026-05-09T00:00:00.000,MNR
2464,2026-05-09T00:00:00.000,SIR
2711116,2026-05-09T00:00:00.000,Subway
35968,2026-05-10T00:00:00.000,AAR
939361,2026-05-10T00:00:00.000,BT
672266,2026-05-10T00:00:00.000,Bus
544966,2026-05-10T00:00:00.000,CBD Entries
480366,2026-05-10T00:00:00.000,CRZ Entries
137794,2026-05-10T00:00:00.000,LIRR
121213,2026-05-10T00:00:00.000,MNR
2083,2026-05-10T00:00:00.000,SIR
2196587,2026-05-10T00:00:00.000,Subway
42301,2026-05-11T00:00:00.000,AAR
995585,2026-05-11T00:00:00.000,BT
1344799,2026-05-11T00:00:00.000,Bus
555231,2026-05-11T00:00:00.000,CBD Entries
488320,2026-05-11T00:00:00.000,CRZ Entries
263999,2026-05-11T00:00:00.000,LIRR
230010,2026-05-11T00:00:00.000,MNR
7726,2026-05-11T00:00:00.000,SIR
4041257,2026-05-11T00:00:00.000,Subway
50279,2026-05-12T00:00:00.000,AAR
949134,2026-05-12T00:00:00.000,BT
1434966,2026-05-12T00:00:00.000,Bus
566186,2026-05-12T00:00:00.000,CBD Entries
503756,2026-05-12T00:00:00.000,CRZ Entries
290981,2026-05-12T00:00:00.000,LIRR
253326,2026-05-12T00:00:00.000,MNR
8664,2026-05-12T00:00:00.000,SIR
4547855,2026-05-12T00:00:00.000,Subway
50881,2026-05-13T00:00:00.000,AAR
974686,2026-05-13T00:00:00.000,BT
1421212,2026-05-13T00:00:00.000,Bus
581596,2026-05-13T00:00:00.000,CBD Entries
518618,2026-05-13T00:00:00.000,CRZ Entries
290840,2026-05-13T00:00:00.000,LIRR
253866,2026-05-13T00:00:00.000,MNR
8388,2026-05-13T00:00:00.000,SIR
4577163,2026-05-13T00:00:00.000,Subway
49115,2026-05-14T00:00:00.000,AAR
998977,2026-05-14T00:00:00.000,BT
1411049,2026-05-14T00:00:00.000,Bus
600065,2026-05-14T00:00:00.000,CBD Entries
534276,2026-05-14T00:00:00.000,CRZ Entries
265552,2026-05-14T00:00:00.000,LIRR
248764,2026-05-14T00:00:00.000,MNR
8285,2026-05-14T00:00:00.000,SIR
4593266,2026-05-14T00:00:00.000,Subway
47759,2026-05-15T00:00:00.000,AAR
1031776,2026-05-15T00:00:00.000,BT
1360005,2026-05-15T00:00:00.000,Bus
608804,2026-05-15T00:00:00.000,CBD Entries
540915,2026-05-15T00:00:00.000,CRZ Entries
249226,2026-05-15T00:00:00.000,LIRR
239234,2026-05-15T00:00:00.000,MNR
7174,2026-05-15T00:00:00.000,SIR
4280781,2026-05-15T00:00:00.000,Subway
31979,2026-05-16T00:00:00.000,AAR
972988,2026-05-16T00:00:00.000,BT
896034,2026-05-16T00:00:00.000,Bus
584606,2026-05-16T00:00:00.000,CBD Entries
526460,2026-05-16T00:00:00.000,CRZ Entries
0,2026-05-16T00:00:00.000,LIRR
151901,2026-05-16T00:00:00.000,MNR
3780,2026-05-16T00:00:00.000,SIR
3267749,2026-05-16T00:00:00.000,Subway
31872,2026-05-17T00:00:00.000,AAR
1008839,2026-05-17T00:00:00.000,BT
734521,2026-05-17T00:00:00.000,Bus
556070,2026-05-17T00:00:00.000,CBD Entries
492602,2026-05-17T00:00:00.000,CRZ Entries
0,2026-05-17T00:00:00.000,LIRR
115691,2026-05-17T00:00:00.000,MNR
2392,2026-05-17T00:00:00.000,SIR
2494895,2026-05-17T00:00:00.000,Subway
44080,2026-05-18T00:00:00.000,AAR
1035449,2026-05-18T00:00:00.000,BT
1381933,2026-05-18T00:00:00.000,Bus
561219,2026-05-18T00:00:00.000,CBD Entries
493426,2026-05-18T00:00:00.000,CRZ Entries
0,2026-05-18T00:00:00.000,LIRR
238270,2026-05-18T00:00:00.000,MNR
7869,2026-05-18T00:00:00.000,SIR
4118450,2026-05-18T00:00:00.000,Subway
49749,2026-05-19T00:00:00.000,AAR
985854,2026-05-19T00:00:00.000,BT
1420860,2026-05-19T00:00:00.000,Bus
574541,2026-05-19T00:00:00.000,CBD Entries
508892,2026-05-19T00:00:00.000,CRZ Entries
73727,2026-05-19T00:00:00.000,LIRR
259833,2026-05-19T00:00:00.000,MNR
8492,2026-05-19T00:00:00.000,SIR
4481231,2026-05-19T00:00:00.000,Subway
49845,2026-05-20T00:00:00.000,AAR
989139,2026-05-20T00:00:00.000,BT
1381453,2026-05-20T00:00:00.000,Bus
574880,2026-05-20T00:00:00.000,CBD Entries
509938,2026-05-20T00:00:00.000,CRZ Entries
283643,2026-05-20T00:00:00.000,LIRR
257684,2026-05-20T00:00:00.000,MNR
8421,2026-05-20T00:00:00.000,SIR
4465109,2026-05-20T00:00:00.000,Subway
48234,2026-05-21T00:00:00.000,AAR
996800,2026-05-21T00:00:00.000,BT
1354536,2026-05-21T00:00:00.000,Bus
581914,2026-05-21T00:00:00.000,CBD Entries
517247,2026-05-21T00:00:00.000,CRZ Entries
291733,2026-05-21T00:00:00.000,LIRR
256261,2026-05-21T00:00:00.000,MNR
8134,2026-05-21T00:00:00.000,SIR
4386711,2026-05-21T00:00:00.000,Subway
45010,2026-05-22T00:00:00.000,AAR
984414,2026-05-22T00:00:00.000,BT
1315743,2026-05-22T00:00:00.000,Bus
562750,2026-05-22T00:00:00.000,CBD Entries
498509,2026-05-22T00:00:00.000,CRZ Entries
277277,2026-05-22T00:00:00.000,LIRR
249076,2026-05-22T00:00:00.000,MNR
7114,2026-05-22T00:00:00.000,SIR
3968143,2026-05-22T00:00:00.000,Subway
26704,2026-05-23T00:00:00.000,AAR
837033,2026-05-23T00:00:00.000,BT
759826,2026-05-23T00:00:00.000,Bus
498274,2026-05-23T00:00:00.000,CBD Entries
442731,2026-05-23T00:00:00.000,CRZ Entries
129759,2026-05-23T00:00:00.000,LIRR
109220,2026-05-23T00:00:00.000,MNR
2754,2026-05-23T00:00:00.000,SIR
2407533,2026-05-23T00:00:00.000,Subway
27226,2026-05-24T00:00:00.000,AAR
754119,2026-05-24T00:00:00.000,BT
593641,2026-05-24T00:00:00.000,Bus
460864,2026-05-24T00:00:00.000,CBD Entries
402986,2026-05-24T00:00:00.000,CRZ Entries
109255,2026-05-24T00:00:00.000,LIRR
92631,2026-05-24T00:00:00.000,MNR
1975,2026-05-24T00:00:00.000,SIR
2019466,2026-05-24T00:00:00.000,Subway
19932,2026-05-25T00:00:00.000,AAR
763890,2026-05-25T00:00:00.000,BT
738673,2026-05-25T00:00:00.000,Bus
441476,2026-05-25T00:00:00.000,CBD Entries
384058,2026-05-25T00:00:00.000,CRZ Entries
123020,2026-05-25T00:00:00.000,LIRR
96589,2026-05-25T00:00:00.000,MNR
2548,2026-05-25T00:00:00.000,SIR
2202485,2026-05-25T00:00:00.000,Subway
47170,2026-05-26T00:00:00.000,AAR
970578,2026-05-26T00:00:00.000,BT
1373013,2026-05-26T00:00:00.000,Bus
552569,2026-05-26T00:00:00.000,CBD Entries
484532,2026-05-26T00:00:00.000,CRZ Entries
295809,2026-05-26T00:00:00.000,LIRR
249759,2026-05-26T00:00:00.000,MNR
8093,2026-05-26T00:00:00.000,SIR
4245059,2026-05-26T00:00:00.000,Subway
49611,2026-05-27T00:00:00.000,AAR
956472,2026-05-27T00:00:00.000,BT
1311016,2026-05-27T00:00:00.000,Bus
549917,2026-05-27T00:00:00.000,CBD Entries
479740,2026-05-27T00:00:00.000,CRZ Entries
287968,2026-05-27T00:00:00.000,LIRR
255084,2026-05-27T00:00:00.000,MNR
7753,2026-05-27T00:00:00.000,SIR
4137026,2026-05-27T00:00:00.000,Subway
49039,2026-05-28T00:00:00.000,AAR
992356,2026-05-28T00:00:00.000,BT
1386126,2026-05-28T00:00:00.000,Bus
576900,2026-05-28T00:00:00.000,CBD Entries
510091,2026-05-28T00:00:00.000,CRZ Entries
288181,2026-05-28T00:00:00.000,LIRR
256116,2026-05-28T00:00:00.000,MNR
8209,2026-05-28T00:00:00.000,SIR
4436107,2026-05-28T00:00:00.000,Subway
47455,2026-05-29T00:00:00.000,AAR
1008737,2026-05-29T00:00:00.000,BT
1342145,2026-05-29T00:00:00.000,Bus
583901,2026-05-29T00:00:00.000,CBD Entries
517384,2026-05-29T00:00:00.000,CRZ Entries
279994,2026-05-29T00:00:00.000,LIRR
237163,2026-05-29T00:00:00.000,MNR
7138,2026-05-29T00:00:00.000,SIR
4149318,2026-05-29T00:00:00.000,Subway
30862,2026-05-30T00:00:00.000,AAR
940339,2026-05-30T00:00:00.000,BT
888581,2026-05-30T00:00:00.000,Bus
559318,2026-05-30T00:00:00.000,CBD Entries
500194,2026-05-30T00:00:00.000,CRZ Entries
151376,2026-05-30T00:00:00.000,LIRR
133947,2026-05-30T00:00:00.000,MNR
3572,2026-05-30T00:00:00.000,SIR
2847715,2026-05-30T00:00:00.000,Subway
31072,2026-05-31T00:00:00.000,AAR
950547,2026-05-31T00:00:00.000,BT
706183,2026-05-31T00:00:00.000,Bus
525792,2026-05-31T00:00:00.000,CBD Entries
461775,2026-05-31T00:00:00.000,CRZ Entries
135098,2026-05-31T00:00:00.000,LIRR
115060,2026-05-31T00:00:00.000,MNR
2850,2026-05-31T00:00:00.000,SIR
2332810,2026-05-31T00:00:00.000,Subway
44592,2026-06-01T00:00:00.000,AAR
1000845,2026-06-01T00:00:00.000,BT
1319799,2026-06-01T00:00:00.000,Bus
548865,2026-06-01T00:00:00.000,CBD Entries
480401,2026-06-01T00:00:00.000,CRZ Entries
246736,2026-06-01T00:00:00.000,LIRR
208674,2026-06-01T00:00:00.000,MNR
7490,2026-06-01T00:00:00.000,SIR
3993141,2026-06-01T00:00:00.000,Subway
49072,2026-06-02T00:00:00.000,AAR
951982,2026-06-02T00:00:00.000,BT
1375447,2026-06-02T00:00:00.000,Bus
558389,2026-06-02T00:00:00.000,CBD Entries
494435,2026-06-02T00:00:00.000,CRZ Entries
281041,2026-06-02T00:00:00.000,LIRR
254711,2026-06-02T00:00:00.000,MNR
8443,2026-06-02T00:00:00.000,SIR
4416745,2026-06-02T00:00:00.000,Subway
52543,2026-06-03T00:00:00.000,AAR
974760,2026-06-03T00:00:00.000,BT
1398633,2026-06-03T00:00:00.000,Bus
580252,2026-06-03T00:00:00.000,CBD Entries
512591,2026-06-03T00:00:00.000,CRZ Entries
297303,2026-06-03T00:00:00.000,LIRR
263220,2026-06-03T00:00:00.000,MNR
8638,2026-06-03T00:00:00.000,SIR
4572985,2026-06-03T00:00:00.000,Subway
49595,2026-06-04T00:00:00.000,AAR
1000953,2026-06-04T00:00:00.000,BT
1314353,2026-06-04T00:00:00.000,Bus
593585,2026-06-04T00:00:00.000,CBD Entries
525925,2026-06-04T00:00:00.000,CRZ Entries
297659,2026-06-04T00:00:00.000,LIRR
263279,2026-06-04T00:00:00.000,MNR
7925,2026-06-04T00:00:00.000,SIR
4360644,2026-06-04T00:00:00.000,Subway
48875,2026-06-05T00:00:00.000,AAR
1018195,2026-06-05T00:00:00.000,BT
1296884,2026-06-05T00:00:00.000,Bus
577687,2026-06-05T00:00:00.000,CBD Entries
516741,2026-06-05T00:00:00.000,CRZ Entries
304864,2026-06-05T00:00:00.000,LIRR
257298,2026-06-05T00:00:00.000,MNR
7080,2026-06-05T00:00:00.000,SIR
4210912,2026-06-05T00:00:00.000,Subway
33253,2026-06-06T00:00:00.000,AAR
985749,2026-06-06T00:00:00.000,BT
889166,2026-06-06T00:00:00.000,Bus
570187,2026-06-06T00:00:00.000,CBD Entries
510666,2026-06-06T00:00:00.000,CRZ Entries
174105,2026-06-06T00:00:00.000,LIRR
151814,2026-06-06T00:00:00.000,MNR
3490,2026-06-06T00:00:00.000,SIR
2996706,2026-06-06T00:00:00.000,Subway
32358,2026-06-07T00:00:00.000,AAR
972862,2026-06-07T00:00:00.000,BT
715273,2026-06-07T00:00:00.000,Bus
533184,2026-06-07T00:00:00.000,CBD Entries
471104,2026-06-07T00:00:00.000,CRZ Entries
146397,2026-06-07T00:00:00.000,LIRR
125278,2026-06-07T00:00:00.000,MNR
2427,2026-06-07T00:00:00.000,SIR
2380599,2026-06-07T00:00:00.000,Subway
44684,2026-06-08T00:00:00.000,AAR
1019846,2026-06-08T00:00:00.000,BT
1324988,2026-06-08T00:00:00.000,Bus
546854,2026-06-08T00:00:00.000,CBD Entries
482945,2026-06-08T00:00:00.000,CRZ Entries
277546,2026-06-08T00:00:00.000,LIRR
243895,2026-06-08T00:00:00.000,MNR
8351,2026-06-08T00:00:00.000,SIR
4149454,2026-06-08T00:00:00.000,Subway
50773,2026-06-09T00:00:00.000,AAR
969279,2026-06-09T00:00:00.000,BT
1406924,2026-06-09T00:00:00.000,Bus
572809,2026-06-09T00:00:00.000,CBD Entries
503962,2026-06-09T00:00:00.000,CRZ Entries
301369,2026-06-09T00:00:00.000,LIRR
265526,2026-06-09T00:00:00.000,MNR
8315,2026-06-09T00:00:00.000,SIR
4421836,2026-06-09T00:00:00.000,Subway
51301,2026-06-10T00:00:00.000,AAR
980229,2026-06-10T00:00:00.000,BT
1380828,2026-06-10T00:00:00.000,Bus
578118,2026-06-10T00:00:00.000,CBD Entries
513601,2026-06-10T00:00:00.000,CRZ Entries
309723,2026-06-10T00:00:00.000,LIRR
270949,2026-06-10T00:00:00.000,MNR
8305,2026-06-10T00:00:00.000,SIR
4488039,2026-06-10T00:00:00.000,Subway
49390,2026-06-11T00:00:00.000,AAR
1008652,2026-06-11T00:00:00.000,BT
1367245,2026-06-11T00:00:00.000,Bus
603660,2026-06-11T00:00:00.000,CBD Entries
535712,2026-06-11T00:00:00.000,CRZ Entries
309671,2026-06-11T00:00:00.000,LIRR
263374,2026-06-11T00:00:00.000,MNR
8075,2026-06-11T00:00:00.000,SIR
4437556,2026-06-11T00:00:00.000,Subway
47646,2026-06-12T00:00:00.000,AAR
1015042,2026-06-12T00:00:00.000,BT
1280324,2026-06-12T00:00:00.000,Bus
589516,2026-06-12T00:00:00.000,CBD Entries
524734,2026-06-12T00:00:00.000,CRZ Entries
293948,2026-06-12T00:00:00.000,LIRR
241623,2026-06-12T00:00:00.000,MNR
6701,2026-06-12T00:00:00.000,SIR
4048553,2026-06-12T00:00:00.000,Subway
32378,2026-06-13T00:00:00.000,AAR
986965,2026-06-13T00:00:00.000,BT
887668,2026-06-13T00:00:00.000,Bus
551649,2026-06-13T00:00:00.000,CBD Entries
487439,2026-06-13T00:00:00.000,CRZ Entries
187256,2026-06-13T00:00:00.000,LIRR
163592,2026-06-13T00:00:00.000,MNR
2720,2026-06-13T00:00:00.000,SIR
3118473,2026-06-13T00:00:00.000,Subway
31473,2026-06-14T00:00:00.000,AAR
987581,2026-06-14T00:00:00.000,BT
671724,2026-06-14T00:00:00.000,Bus
534629,2026-06-14T00:00:00.000,CBD Entries
468075,2026-06-14T00:00:00.000,CRZ Entries
159492,2026-06-14T00:00:00.000,LIRR
139018,2026-06-14T00:00:00.000,MNR
2271,2026-06-14T00:00:00.000,SIR
2573599,2026-06-14T00:00:00.000,Subway
44868,2026-06-15T00:00:00.000,AAR
1010064,2026-06-15T00:00:00.000,BT
1316122,2026-06-15T00:00:00.000,Bus
543100,2026-06-15T00:00:00.000,CBD Entries
477135,2026-06-15T00:00:00.000,CRZ Entries
277711,2026-06-15T00:00:00.000,LIRR
237724,2026-06-15T00:00:00.000,MNR
7375,2026-06-15T00:00:00.000,SIR
3963133,2026-06-15T00:00:00.000,Subway
49671,2026-06-16T00:00:00.000,AAR
966616,2026-06-16T00:00:00.000,BT
1378130,2026-06-16T00:00:00.000,Bus
549184,2026-06-16T00:00:00.000,CBD Entries
481176,2026-06-16T00:00:00.000,CRZ Entries
298772,2026-06-16T00:00:00.000,LIRR
264681,2026-06-16T00:00:00.000,MNR
8292,2026-06-16T00:00:00.000,SIR
4317100,2026-06-16T00:00:00.000,Subway
51543,2026-06-17T00:00:00.000,AAR
992760,2026-06-17T00:00:00.000,BT
1374012,2026-06-17T00:00:00.000,Bus
575723,2026-06-17T00:00:00.000,CBD Entries
508409,2026-06-17T00:00:00.000,CRZ Entries
315054,2026-06-17T00:00:00.000,LIRR
277410,2026-06-17T00:00:00.000,MNR
8327,2026-06-17T00:00:00.000,SIR
4439031,2026-06-17T00:00:00.000,Subway
47359,2026-06-18T00:00:00.000,AAR
1000199,2026-06-18T00:00:00.000,BT
1310412,2026-06-18T00:00:00.000,Bus
548356,2026-06-18T00:00:00.000,CBD Entries
491748,2026-06-18T00:00:00.000,CRZ Entries
369482,2026-06-18T00:00:00.000,LIRR
302486,2026-06-18T00:00:00.000,MNR
12722,2026-06-18T00:00:00.000,SIR
4523724,2026-06-18T00:00:00.000,Subway
35856,2026-06-19T00:00:00.000,AAR
1018222,2026-06-19T00:00:00.000,BT
1111190,2026-06-19T00:00:00.000,Bus
560481,2026-06-19T00:00:00.000,CBD Entries
491817,2026-06-19T00:00:00.000,CRZ Entries
199163,2026-06-19T00:00:00.000,LIRR
157783,2026-06-19T00:00:00.000,MNR
5171,2026-06-19T00:00:00.000,SIR
3466629,2026-06-19T00:00:00.000,Subway
32352,2026-06-20T00:00:00.000,AAR
983989,2026-06-20T00:00:00.000,BT
882313,2026-06-20T00:00:00.000,Bus
548801,2026-06-20T00:00:00.000,CBD Entries
479840,2026-06-20T00:00:00.000,CRZ Entries
190009,2026-06-20T00:00:00.000,LIRR
155739,2026-06-20T00:00:00.000,MNR
3518,2026-06-20T00:00:00.000,SIR
2827329,2026-06-20T00:00:00.000,Subway
33359,2026-06-21T00:00:00.000,AAR
992640,2026-06-21T00:00:00.000,BT
686718,2026-06-21T00:00:00.000,Bus
527633,2026-06-21T00:00:00.000,CBD Entries
457970,2026-06-21T00:00:00.000,CRZ Entries
162443,2026-06-21T00:00:00.000,LIRR
136916,2026-06-21T00:00:00.000,MNR
2403,2026-06-21T00:00:00.000,SIR
2177481,2026-06-21T00:00:00.000,Subway
41956,2026-06-22T00:00:00.000,AAR
1029590,2026-06-22T00:00:00.000,BT
1190956,2026-06-22T00:00:00.000,Bus
528959,2026-06-22T00:00:00.000,CBD Entries
462658,2026-06-22T00:00:00.000,CRZ Entries
270691,2026-06-22T00:00:00.000,LIRR
230712,2026-06-22T00:00:00.000,MNR
6760,2026-06-22T00:00:00.000,SIR
3602239,2026-06-22T00:00:00.000,Subway
48602,2026-06-23T00:00:00.000,AAR
946567,2026-06-23T00:00:00.000,BT
1316593,2026-06-23T00:00:00.000,Bus
561487,2026-06-23T00:00:00.000,CBD Entries
495848,2026-06-23T00:00:00.000,CRZ Entries
293879,2026-06-23T00:00:00.000,LIRR
254818,2026-06-23T00:00:00.000,MNR
7774,2026-06-23T00:00:00.000,SIR
4155494,2026-06-23T00:00:00.000,Subway
50964,2026-06-24T00:00:00.000,AAR
986617,2026-06-24T00:00:00.000,BT
1371918,2026-06-24T00:00:00.000,Bus
576384,2026-06-24T00:00:00.000,CBD Entries
508073,2026-06-24T00:00:00.000,CRZ Entries
315916,2026-06-24T00:00:00.000,LIRR
270920,2026-06-24T00:00:00.000,MNR
8466,2026-06-24T00:00:00.000,SIR
4387873,2026-06-24T00:00:00.000,Subway
48192,2026-06-25T00:00:00.000,AAR
1025320,2026-06-25T00:00:00.000,BT
1322672,2026-06-25T00:00:00.000,Bus
573597,2026-06-25T00:00:00.000,CBD Entries
506903,2026-06-25T00:00:00.000,CRZ Entries
310453,2026-06-25T00:00:00.000,LIRR
262488,2026-06-25T00:00:00.000,MNR
7916,2026-06-25T00:00:00.000,SIR
4204764,2026-06-25T00:00:00.000,Subway
47175,2026-06-26T00:00:00.000,AAR
1033789,2026-06-26T00:00:00.000,BT
1271526,2026-06-26T00:00:00.000,Bus
580141,2026-06-26T00:00:00.000,CBD Entries
513102,2026-06-26T00:00:00.000,CRZ Entries
301469,2026-06-26T00:00:00.000,LIRR
247743,2026-06-26T00:00:00.000,MNR
6777,2026-06-26T00:00:00.000,SIR
3986159,2026-06-26T00:00:00.000,Subway
29663,2026-06-27T00:00:00.000,AAR
940949,2026-06-27T00:00:00.000,BT
812531,2026-06-27T00:00:00.000,Bus
541983,2026-06-27T00:00:00.000,CBD Entries
479936,2026-06-27T00:00:00.000,CRZ Entries
168142,2026-06-27T00:00:00.000,LIRR
137873,2026-06-27T00:00:00.000,MNR
78,2026-06-27T00:00:00.000,SIR
2818312,2026-06-27T00:00:00.000,Subway
31336,2026-06-28T00:00:00.000,AAR
956120,2026-06-28T00:00:00.000,BT
688636,2026-06-28T00:00:00.000,Bus
525845,2026-06-28T00:00:00.000,CBD Entries
457407,2026-06-28T00:00:00.000,CRZ Entries
164525,2026-06-28T00:00:00.000,LIRR
136578,2026-06-28T00:00:00.000,MNR
1,2026-06-28T00:00:00.000,SIR
2549648,2026-06-28T00:00:00.000,Subway
42739,2026-06-29T00:00:00.000,AAR
1025746,2026-06-29T00:00:00.000,BT
1251596,2026-06-29T00:00:00.000,Bus
539242,2026-06-29T00:00:00.000,CBD Entries
471119,2026-06-29T00:00:00.000,CRZ Entries
283773,2026-06-29T00:00:00.000,LIRR
249141,2026-06-29T00:00:00.000,MNR
7287,2026-06-29T00:00:00.000,SIR
3745775,2026-06-29T00:00:00.000,Subway
47633,2026-06-30T00:00:00.000,AAR
962269,2026-06-30T00:00:00.000,BT
1290491,2026-06-30T00:00:00.000,Bus
545419,2026-06-30T00:00:00.000,CBD Entries
477514,2026-06-30T00:00:00.000,CRZ Entries
298430,2026-06-30T00:00:00.000,LIRR
266082,2026-06-30T00:00:00.000,MNR
7989,2026-06-30T00:00:00.000,SIR
3987718,2026-06-30T00:00:00.000,Subway
47767,2026-07-01T00:00:00.000,AAR
990599,2026-07-01T00:00:00.000,BT
1261008,2026-07-01T00:00:00.000,Bus
554046,2026-07-01T00:00:00.000,CBD Entries
486258,2026-07-01T00:00:00.000,CRZ Entries
257177,2026-07-01T00:00:00.000,LIRR
218659,2026-07-01T00:00:00.000,MNR
7524,2026-07-01T00:00:00.000,SIR
3909449,2026-07-01T00:00:00.000,Subway
44020,2026-07-02T00:00:00.000,AAR
985706,2026-07-02T00:00:00.000,BT
1161301,2026-07-02T00:00:00.000,Bus
545991,2026-07-02T00:00:00.000,CBD Entries
479513,2026-07-02T00:00:00.000,CRZ Entries
258869,2026-07-02T00:00:00.000,LIRR
201910,2026-07-02T00:00:00.000,MNR
6172,2026-07-02T00:00:00.000,SIR
3458650,2026-07-02T00:00:00.000,Subway
28205,2026-07-03T00:00:00.000,AAR
889646,2026-07-03T00:00:00.000,BT
835827,2026-07-03T00:00:00.000,Bus
471576,2026-07-03T00:00:00.000,CBD Entries
410144,2026-07-03T00:00:00.000,CRZ Entries
150445,2026-07-03T00:00:00.000,LIRR
113475,2026-07-03T00:00:00.000,MNR
3038,2026-07-03T00:00:00.000,SIR
2481295,2026-07-03T00:00:00.000,Subway
23983,2026-07-04T00:00:00.000,AAR
736747,2026-07-04T00:00:00.000,BT
647352,2026-07-04T00:00:00.000,Bus
359660,2026-07-04T00:00:00.000,CBD Entries
339880,2026-07-04T00:00:00.000,CRZ Entries
134722,2026-07-04T00:00:00.000,LIRR
107434,2026-07-04T00:00:00.000,MNR
2582,2026-07-04T00:00:00.000,SIR
2177193,2026-07-04T00:00:00.000,Subway
27588,2026-07-05T00:00:00.000,AAR
890983,2026-07-05T00:00:00.000,BT
632762,2026-07-05T00:00:00.000,Bus
461671,2026-07-05T00:00:00.000,CBD Entries
405034,2026-07-05T00:00:00.000,CRZ Entries
142128,2026-07-05T00:00:00.000,LIRR
121353,2026-07-05T00:00:00.000,MNR
2984,2026-07-05T00:00:00.000,SIR
1957166,2026-07-05T00:00:00.000,Subway
41267,2026-07-06T00:00:00.000,AAR
931104,2026-07-06T00:00:00.000,BT
1087830,2026-07-06T00:00:00.000,Bus
510188,2026-07-06T00:00:00.000,CBD Entries
446840,2026-07-06T00:00:00.000,CRZ Entries
236324,2026-07-06T00:00:00.000,LIRR
198102,2026-07-06T00:00:00.000,MNR
6676,2026-07-06T00:00:00.000,SIR
3320874,2026-07-06T00:00:00.000,Subway
47542,2026-07-07T00:00:00.000,AAR
916100,2026-07-07T00:00:00.000,BT
1289149,2026-07-07T00:00:00.000,Bus
540172,2026-07-07T00:00:00.000,CBD Entries
474453,2026-07-07T00:00:00.000,CRZ Entries
281907,2026-07-07T00:00:00.000,LIRR
237252,2026-07-07T00:00:00.000,MNR
8173,2026-07-07T00:00:00.000,SIR
4002280,2026-07-07T00:00:00.000,Subway
50246,2026-07-08T00:00:00.000,AAR
955478,2026-07-08T00:00:00.000,BT
1337812,2026-07-08T00:00:00.000,Bus
551370,2026-07-08T00:00:00.000,CBD Entries
488245,2026-07-08T00:00:00.000,CRZ Entries
296974,2026-07-08T00:00:00.000,LIRR
250032,2026-07-08T00:00:00.000,MNR
8100,2026-07-08T00:00:00.000,SIR
4185110,2026-07-08T00:00:00.000,Subway
48078,2026-07-09T00:00:00.000,AAR
974512,2026-07-09T00:00:00.000,BT
1265705,2026-07-09T00:00:00.000,Bus
567022,2026-07-09T00:00:00.000,CBD Entries
500163,2026-07-09T00:00:00.000,CRZ Entries
294310,2026-07-09T00:00:00.000,LIRR
243000,2026-07-09T00:00:00.000,MNR
7359,2026-07-09T00:00:00.000,SIR
4042730,2026-07-09T00:00:00.000,Subway
46412,2026-07-10T00:00:00.000,AAR
989212,2026-07-10T00:00:00.000,BT
1239400,2026-07-10T00:00:00.000,Bus
575250,2026-07-10T00:00:00.000,CBD Entries
505995,2026-07-10T00:00:00.000,CRZ Entries
283056,2026-07-10T00:00:00.000,LIRR
228928,2026-07-10T00:00:00.000,MNR
6400,2026-07-10T00:00:00.000,SIR
3775250,2026-07-10T00:00:00.000,Subway
31338,2026-07-11T00:00:00.000,AAR
935677,2026-07-11T00:00:00.000,BT
838093,2026-07-11T00:00:00.000,Bus
545888,2026-07-11T00:00:00.000,CBD Entries
483981,2026-07-11T00:00:00.000,CRZ Entries
168212,2026-07-11T00:00:00.000,LIRR
138398,2026-07-11T00:00:00.000,MNR
2553,2026-07-11T00:00:00.000,SIR
2706059,2026-07-11T00:00:00.000,Subway
31609,2026-07-12T00:00:00.000,AAR
970322,2026-07-12T00:00:00.000,BT
728292,2026-07-12T00:00:00.000,Bus
529374,2026-07-12T00:00:00.000,CBD Entries
459926,2026-07-12T00:00:00.000,CRZ Entries
152075,2026-07-12T00:00:00.000,LIRR
121389,2026-07-12T00:00:00.000,MNR
2249,2026-07-12T00:00:00.000,SIR
2291444,2026-07-12T00:00:00.000,Subway
43978,2026-07-13T00:00:00.000,AAR
1024046,2026-07-13T00:00:00.000,BT
1288541,2026-07-13T00:00:00.000,Bus
545088,2026-07-13T00:00:00.000,CBD Entries
474957,2026-07-13T00:00:00.000,CRZ Entries
272616,2026-07-13T00:00:00.000,LIRR
228661,2026-07-13T00:00:00.000,MNR
7045,2026-07-13T00:00:00.000,SIR
3772466,2026-07-13T00:00:00.000,Subway
48997,2026-07-14T00:00:00.000,AAR
952597,2026-07-14T00:00:00.000,BT
1342166,2026-07-14T00:00:00.000,Bus
555929,2026-07-14T00:00:00.000,CBD Entries
488718,2026-07-14T00:00:00.000,CRZ Entries
292089,2026-07-14T00:00:00.000,LIRR
250764,2026-07-14T00:00:00.000,MNR
7723,2026-07-14T00:00:00.000,SIR
4093194,2026-07-14T00:00:00.000,Subway
48893,2026-07-15T00:00:00.000,AAR
964980,2026-07-15T00:00:00.000,BT
1293893,2026-07-15T00:00:00.000,Bus
568436,2026-07-15T00:00:00.000,CBD Entries
502326,2026-07-15T00:00:00.000,CRZ Entries
292645,2026-07-15T00:00:00.000,LIRR
249947,2026-07-15T00:00:00.000,MNR
7472,2026-07-15T00:00:00.000,SIR
4068674,2026-07-15T00:00:00.000,Subway
47560,2026-07-16T00:00:00.000,AAR
985353,2026-07-16T00:00:00.000,BT
1293085,2026-07-16T00:00:00.000,Bus
586539,2026-07-16T00:00:00.000,CBD Entries
519126,2026-07-16T00:00:00.000,CRZ Entries
294452,2026-07-16T00:00:00.000,LIRR
248344,2026-07-16T00:00:00.000,MNR
7176,2026-07-16T00:00:00.000,SIR
4049737,2026-07-16T00:00:00.000,Subway
46480,2026-07-17T00:00:00.000,AAR
1004794,2026-07-17T00:00:00.000,BT
1234941,2026-07-17T00:00:00.000,Bus
570028,2026-07-17T00:00:00.000,CBD Entries
505973,2026-07-17T00:00:00.000,CRZ Entries
288091,2026-07-17T00:00:00.000,LIRR
242336,2026-07-17T00:00:00.000,MNR
6199,2026-07-17T00:00:00.000,SIR
3810472,2026-07-17T00:00:00.000,Subway
27774,2026-07-18T00:00:00.000,AAR
861537,2026-07-18T00:00:00.000,BT
690254,2026-07-18T00:00:00.000,Bus
520290,2026-07-18T00:00:00.000,CBD Entries
464405,2026-07-18T00:00:00.000,CRZ Entries
141586,2026-07-18T00:00:00.000,LIRR
117696,2026-07-18T00:00:00.000,MNR
2316,2026-07-18T00:00:00.000,SIR
2311444,2026-07-18T00:00:00.000,Subway
31016,2026-07-19T00:00:00.000,AAR
885097,2026-07-19T00:00:00.000,BT
708994,2026-07-19T00:00:00.000,Bus
511263,2026-07-19T00:00:00.000,CBD Entries
443587,2026-07-19T00:00:00.000,CRZ Entries
171137,2026-07-19T00:00:00.000,LIRR
143933,2026-07-19T00:00:00.000,MNR
2629,2026-07-19T00:00:00.000,SIR
2422430,2026-07-19T00:00:00.000,Subway
43644,2026-07-20T00:00:00.000,AAR
1047075,2026-07-20T00:00:00.000,BT
1288268,2026-07-20T00:00:00.000,Bus
550233,2026-07-20T00:00:00.000,CBD Entries
479637,2026-07-20T00:00:00.000,CRZ Entries
274617,2026-07-20T00:00:00.000,LIRR
241945,2026-07-20T00:00:00.000,MNR
7218,2026-07-20T00:00:00.000,SIR
3808408,2026-07-20T00:00:00.000,Subway
46776,2026-07-21T00:00:00.000,AAR
913056,2026-07-21T00:00:00.000,BT
1248139,2026-07-21T00:00:00.000,Bus
535312,2026-07-21T00:00:00.000,CBD Entries
473178,2026-07-21T00:00:00.000,CRZ Entries
276051,2026-07-21T00:00:00.000,LIRR
239219,2026-07-21T00:00:00.000,MNR
7626,2026-07-21T00:00:00.000,SIR
3959879,2026-07-21T00:00:00.000,Subway
49122,2026-07-22T00:00:00.000,AAR
938109,2026-07-22T00:00:00.000,BT
1366949,2026-07-22T00:00:00.000,Bus
566774,2026-07-22T00:00:00.000,CBD Entries
501404,2026-07-22T00:00:00.000,CRZ Entries
295494,2026-07-22T00:00:00.000,LIRR
268615,2026-07-22T00:00:00.000,MNR
7903,2026-07-22T00:00:00.000,SIR
4269739,2026-07-22T00:00:00.000,Subway
48039,2026-07-23T00:00:00.000,AAR
975851,2026-07-23T00:00:00.000,BT
1330665,2026-07-23T00:00:00.000,Bus
572204,2026-07-23T00:00:00.000,CBD Entries
506785,2026-07-23T00:00:00.000,CRZ Entries
308345,2026-07-23T00:00:00.000,LIRR
257452,2026-07-23T00:00:00.000,MNR
7599,2026-07-23T00:00:00.000,SIR
4157818,2026-07-23T00:00:00.000,Subway
46835,2026-07-24T00:00:00.000,AAR
1018549,2026-07-24T00:00:00.000,BT
1269797,2026-07-24T00:00:00.000,Bus
570134,2026-07-24T00:00:00.000,CBD Entries
501679,2026-07-24T00:00:00.000,CRZ Entries
291462,2026-07-24T00:00:00.000,LIRR
239547,2026-07-24T00:00:00.000,MNR
6277,2026-07-24T00:00:00.000,SIR
3842835,2026-07-24T00:00:00.000,Subway
32376,2026-07-25T00:00:00.000,AAR
965669,2026-07-25T00:00:00.000,BT
880606,2026-07-25T00:00:00.000,Bus
547794,2026-07-25T00:00:00.000,CBD Entries
484498,2026-07-25T00:00:00.000,CRZ Entries
156523,2026-07-25T00:00:00.000,LIRR
146262,2026-07-25T00:00:00.000,MNR
3615,2026-07-25T00:00:00.000,SIR
2909191,2026-07-25T00:00:00.000,Subway
31152,2026-07-26T00:00:00.000,AAR
985425,2026-07-26T00:00:00.000,BT
707062,2026-07-26T00:00:00.000,Bus
519702,2026-07-26T00:00:00.000,CBD Entries
457571,2026-07-26T00:00:00.000,CRZ Entries
142256,2026-07-26T00:00:00.000,LIRR
128651,2026-07-26T00:00:00.000,MNR
2745,2026-07-26T00:00:00.000,SIR
2363599,2026-07-26T00:00:00.000,Subway
42912,2026-07-27T00:00:00.000,AAR
1024756,2026-07-27T00:00:00.000,BT
1271561,2026-07-27T00:00:00.000,Bus
535258,2026-07-27T00:00:00.000,CBD Entries
466209,2026-07-27T00:00:00.000,CRZ Entries
274132,2026-07-27T00:00:00.000,LIRR
231226,2026-07-27T00:00:00.000,MNR
7194,2026-07-27T00:00:00.000,SIR
3774943,2026-07-27T00:00:00.000,Subway
46203,2026-07-28T00:00:00.000,AAR
928394,2026-07-28T00:00:00.000,BT
1264217,2026-07-28T00:00:00.000,Bus
539870,2026-07-28T00:00:00.000,CBD Entries
476232,2026-07-28T00:00:00.000,CRZ Entries
281389,2026-07-28T00:00:00.000,LIRR
244423,2026-07-28T00:00:00.000,MNR
7152,2026-07-28T00:00:00.000,SIR
3938329,2026-07-28T00:00:00.000,Subway
47913,2026-07-29T00:00:00.000,AAR
933332,2026-07-29T00:00:00.000,BT
1313254,2026-07-29T00:00:00.000,Bus
563772,2026-07-29T00:00:00.000,CBD Entries
496548,2026-07-29T00:00:00.000,CRZ Entries
297471,2026-07-29T00:00:00.000,LIRR
255792,2026-07-29T00:00:00.000,MNR
7824,2026-07-29T00:00:00.000,SIR
4161938,2026-07-29T00:00:00.000,Subway
48152,2026-07-30T00:00:00.000,AAR
977971,2026-07-30T00:00:00.000,BT
1302924,2026-07-30T00:00:00.000,Bus
576026,2026-07-30T00:00:00.000,CBD Entries
511563,2026-07-30T00:00:00.000,CRZ Entries
302729,2026-07-30T00:00:00.000,LIRR
254015,2026-07-30T00:00:00.000,MNR
7335,2026-07-30T00:00:00.000,SIR
4148768,2026-07-30T00:00:00.000,Subway
47708,2026-07-31T00:00:00.000,AAR
1028160,2026-07-31T00:00:00.000,BT
1276200,2026-07-31T00:00:00.000,Bus
573765,2026-07-31T00:00:00.000,CBD Entries
504484,2026-07-31T00:00:00.000,CRZ Entries
294625,2026-07-31T00:00:00.000,LIRR
241529,2026-07-31T00:00:00.000,MNR
6244,2026-07-31T00:00:00.000,SIR
3862605,2026-07-31T00:00:00.000,Subway
31614,2026-08-01T00:00:00.000,AAR
959530,2026-08-01T00:00:00.000,BT
853513,2026-08-01T00:00:00.000,Bus
528137,2026-08-01T00:00:00.000,CBD Entries
474180,2026-08-01T00:00:00.000,CRZ Entries
162069,2026-08-01T00:00:00.000,LIRR
132095,2026-08-01T00:00:00.000,MNR
3588,2026-08-01T00:00:00.000,SIR
2868502,2026-08-01T00:00:00.000,Subway
31869,2026-08-02T00:00:00.000,AAR
948061,2026-08-02T00:00:00.000,BT
697907,2026-08-02T00:00:00.000,Bus
507405,2026-08-02T00:00:00.000,CBD Entries
450541,2026-08-02T00:00:00.000,CRZ Entries
136558,2026-08-02T00:00:00.000,LIRR
105884,2026-08-02T00:00:00.000,MNR
2481,2026-08-02T00:00:00.000,SIR
2244243,2026-08-02T00:00:00.000,Subway
42943,2026-08-03T00:00:00.000,AAR
940796,2026-08-03T00:00:00.000,BT
1118959,2026-08-03T00:00:00.000,Bus
511293,2026-08-03T00:00:00.000,CBD Entries
449860,2026-08-03T00:00:00.000,CRZ Entries
225023,2026-08-03T00:00:00.000,LIRR
189267,2026-08-03T00:00:00.000,MNR
6006,2026-08-03T00:00:00.000,SIR
3478766,2026-08-03T00:00:00.000,Subway
50558,2026-08-04T00:00:00.000,AAR
945742,2026-08-04T00:00:00.000,BT
1337684,2026-08-04T00:00:00.000,Bus
543010,2026-08-04T00:00:00.000,CBD Entries
479128,2026-08-04T00:00:00.000,CRZ Entries
280298,2026-08-04T00:00:00.000,LIRR
244115,2026-08-04T00:00:00.000,MNR
7686,2026-08-04T00:00:00.000,SIR
4128156,2026-08-04T00:00:00.000,Subway
50772,2026-08-05T00:00:00.000,AAR
968254,2026-08-05T00:00:00.000,BT
1316784,2026-08-05T00:00:00.000,Bus
552812,2026-08-05T00:00:00.000,CBD Entries
487825,2026-08-05T00:00:00.000,CRZ Entries
289978,2026-08-05T00:00:00.000,LIRR
246272,2026-08-05T00:00:00.000,MNR
7554,2026-08-05T00:00:00.000,SIR
4120008,2026-08-05T00:00:00.000,Subway
48678,2026-08-06T00:00:00.000,AAR
976081,2026-08-06T00:00:00.000,BT
1324724,2026-08-06T00:00:00.000,Bus
571427,2026-08-06T00:00:00.000,CBD Entries
504432,2026-08-06T00:00:00.000,CRZ Entries
284418,2026-08-06T00:00:00.000,LIRR
235750,2026-08-06T00:00:00.000,MNR
7147,2026-08-06T00:00:00.000,SIR
4051371,2026-08-06T00:00:00.000,Subway
46808,2026-08-07T00:00:00.000,AAR
988799,2026-08-07T00:00:00.000,BT
1197066,2026-08-07T00:00:00.000,Bus
557030,2026-08-07T00:00:00.000,CBD Entries
491385,2026-08-07T00:00:00.000,CRZ Entries
269316,2026-08-07T00:00:00.000,LIRR
217413,2026-08-07T00:00:00.000,MNR
6119,2026-08-07T00:00:00.000,SIR
3593217,2026-08-07T00:00:00.000,Subway
31599,2026-08-08T00:00:00.000,AAR
925979,2026-08-08T00:00:00.000,BT
843324,2026-08-08T00:00:00.000,Bus
523968,2026-08-08T00:00:00.000,CBD Entries
469342,2026-08-08T00:00:00.000,CRZ Entries
161480,2026-08-08T00:00:00.000,LIRR
138373,2026-08-08T00:00:00.000,MNR
2530,2026-08-08T00:00:00.000,SIR
2748386,2026-08-08T00:00:00.000,Subway
31394,2026-08-09T00:00:00.000,AAR
946180,2026-08-09T00:00:00.000,BT
707687,2026-08-09T00:00:00.000,Bus
504242,2026-08-09T00:00:00.000,CBD Entries
440636,2026-08-09T00:00:00.000,CRZ Entries
159674,2026-08-09T00:00:00.000,LIRR
126269,2026-08-09T00:00:00.000,MNR
2077,2026-08-09T00:00:00.000,SIR
2246882,2026-08-09T00:00:00.000,Subway
43746,2026-08-10T00:00:00.000,AAR
1023690,2026-08-10T00:00:00.000,BT
1233755,2026-08-10T00:00:00.000,Bus
521524,2026-08-10T00:00:00.000,CBD Entries
453054,2026-08-10T00:00:00.000,CRZ Entries
260435,2026-08-10T00:00:00.000,LIRR
212148,2026-08-10T00:00:00.000,MNR
6679,2026-08-10T00:00:00.000,SIR
3545856,2026-08-10T00:00:00.000,Subway
48713,2026-08-11T00:00:00.000,AAR
932722,2026-08-11T00:00:00.000,BT
1308049,2026-08-11T00:00:00.000,Bus
536739,2026-08-11T00:00:00.000,CBD Entries
470580,2026-08-11T00:00:00.000,CRZ Entries
277812,2026-08-11T00:00:00.000,LIRR
241631,2026-08-11T00:00:00.000,MNR
7478,2026-08-11T00:00:00.000,SIR
3934167,2026-08-11T00:00:00.000,Subway
50164,2026-08-12T00:00:00.000,AAR
954463,2026-08-12T00:00:00.000,BT
1330599,2026-08-12T00:00:00.000,Bus
551637,2026-08-12T00:00:00.000,CBD Entries
485125,2026-08-12T00:00:00.000,CRZ Entries
290800,2026-08-12T00:00:00.000,LIRR
246279,2026-08-12T00:00:00.000,MNR
7651,2026-08-12T00:00:00.000,SIR
4026621,2026-08-12T00:00:00.000,Subway
48678,2026-08-13T00:00:00.000,AAR
981750,2026-08-13T00:00:00.000,BT
1297618,2026-08-13T00:00:00.000,Bus
566514,2026-08-13T00:00:00.000,CBD Entries
497392,2026-08-13T00:00:00.000,CRZ Entries
287374,2026-08-13T00:00:00.000,LIRR
240475,2026-08-13T00:00:00.000,MNR
7351,2026-08-13T00:00:00.000,SIR
3957648,2026-08-13T00:00:00.000,Subway
47085,2026-08-14T00:00:00.000,AAR
996915,2026-08-14T00:00:00.000,BT
1248181,2026-08-14T00:00:00.000,Bus
561631,2026-08-14T00:00:00.000,CBD Entries
493012,2026-08-14T00:00:00.000,CRZ Entries
280609,2026-08-14T00:00:00.000,LIRR
220834,2026-08-14T00:00:00.000,MNR
6131,2026-08-14T00:00:00.000,SIR
3644780,2026-08-14T00:00:00.000,Subway
33164,2026-08-15T00:00:00.000,AAR
949877,2026-08-15T00:00:00.000,BT
867942,2026-08-15T00:00:00.000,Bus
518809,2026-08-15T00:00:00.000,CBD Entries
463374,2026-08-15T00:00:00.000,CRZ Entries
170355,2026-08-15T00:00:00.000,LIRR
135768,2026-08-15T00:00:00.000,MNR
3253,2026-08-15T00:00:00.000,SIR
2733697,2026-08-15T00:00:00.000,Subway
30987,2026-08-16T00:00:00.000,AAR
957110,2026-08-16T00:00:00.000,BT
670430,2026-08-16T00:00:00.000,Bus
494312,2026-08-16T00:00:00.000,CBD Entries
428607,2026-08-16T00:00:00.000,CRZ Entries
133470,2026-08-16T00:00:00.000,LIRR
108953,2026-08-16T00:00:00.000,MNR
2323,2026-08-16T00:00:00.000,SIR
2074127,2026-08-16T00:00:00.000,Subway
42108,2026-08-17T00:00:00.000,AAR
968094,2026-08-17T00:00:00.000,BT
1189080,2026-08-17T00:00:00.000,Bus
514780,2026-08-17T00:00:00.000,CBD Entries
447913,2026-08-17T00:00:00.000,CRZ Entries
255802,2026-08-17T00:00:00.000,LIRR
206249,2026-08-17T00:00:00.000,MNR
6471,2026-08-17T00:00:00.000,SIR
3451785,2026-08-17T00:00:00.000,Subway
47237,2026-08-18T00:00:00.000,AAR
933628,2026-08-18T00:00:00.000,BT
1272030,2026-08-18T00:00:00.000,Bus
532879,2026-08-18T00:00:00.000,CBD Entries
465951,2026-08-18T00:00:00.000,CRZ Entries
278113,2026-08-18T00:00:00.000,LIRR
230336,2026-08-18T00:00:00.000,MNR
7276,2026-08-18T00:00:00.000,SIR
3829685,2026-08-18T00:00:00.000,Subway
49535,2026-08-19T00:00:00.000,AAR
969328,2026-08-19T00:00:00.000,BT
1298278,2026-08-19T00:00:00.000,Bus
546240,2026-08-19T00:00:00.000,CBD Entries
476530,2026-08-19T00:00:00.000,CRZ Entries
282448,2026-08-19T00:00:00.000,LIRR
232931,2026-08-19T00:00:00.000,MNR
7324,2026-08-19T00:00:00.000,SIR
3886807,2026-08-19T00:00:00.000,Subway
46434,2026-08-20T00:00:00.000,AAR
957016,2026-08-20T00:00:00.000,BT
1174844,2026-08-20T00:00:00.000,Bus
547946,2026-08-20T00:00:00.000,CBD Entries
482747,2026-08-20T00:00:00.000,CRZ Entries
275523,2026-08-20T00:00:00.000,LIRR
223555,2026-08-20T00:00:00.000,MNR
7076,2026-08-20T00:00:00.000,SIR
3738514,2026-08-20T00:00:00.000,Subway
46000,2026-08-21T00:00:00.000,AAR
978792,2026-08-21T00:00:00.000,BT
1206557,2026-08-21T00:00:00.000,Bus
549612,2026-08-21T00:00:00.000,CBD Entries
481342,2026-08-21T00:00:00.000,CRZ Entries
283047,2026-08-21T00:00:00.000,LIRR
229147,2026-08-21T00:00:00.000,MNR
6139,2026-08-21T00:00:00.000,SIR
3606510,2026-08-21T00:00:00.000,Subway
29520,2026-08-22T00:00:00.000,AAR
933987,2026-08-22T00:00:00.000,BT
832964,2026-08-22T00:00:00.000,Bus
531557,2026-08-22T00:00:00.000,CBD Entries
467789,2026-08-22T00:00:00.000,CRZ Entries
159692,2026-08-22T00:00:00.000,LIRR
137823,2026-08-22T00:00:00.000,MNR
2992,2026-08-22T00:00:00.000,SIR
2643427,2026-08-22T00:00:00.000,Subway
29800,2026-08-23T00:00:00.000,AAR
921182,2026-08-23T00:00:00.000,BT
672656,2026-08-23T00:00:00.000,Bus
498665,2026-08-23T00:00:00.000,CBD Entries
431975,2026-08-23T00:00:00.000,CRZ Entries
141672,2026-08-23T00:00:00.000,LIRR
113125,2026-08-23T00:00:00.000,MNR
2387,2026-08-23T00:00:00.000,SIR
2133137,2026-08-23T00:00:00.000,Subway
42100,2026-08-24T00:00:00.000,AAR
984743,2026-08-24T00:00:00.000,BT
1199395,2026-08-24T00:00:00.000,Bus
510944,2026-08-24T00:00:00.000,CBD Entries
440972,2026-08-24T00:00:00.000,CRZ Entries
259552,2026-08-24T00:00:00.000,LIRR
207016,2026-08-24T00:00:00.000,MNR
6362,2026-08-24T00:00:00.000,SIR
3416175,2026-08-24T00:00:00.000,Subway
47302,2026-08-25T00:00:00.000,AAR
933765,2026-08-25T00:00:00.000,BT
1265611,2026-08-25T00:00:00.000,Bus
531645,2026-08-25T00:00:00.000,CBD Entries
463836,2026-08-25T00:00:00.000,CRZ Entries
300126,2026-08-25T00:00:00.000,LIRR
236351,2026-08-25T00:00:00.000,MNR
7153,2026-08-25T00:00:00.000,SIR
3822238,2026-08-25T00:00:00.000,Subway
48751,2026-08-26T00:00:00.000,AAR
966140,2026-08-26T00:00:00.000,BT
1282709,2026-08-26T00:00:00.000,Bus
545319,2026-08-26T00:00:00.000,CBD Entries
475696,2026-08-26T00:00:00.000,CRZ Entries
299842,2026-08-26T00:00:00.000,LIRR
235075,2026-08-26T00:00:00.000,MNR
7211,2026-08-26T00:00:00.000,SIR
3878283,2026-08-26T00:00:00.000,Subway
46012,2026-08-27T00:00:00.000,AAR
957579,2026-08-27T00:00:00.000,BT
1147542,2026-08-27T00:00:00.000,Bus
547433,2026-08-27T00:00:00.000,CBD Entries
479619,2026-08-27T00:00:00.000,CRZ Entries
289548,2026-08-27T00:00:00.000,LIRR
220815,2026-08-27T00:00:00.000,MNR
6329,2026-08-27T00:00:00.000,SIR
3651247,2026-08-27T00:00:00.000,Subway
45261,2026-08-28T00:00:00.000,AAR
982849,2026-08-28T00:00:00.000,BT
1224137,2026-08-28T00:00:00.000,Bus
559523,2026-08-28T00:00:00.000,CBD Entries
491637,2026-08-28T00:00:00.000,CRZ Entries
291202,2026-08-28T00:00:00.000,LIRR
223097,2026-08-28T00:00:00.000,MNR
5865,2026-08-28T00:00:00.000,SIR
3660119,2026-08-28T00:00:00.000,Subway
32690,2026-08-29T00:00:00.000,AAR
937687,2026-08-29T00:00:00.000,BT
863107,2026-08-29T00:00:00.000,Bus
529047,2026-08-29T00:00:00.000,CBD Entries
471338,2026-08-29T00:00:00.000,CRZ Entries
186151,2026-08-29T00:00:00.000,LIRR
152101,2026-08-29T00:00:00.000,MNR
2893,2026-08-29T00:00:00.000,SIR
2837743,2026-08-29T00:00:00.000,Subway
31171,2026-08-30T00:00:00.000,AAR
947066,2026-08-30T00:00:00.000,BT
679077,2026-08-30T00:00:00.000,Bus
504326,2026-08-30T00:00:00.000,CBD Entries
441722,2026-08-30T00:00:00.000,CRZ Entries
160278,2026-08-30T00:00:00.000,LIRR
114838,2026-08-30T00:00:00.000,MNR
2114,2026-08-30T00:00:00.000,SIR
2152342,2026-08-30T00:00:00.000,Subway
42361,2026-08-31T00:00:00.000,AAR
990764,2026-08-31T00:00:00.000,BT
1250490,2026-08-31T00:00:00.000,Bus
526391,2026-08-31T00:00:00.000,CBD Entries
456710,2026-08-31T00:00:00.000,CRZ Entries
288083,2026-08-31T00:00:00.000,LIRR
215946,2026-08-31T00:00:00.000,MNR
6554,2026-08-31T00:00:00.000,SIR
3557959,2026-08-31T00:00:00.000,Subway
47670,2026-09-01T00:00:00.000,AAR
925020,2026-09-01T00:00:00.000,BT
1214693,2026-09-01T00:00:00.000,Bus
529714,2026-09-01T00:00:00.000,CBD Entries
463908,2026-09-01T00:00:00.000,CRZ Entries
269815,2026-09-01T00:00:00.000,LIRR
209918,2026-09-01T00:00:00.000,MNR
7076,2026-09-01T00:00:00.000,SIR
3806347,2026-09-01T00:00:00.000,Subway
48880,2026-09-02T00:00:00.000,AAR
927735,2026-09-02T00:00:00.000,BT
1267665,2026-09-02T00:00:00.000,Bus
546277,2026-09-02T00:00:00.000,CBD Entries
480019,2026-09-02T00:00:00.000,CRZ Entries
294332,2026-09-02T00:00:00.000,LIRR
225358,2026-09-02T00:00:00.000,MNR
7266,2026-09-02T00:00:00.000,SIR
3913784,2026-09-02T00:00:00.000,Subway
48645,2026-09-03T00:00:00.000,AAR
970036,2026-09-03T00:00:00.000,BT
1296731,2026-09-03T00:00:00.000,Bus
566578,2026-09-03T00:00:00.000,CBD Entries
495721,2026-09-03T00:00:00.000,CRZ Entries
304077,2026-09-03T00:00:00.000,LIRR
227788,2026-09-03T00:00:00.000,MNR
6981,2026-09-03T00:00:00.000,SIR
3883954,2026-09-03T00:00:00.000,Subway
47127,2026-09-04T00:00:00.000,AAR
1012671,2026-09-04T00:00:00.000,BT
1232737,2026-09-04T00:00:00.000,Bus
562922,2026-09-04T00:00:00.000,CBD Entries
495498,2026-09-04T00:00:00.000,CRZ Entries
307347,2026-09-04T00:00:00.000,LIRR
225265,2026-09-04T00:00:00.000,MNR
5842,2026-09-04T00:00:00.000,SIR
3622741,2026-09-04T00:00:00.000,Subway
31909,2026-09-05T00:00:00.000,AAR
936890,2026-09-05T00:00:00.000,BT
843724,2026-09-05T00:00:00.000,Bus
519280,2026-09-05T00:00:00.000,CBD Entries
455582,2026-09-05T00:00:00.000,CRZ Entries
186397,2026-09-05T00:00:00.000,LIRR
132467,2026-09-05T00:00:00.000,MNR
2590,2026-09-05T00:00:00.000,SIR
2681595,2026-09-05T00:00:00.000,Subway
34181,2026-09-06T00:00:00.000,AAR
921551,2026-09-06T00:00:00.000,BT
691698,2026-09-06T00:00:00.000,Bus
504032,2026-09-06T00:00:00.000,CBD Entries
436455,2026-09-06T00:00:00.000,CRZ Entries
166911,2026-09-06T00:00:00.000,LIRR
119640,2026-09-06T00:00:00.000,MNR
2047,2026-09-06T00:00:00.000,SIR
2331635,2026-09-06T00:00:00.000,Subway
21329,2026-09-07T00:00:00.000,AAR
886910,2026-09-07T00:00:00.000,BT
716242,2026-09-07T00:00:00.000,Bus
462852,2026-09-07T00:00:00.000,CBD Entries
399023,2026-09-07T00:00:00.000,CRZ Entries
160020,2026-09-07T00:00:00.000,LIRR
113241,2026-09-07T00:00:00.000,MNR
2545,2026-09-07T00:00:00.000,SIR
2209536,2026-09-07T00:00:00.000,Subway
49652,2026-09-08T00:00:00.000,AAR
1009688,2026-09-08T00:00:00.000,BT
1368760,2026-09-08T00:00:00.000,Bus
563481,2026-09-08T00:00:00.000,CBD Entries
494425,2026-09-08T00:00:00.000,CRZ Entries
309497,2026-09-08T00:00:00.000,LIRR
251112,2026-09-08T00:00:00.000,MNR
7872,2026-09-08T00:00:00.000,SIR
4032930,2026-09-08T00:00:00.000,Subway
52911,2026-09-09T00:00:00.000,AAR
977541,2026-09-09T00:00:00.000,BT
1427638,2026-09-09T00:00:00.000,Bus
576693,2026-09-09T00:00:00.000,CBD Entries
510217,2026-09-09T00:00:00.000,CRZ Entries
321497,2026-09-09T00:00:00.000,LIRR
261212,2026-09-09T00:00:00.000,MNR
8095,2026-09-09T00:00:00.000,SIR
4306459,2026-09-09T00:00:00.000,Subway
51575,2026-09-10T00:00:00.000,AAR
985336,2026-09-10T00:00:00.000,BT
1468107,2026-09-10T00:00:00.000,Bus
581570,2026-09-10T00:00:00.000,CBD Entries
518795,2026-09-10T00:00:00.000,CRZ Entries
316119,2026-09-10T00:00:00.000,LIRR
262823,2026-09-10T00:00:00.000,MNR
8166,2026-09-10T00:00:00.000,SIR
4521098,2026-09-10T00:00:00.000,Subway
49099,2026-09-11T00:00:00.000,AAR
977705,2026-09-11T00:00:00.000,BT
1387644,2026-09-11T00:00:00.000,Bus
562992,2026-09-11T00:00:00.000,CBD Entries
504541,2026-09-11T00:00:00.000,CRZ Entries
307706,2026-09-11T00:00:00.000,LIRR
247420,2026-09-11T00:00:00.000,MNR
8031,2026-09-11T00:00:00.000,SIR
4190441,2026-09-11T00:00:00.000,Subway
33393,2026-09-12T00:00:00.000,AAR
972762,2026-09-12T00:00:00.000,BT
924660,2026-09-12T00:00:00.000,Bus
572242,2026-09-12T00:00:00.000,CBD Entries
508540,2026-09-12T00:00:00.000,CRZ Entries
166628,2026-09-12T00:00:00.000,LIRR
146786,2026-09-12T00:00:00.000,MNR
3067,2026-09-12T00:00:00.000,SIR
2890823,2026-09-12T00:00:00.000,Subway
31626,2026-09-13T00:00:00.000,AAR
868541,2026-09-13T00:00:00.000,BT
640033,2026-09-13T00:00:00.000,Bus
515649,2026-09-13T00:00:00.000,CBD Entries
456528,2026-09-13T00:00:00.000,CRZ Entries
123421,2026-09-13T00:00:00.000,LIRR
103742,2026-09-13T00:00:00.000,MNR
2007,2026-09-13T00:00:00.000,SIR
2058211,2026-09-13T00:00:00.000,Subway
46567,2026-09-14T00:00:00.000,AAR
989479,2026-09-14T00:00:00.000,BT
1471196,2026-09-14T00:00:00.000,Bus
547545,2026-09-14T00:00:00.000,CBD Entries
483336,2026-09-14T00:00:00.000,CRZ Entries
284551,2026-09-14T00:00:00.000,LIRR
233435,2026-09-14T00:00:00.000,MNR
7742,2026-09-14T00:00:00.000,SIR
4124388,2026-09-14T00:00:00.000,Subway
51564,2026-09-15T00:00:00.000,AAR
950226,2026-09-15T00:00:00.000,BT
1530305,2026-09-15T00:00:00.000,Bus
561183,2026-09-15T00:00:00.000,CBD Entries
495475,2026-09-15T00:00:00.000,CRZ Entries
301981,2026-09-15T00:00:00.000,LIRR
256823,2026-09-15T00:00:00.000,MNR
8705,2026-09-15T00:00:00.000,SIR
4492048,2026-09-15T00:00:00.000,Subway
52848,2026-09-16T00:00:00.000,AAR
964785,2026-09-16T00:00:00.000,BT
1530220,2026-09-16T00:00:00.000,Bus
575883,2026-09-16T00:00:00.000,CBD Entries
510049,2026-09-16T00:00:00.000,CRZ Entries
305548,2026-09-16T00:00:00.000,LIRR
257384,2026-09-16T00:00:00.000,MNR
8647,2026-09-16T00:00:00.000,SIR
4528407,2026-09-16T00:00:00.000,Subway
51790,2026-09-17T00:00:00.000,AAR
991477,2026-09-17T00:00:00.000,BT
1527311,2026-09-17T00:00:00.000,Bus
589685,2026-09-17T00:00:00.000,CBD Entries
524080,2026-09-17T00:00:00.000,CRZ Entries
313539,2026-09-17T00:00:00.000,LIRR
255976,2026-09-17T00:00:00.000,MNR
8468,2026-09-17T00:00:00.000,SIR
4540122,2026-09-17T00:00:00.000,Subway
50077,2026-09-18T00:00:00.000,AAR
1018817,2026-09-18T00:00:00.000,BT
1452757,2026-09-18T00:00:00.000,Bus
592005,2026-09-18T00:00:00.000,CBD Entries
528215,2026-09-18T00:00:00.000,CRZ Entries
306897,2026-09-18T00:00:00.000,LIRR
244550,2026-09-18T00:00:00.000,MNR
7329,2026-09-18T00:00:00.000,SIR
4256810,2026-09-18T00:00:00.000,Subway
33665,2026-09-19T00:00:00.000,AAR
991564,2026-09-19T00:00:00.000,BT
932335,2026-09-19T00:00:00.000,Bus
580050,2026-09-19T00:00:00.000,CBD Entries
515953,2026-09-19T00:00:00.000,CRZ Entries
171751,2026-09-19T00:00:00.000,LIRR
148442,2026-09-19T00:00:00.000,MNR
3920,2026-09-19T00:00:00.000,SIR
3080340,2026-09-19T00:00:00.000,Subway
29419,2026-09-20T00:00:00.000,AAR
897035,2026-09-20T00:00:00.000,BT
629948,2026-09-20T00:00:00.000,Bus
488147,2026-09-20T00:00:00.000,CBD Entries
432576,2026-09-20T00:00:00.000,CRZ Entries
117568,2026-09-20T00:00:00.000,LIRR
101227,2026-09-20T00:00:00.000,MNR
2274,2026-09-20T00:00:00.000,SIR
2080013,2026-09-20T00:00:00.000,Subway
40375,2026-09-21T00:00:00.000,AAR
883638,2026-09-21T00:00:00.000,BT
1200846,2026-09-21T00:00:00.000,Bus
,2026-09-21T00:00:00.000,CBD Entries
,2026-09-21T00:00:00.000,CRZ Entries
266023,2026-09-21T00:00:00.000,LIRR
233624,2026-09-21T00:00:00.000,MNR
6741,2026-09-21T00:00:00.000,SIR
3544622,2026-09-21T00:00:00.000,Subway
49941,2026-09-22T00:00:00.000,AAR
949288,2026-09-22T00:00:00.000,BT
1449372,2026-09-22T00:00:00.000,Bus
303836,2026-09-22T00:00:00.000,LIRR
272237,2026-09-22T00:00:00.000,MNR
8933,2026-09-22T00:00:00.000,SIR
4626608,2026-09-22T00:00:00.000,Subway
51700,2026-09-23T00:00:00.000,AAR
945508,2026-09-23T00:00:00.000,BT
1491507,2026-09-23T00:00:00.000,Bus
303551,2026-09-23T00:00:00.000,LIRR
269895,2026-09-23T00:00:00.000,MNR
8892,2026-09-23T00:00:00.000,SIR
4687810,2026-09-23T00:00:00.000,Subway
50337,2026-09-24T00:00:00.000,AAR
981375,2026-09-24T00:00:00.000,BT
1480100,2026-09-24T00:00:00.000,Bus
307024,2026-09-24T00:00:00.000,LIRR
266983,2026-09-24T00:00:00.000,MNR
8781,2026-09-24T00:00:00.000,SIR
4683733,2026-09-24T00:00:00.000,Subway
